k,ell,group,variation,parameter_index,baseline_value,delta,Pell_baseline_AB,Pell_varied_AB,delta_Pell_AB,k_delta_Pell_AB
0.01,0,eft,alpha0_ab,0,0.40000000000000002,1,37523.630499326566,37525.114073625664,1.4835742990981089,0.01483574299098109
0.01201388888888889,0,eft,alpha0_ab,0,0.40000000000000002,1,39965.052992701596,39967.335622511935,2.2826298103391309,0.027423260915879839
0.014027777777777778,0,eft,alpha0_ab,0,0.40000000000000002,1,41372.126022042401,41375.350681960183,3.2246599177815369,0.04523481273554656
0.016041666666666666,0,eft,alpha0_ab,0,0.40000000000000002,1,41936.090163900888,41940.369027988127,4.2788640872386168,0.068640111399452808
0.018055555555555554,0,eft,alpha0_ab,0,0.40000000000000002,1,41820.331620354191,41825.743299132635,5.411678778444184,0.09771086683301998
0.020069444444444445,0,eft,alpha0_ab,0,0.40000000000000002,1,41168.025524457466,41174.615409459977,6.5898850025114371,0.13225533095318093
0.022083333333333333,0,eft,alpha0_ab,0,0.40000000000000002,1,40103.665521216128,40111.448254450086,7.7827332339584245,0.17186869224991522
0.024097222222222221,0,eft,alpha0_ab,0,0.40000000000000002,1,38741.103005943245,38750.067942997492,8.9649370542465476,0.21603008040441332
0.026111111111111113,0,eft,alpha0_ab,0,0.40000000000000002,1,37178.341918562975,37188.459024671167,10.117106108191365,0.26416888171388564
0.028124999999999997,0,eft,alpha0_ab,0,0.40000000000000002,1,35494.578670905452,35505.803666179607,11.224995274154935,0.31570299208560754
0.030138888888888889,0,eft,alpha0_ab,0,0.40000000000000002,1,33766.873872940683,33779.158206124892,12.284333184208663,0.37023615291295553
0.03215277777777778,0,eft,alpha0_ab,0,0.40000000000000002,1,32054.434820951014,32067.731164059762,13.29634310874826,0.42751436523266978
0.034166666666666665,0,eft,alpha0_ab,0,0.40000000000000002,1,30394.532102968096,30408.79559186018,14.263488892083842,0.48733587047953125
0.036180555555555556,0,eft,alpha0_ab,0,0.40000000000000002,1,28819.622802855592,28834.817033734082,15.194230878489179,0.54973571442311542
0.038194444444444448,0,eft,alpha0_ab,0,0.40000000000000002,1,27358.020589491964,27374.123899552709,16.103310060745571,0.61505698148681009
0.040208333333333332,0,eft,alpha0_ab,0,0.40000000000000002,1,26023.359984122879,26040.364594188832,17.004610065952875,0.68372702973518851
0.042222222222222223,0,eft,alpha0_ab,0,0.40000000000000002,1,24818.891885469166,24836.802154416997,17.910268947831355,0.75621135557510166
0.044236111111111115,0,eft,alpha0_ab,0,0.40000000000000002,1,23742.001563981416,23760.832675215541,18.831111234125274,0.83301512889845841
0.046249999999999999,0,eft,alpha0_ab,0,0.40000000000000002,1,22786.603388547002,22806.380142755464,19.77675420846208,0.91467488214137116
0.048263888888888891,0,eft,alpha0_ab,0,0.40000000000000002,1,21945.215138483531,21965.971436523301,20.756298039770627,1.0017796623361519
0.050277777777777775,0,eft,alpha0_ab,0,0.40000000000000002,1,21207.279046306059,21229.054886332055,21.775840025995421,1.0948408457514365
0.052291666666666667,0,eft,alpha0_ab,0,0.40000000000000002,1,20557.516333807242,20580.351344301187,22.835010493945447,1.1940807570792307
0.054305555555555558,0,eft,alpha0_ab,0,0.40000000000000002,1,19981.614511473068,20005.546154325395,23.931642852327059,1.2996211604527612
0.056319444444444443,0,eft,alpha0_ab,0,0.40000000000000002,1,19464.634896756281,19489.694486889195,25.059590132914309,1.4113421942912157
0.058333333333333334,0,eft,alpha0_ab,0,0.40000000000000002,1,18991.691511088102,19017.900468630975,26.208957542872668,1.5288558566675723
0.060347222222222226,0,eft,alpha0_ab,0,0.40000000000000002,1,18549.256631069773,18576.624285941718,27.367654871944978,1.6515619502583463
0.06236111111111111,0,eft,alpha0_ab,0,0.40000000000000002,1,18125.081149470621,18153.602537432933,28.521387962311564,1.7786254437608184
0.064375000000000002,0,eft,alpha0_ab,0,0.40000000000000002,1,17708.408831647514,17738.063129930721,29.654298283207027,1.9089954519814525
0.066388888888888886,0,eft,alpha0_ab,0,0.40000000000000002,1,17290.597273455809,17321.347632668287,30.750359212477633,2.0414821810505983
0.068402777777777771,0,eft,alpha0_ab,0,0.40000000000000002,1,16865.234210765084,16897.028576081346,31.794365316261974,2.1748229053137527
0.070416666666666669,0,eft,alpha0_ab,0,0.40000000000000002,1,16427.908106552262,16460.680492701424,32.772386149161321,2.3077221913367763
0.072430555555555554,0,eft,alpha0_ab,0,0.40000000000000002,1,15976.741747577064,16010.415350670595,33.67360309353171,2.4389977796217761
0.074444444444444438,0,eft,alpha0_ab,0,0.40000000000000002,1,15511.435726888223,15545.925287879716,34.489560991492908,2.567556207144472
0.076458333333333323,0,eft,alpha0_ab,0,0.40000000000000002,1,15033.963183946358,15069.179577921874,35.21639397551553,2.692586789377958
0.078472222222222221,0,eft,alpha0_ab,0,0.40000000000000002,1,14547.312156379023,14583.16529638073,35.853140001707288,2.813475569578419
0.080486111111111105,0,eft,alpha0_ab,0,0.40000000000000002,1,14055.960782062382,14092.364279982758,36.40349792037523,2.9299759784524229
0.08249999999999999,0,eft,alpha0_ab,0,0.40000000000000002,1,13564.805352205651,13601.679245818603,36.873893612952088,3.0420962230685471
0.084513888888888888,0,eft,alpha0_ab,0,0.40000000000000002,1,13079.260030608719,13116.534406346411,37.274375737692026,3.1502024494979994
0.086527777777777773,0,eft,alpha0_ab,0,0.40000000000000002,1,12604.717354492932,12642.334492945934,37.617138453002553,3.2549273966973042
0.088541666666666657,0,eft,alpha0_ab,0,0.40000000000000002,1,12146.03919741754,12183.954981870869,37.915784453329252,3.3571267484718605
0.090555555555555542,0,eft,alpha0_ab,0,0.40000000000000002,1,11707.802021048044,11745.987313974591,38.185292926546026,3.4578904150150009
0.09256944444444444,0,eft,alpha0_ab,0,0.40000000000000002,1,11293.506420438127,11331.946542915457,38.440122477330078,3.5583807821028466
0.094583333333333325,0,eft,alpha0_ab,0,0.40000000000000002,1,10905.933260694259,10944.627881807726,38.694621113467292,3.6598662469821144
0.096597222222222209,0,eft,alpha0_ab,0,0.40000000000000002,1,10547.062828581997,10586.025034681004,38.962206099007744,3.7636408808138726
0.098611111111111108,0,eft,alpha0_ab,0,0.40000000000000002,1,10217.506885527357,10256.760392428991,39.253506901633955,3.8708319305777925
0.10062499999999999,0,eft,alpha0_ab,0,0.40000000000000002,1,9917.5747185926975,9957.1534718408402,39.578753248142675,3.9826120455943563
0.10263888888888888,0,eft,alpha0_ab,0,0.40000000000000002,1,9646.3289064114288,9686.2731430161712,39.9442366047424,4.0998320626256435
0.10465277777777778,0,eft,alpha0_ab,0,0.40000000000000002,1,9402.2514957171061,9442.6056343021264,40.354138585020337,4.2231726977517807
0.10666666666666666,0,eft,alpha0_ab,0,0.40000000000000002,1,9183.526535192188,9224.3375319623556,40.810996770167549,4.3531729888178718
0.10868055555555554,0,eft,alpha0_ab,0,0.40000000000000002,1,8987.5439967850725,9028.8571322873449,41.313135502272416,4.4899345181289112
0.11069444444444444,0,eft,alpha0_ab,0,0.40000000000000002,1,8811.5845059017847,8853.442058728624,41.85755282683931,4.6333985559709623
0.11270833333333333,0,eft,alpha0_ab,0,0.40000000000000002,1,8652.787739910098,8695.2268393517479,42.439099441649887,4.7832401662359558
0.11472222222222221,0,eft,alpha0_ab,0,0.40000000000000002,1,8508.0786220863047,8551.1283020111769,43.04967992487218,4.9387549469367249
0.11673611111111111,0,eft,alpha0_ab,0,0.40000000000000002,1,8374.4015170252314,8418.0815943861726,43.680077360941141,5.0990423641487537
0.11874999999999999,0,eft,alpha0_ab,0,0.40000000000000002,1,8248.9191830401505,8293.2394160283875,44.320232988236967,5.26302766735314
0.12076388888888888,0,eft,alpha0_ab,0,0.40000000000000002,1,8129.0377739333462,8173.9970637904207,44.959289857074509,5.4294586848230946
0.12277777777777778,0,eft,alpha0_ab,0,0.40000000000000002,1,8012.2116942904086,8057.7972792638566,45.585584973448022,5.5968968217400068
0.12479166666666666,0,eft,alpha0_ab,0,0.40000000000000002,1,7896.3513444439322,7942.5397186039745,46.188374160042258,5.7639241920552733
0.12680555555555556,0,eft,alpha0_ab,0,0.40000000000000002,1,7780.0112914265119,7826.7700994294646,46.758808002952719,5.929276625929977
0.12881944444444443,0,eft,alpha0_ab,0,0.40000000000000002,1,7661.8091533312418,7709.0969293038979,47.287775972656164,6.0915850298109149
0.13083333333333333,0,eft,alpha0_ab,0,0.40000000000000002,1,7540.691203943079,7588.4586369227218,47.767432979642763,6.2495724815032609
0.13284722222222223,0,eft,alpha0_ab,0,0.40000000000000002,1,7416.5316145480829,7464.7262534552183,48.194638907135413,6.4025239048159754
0.1348611111111111,0,eft,alpha0_ab,0,0.40000000000000002,1,7289.3678813959777,7337.9349895740625,48.567108178084709,6.5498141723500343
0.136875,0,eft,alpha0_ab,0,0.40000000000000002,1,7159.2838754400727,7208.1667591689475,48.882883728874731,6.6908447103897286
0.1388888888888889,0,eft,alpha0_ab,0,0.40000000000000002,1,7026.9375624183385,7076.0816640703088,49.144101651970232,6.8255696738847549
0.14090277777777779,0,eft,alpha0_ab,0,0.40000000000000002,1,6893.3349353474969,6942.6905416684494,49.355606320952575,6.9543420295286653
0.14291666666666666,0,eft,alpha0_ab,0,0.40000000000000002,1,6759.4685587178719,6808.9910078788853,49.522449161013355,7.0775833592614923
0.14493055555555556,0,eft,alpha0_ab,0,0.40000000000000002,1,6626.3349044740789,6675.9853329174512,49.65042844337222,7.1958641778692938
0.14694444444444446,0,eft,alpha0_ab,0,0.40000000000000002,1,6494.9934515505402,6544.7409702258728,49.747518675332685,7.3101214942363875
0.14895833333333333,0,eft,alpha0_ab,0,0.40000000000000002,1,6366.5041537536435,6416.3264625441152,49.822308790471652,7.4214480802473402
0.15097222222222223,0,eft,alpha0_ab,0,0.40000000000000002,1,6241.9057960348564,6291.7893377927576,49.883541757901185,7.5310291515053596
0.15298611111111113,0,eft,alpha0_ab,0,0.40000000000000002,1,6122.0238478451192,6171.9633105515522,49.939462706433005,7.6400441904355505
0.155,0,eft,alpha0_ab,0,0.40000000000000002,1,6007.3200085147637,6057.3173393072311,49.997330792467437,7.7495862728324525
0.1570138888888889,0,eft,alpha0_ab,0,0.40000000000000002,1,5898.2119404442592,5948.2763650327579,50.064424588498696,7.8608099996246912
0.1590277777777778,0,eft,alpha0_ab,0,0.40000000000000002,1,5795.1066777933456,5845.2547925433528,50.148114750007153,7.9749432484386382
0.16104166666666667,0,eft,alpha0_ab,0,0.40000000000000002,1,5698.1838443566803,5748.4378349584294,50.253990601749138,8.0929864031566847
0.16305555555555556,0,eft,alpha0_ab,0,0.40000000000000002,1,5607.2177409970172,5657.6019361215931,50.384195124575854,8.2154229272572294
0.16506944444444446,0,eft,alpha0_ab,0,0.40000000000000002,1,5521.9432920314466,5572.4837282220651,50.540436190618493,8.3426817239652902
0.16708333333333333,0,eft,alpha0_ab,0,0.40000000000000002,1,5442.0998796182066,5492.8242347480546,50.724355129847936,8.4751943362787596
0.16909722222222223,0,eft,alpha0_ab,0,0.40000000000000002,1,5367.3749404502341,5418.3114395157554,50.936499065521275,8.6132205017044665
0.1711111111111111,0,eft,alpha0_ab,0,0.40000000000000002,1,5297.2674530839213,5348.4411778455051,51.173724761583799,8.7563929036487824
0.173125,0,eft,alpha0_ab,0,0.40000000000000002,1,5231.2441796428566,5282.6760657831783,51.431886140321694,8.9041452880431926
0.1751388888888889,0,eft,alpha0_ab,0,0.40000000000000002,1,5168.7833712644679,5220.4899737619908,51.706602497522908,9.0558369096356106
0.17715277777777777,0,eft,alpha0_ab,0,0.40000000000000002,1,5109.3771854689658,5161.3704488976473,51.99326342868153,9.2107510421226788
0.17916666666666667,0,eft,alpha0_ab,0,0.40000000000000002,1,5052.5480906483817,5104.835044106956,52.286953458574317,9.3680791613278984
0.18118055555555557,0,eft,alpha0_ab,0,0.40000000000000002,1,4997.8406339338644,5050.4231806748894,52.582546741024998,9.5269350310648768
0.18319444444444444,0,eft,alpha0_ab,0,0.40000000000000002,1,4944.8078933590868,4997.6827196259401,52.874826266853233,9.6863744230526958
0.18520833333333334,0,eft,alpha0_ab,0,0.40000000000000002,1,4893.0128050309158,4946.1713095287359,53.158504497820104,9.8453980205337661
0.18722222222222223,0,eft,alpha0_ab,0,0.40000000000000002,1,4842.0643429895163,4895.4929062906622,53.428563301145914,10.003014351381207
0.1892361111111111,0,eft,alpha0_ab,0,0.40000000000000002,1,4791.7567738539874,4845.438372558805,53.681598704817588,10.158496977126939
0.19125,0,eft,alpha0_ab,0,0.40000000000000002,1,4741.9421938238993,4795.8569168224931,53.914722998593788,10.311190773481062
0.1932638888888889,0,eft,alpha0_ab,0,0.40000000000000002,1,4692.4740488173338,4746.5991005654869,54.125051748153055,10.460417987160413
0.19527777777777777,0,eft,alpha0_ab,0,0.40000000000000002,1,4643.208140864087,4697.5178515556645,54.309710691577493,10.605479615605271
0.19729166666666667,0,eft,alpha0_ab,0,0.40000000000000002,1,4594.0402789685031,4648.5070317959562,54.466752827453092,10.745836443249599
0.19930555555555557,0,eft,alpha0_ab,0,0.40000000000000002,1,4545.0209025263894,4599.6189980623121,54.598095535922766,10.881703763062385
0.20131944444444444,0,eft,alpha0_ab,0,0.40000000000000002,1,4496.2358664649746,4550.9426173667071,54.706750901732448,11.013532698897386
0.20333333333333334,0,eft,alpha0_ab,0,0.40000000000000002,1,4447.7649930923199,4502.5608212610059,54.795828168686057,11.141818394299499
0.20534722222222224,0,eft,alpha0_ab,0,0.40000000000000002,1,4399.6817664588498,4454.5502949918337,54.868528532983873,11.267099921668981
0.20736111111111111,0,eft,alpha0_ab,0,0.40000000000000002,1,4352.0589069701819,4406.9870404922767,54.928133522094868,11.389958798401061
0.20937500000000001,0,eft,alpha0_ab,0,0.40000000000000002,1,4305.00890447038,4359.9868194407045,54.977914970324491,11.511000946911691
0.2113888888888889,0,eft,alpha0_ab,0,0.40000000000000002,1,4258.6626583458074,4313.683709207965,55.021050862157608,11.630838807250539
0.21340277777777777,0,eft,alpha0_ab,0,0.40000000000000002,1,4213.1483122408117,4268.2089252555188,55.060613014707087,11.750087763485755
0.21541666666666667,0,eft,alpha0_ab,0,0.40000000000000002,1,4168.5902529104014,4223.6898086132369,55.09955570283546,11.869362624319139
0.21743055555555557,0,eft,alpha0_ab,0,0.40000000000000002,1,4125.1078410636756,4180.2485368331108,55.140695769435297,11.989272114868189
0.21944444444444444,0,eft,alpha0_ab,0,0.40000000000000002,1,4082.781947999933,4137.9679957025801,55.186047702647102,12.110271579192002
0.22145833333333334,0,eft,alpha0_ab,0,0.40000000000000002,1,4041.6365633163855,4096.8729549221653,55.236391605779772,12.232559224363312
0.22347222222222224,0,eft,alpha0_ab,0,0.40000000000000002,1,4001.6923281999279,4056.9846112546993,55.29228305477136,12.356289365989879
0.22548611111111111,0,eft,alpha0_ab,0,0.40000000000000002,1,3962.9715347825299,4018.3256885811634,55.354153798633433,12.481592873900192
0.22750000000000001,0,eft,alpha0_ab,0,0.40000000000000002,1,3925.4977059658809,3980.920013495022,55.422307529141108,12.608574962879603
0.22951388888888891,0,eft,alpha0_ab,0,0.40000000000000002,1,3889.2920361670203,3944.7889285511478,55.496892384127477,12.737307592329259
0.23152777777777778,0,eft,alpha0_ab,0,0.40000000000000002,1,3854.3142846667838,3909.8917682307447,55.577483563960868,12.86773126404483
0.23354166666666668,0,eft,alpha0_ab,0,0.40000000000000002,1,3820.4691490860296,3876.1323665526565,55.663217466626975,12.999680579185176
0.23555555555555557,0,eft,alpha0_ab,0,0.40000000000000002,1,3787.6614487248089,3843.4146849689009,55.753236244092022,13.132984537497233
0.23756944444444444,0,eft,alpha0_ab,0,0.40000000000000002,1,3755.798398972559,3811.6451051642448,55.846706191685826,13.267470964010917
0.23958333333333334,0,eft,alpha0_ab,0,0.40000000000000002,1,3724.7897821112051,3780.7326019881539,55.942819876948761,13.402967262185641
0.24159722222222221,0,eft,alpha0_ab,0,0.40000000000000002,1,3694.5483229496031,3750.58911340547,56.040790455866954,13.539299305275078
0.24361111111111111,0,eft,alpha0_ab,0,0.40000000000000002,1,3664.9957017512688,3721.1353464404797,56.139644689210854,13.676241220121645
0.24562500000000001,0,eft,alpha0_ab,0,0.40000000000000002,1,3636.0616446124495,3692.2998510043758,56.238206391926269,13.813509445016891
0.24763888888888888,0,eft,alpha0_ab,0,0.40000000000000002,1,3607.6764520453798,3664.0117873283398,56.335335282959932,13.950819834655215
0.24965277777777778,0,eft,alpha0_ab,0,0.40000000000000002,1,3579.7710007771675,3636.2009424208122,56.429941643644725,14.087891681173804
0.25166666666666665,0,eft,alpha0_ab,0,0.40000000000000002,1,3552.2771218367707,3608.7981092636319,56.520987426861211,14.224448502426737
0.25368055555555552,0,eft,alpha0_ab,0,0.40000000000000002,1,3525.127941667959,3581.7354287510716,56.607487083112574,14.360218771847931
0.25569444444444445,0,eft,alpha0_ab,0,0.40000000000000002,1,3498.2728446841916,3554.9615246097678,56.688679925576253,14.494980519859149
0.25770833333333332,0,eft,alpha0_ab,0,0.40000000000000002,1,3471.712850898396,3528.4772805280245,56.764429629628467,14.628666552468836
0.25972222222222219,0,eft,alpha0_ab,0,0.40000000000000002,1,3445.4590935140532,3502.2938085872693,56.834715073216103,14.761238498182514
0.26173611111111111,0,eft,alpha0_ab,0,0.40000000000000002,1,3419.5216668956914,3476.4211613644711,56.899494468779722,14.892652406446581
0.26374999999999998,0,eft,alpha0_ab,0,0.40000000000000002,1,3393.9097447091644,3450.8684488828794,56.958704173714978,15.022858225817325
0.26576388888888891,0,eft,alpha0_ab,0,0.40000000000000002,1,3368.6316913848746,3425.6439488852129,57.012257500338364,15.151799267624648
0.26777777777777778,0,eft,alpha0_ab,0,0.40000000000000002,1,3343.6952433928604,3400.7552909359706,57.060047543110159,15.279412730988387
0.26979166666666665,0,eft,alpha0_ab,0,0.40000000000000002,1,3319.1136512149651,3376.2159099058767,57.10225869091164,15.405713542652203
0.27180555555555558,0,eft,alpha0_ab,0,0.40000000000000002,1,3294.9103402966357,3352.0499148009258,57.139574504290067,15.530853792346621
0.27381944444444445,0,eft,alpha0_ab,0,0.40000000000000002,1,3271.1096134029176,3328.2822854958458,57.172672092928224,15.654989309889999
0.27583333333333332,0,eft,alpha0_ab,0,0.40000000000000002,1,3247.735479308255,3304.9376464521119,57.202167143856968,15.778264437180546
0.27784722222222225,0,eft,alpha0_ab,0,0.40000000000000002,1,3224.8115094687728,3282.0401226849553,57.228613216182566,15.900811213746282
0.27986111111111112,0,eft,alpha0_ab,0,0.40000000000000002,1,3202.3607131025065,3259.6132142801198,57.25250117761334,16.022748593457067
0.28187499999999999,0,eft,alpha0_ab,0,0.40000000000000002,1,3180.4053678066675,3237.6796267622221,57.274258955554615,16.144181743096958
0.28388888888888891,0,eft,alpha0_ab,0,0.40000000000000002,1,3158.9508712465472,3216.2451738783634,57.294302631816208,16.265215913810046
0.28590277777777778,0,eft,alpha0_ab,0,0.40000000000000002,1,3137.9648510459365,3195.277982569376,57.313131523439552,16.38598350569449
0.28791666666666665,0,eft,alpha0_ab,0,0.40000000000000002,1,3117.4101805672572,3174.7414378461854,57.331257278928206,16.506624491558078
0.28993055555555558,0,eft,alpha0_ab,0,0.40000000000000002,1,3097.2503068108463,3154.5994966244871,57.349189813640805,16.627282463329887
0.29194444444444445,0,eft,alpha0_ab,0,0.40000000000000002,1,3077.4491539465116,3134.8165915665854,57.367437620073815,16.748104705193771
0.29395833333333332,0,eft,alpha0_ab,0,0.40000000000000002,1,3057.9710349496213,3115.3575430523238,57.386508102702464,16.869242277690244
0.29597222222222225,0,eft,alpha0_ab,0,0.40000000000000002,1,3038.7805709089298,3096.1874788441582,57.406907935228446,16.990850112496087
0.29798611111111112,0,eft,alpha0_ab,0,0.40000000000000002,1,3019.8441264740777,3077.2732183221619,57.429091848084227,17.113071744453432
0.29999999999999999,0,eft,alpha0_ab,0,0.40000000000000002,1,3001.1444588806617,3058.5974222392633,57.452963358601664,17.2358890075805
0.01,2,eft,alpha0_ab,0,0.40000000000000002,1,22498.582541345102,22498.582218315245,-0.00032302985709975474,-3.2302985709975472e-06
0.01201388888888889,2,eft,alpha0_ab,0,0.40000000000000002,1,23920.531433096512,23920.530652458794,-0.0007806377179804258,-9.3784948062926161e-06
0.014027777777777778,2,eft,alpha0_ab,0,0.40000000000000002,1,24713.471640471122,24713.47008142055,-0.0015590505718137138,-2.1870014965720153e-05
0.016041666666666666,2,eft,alpha0_ab,0,0.40000000000000002,1,24995.195511899707,24995.192827598632,-0.0026843010746233631,-4.3060663072083112e-05
0.018055555555555554,2,eft,alpha0_ab,0,0.40000000000000002,1,24866.712030895986,24866.707948926469,-0.0040819695168465842,-7.3702227387507769e-05
0.020069444444444445,2,eft,alpha0_ab,0,0.40000000000000002,1,24416.659746769139,24416.654198894394,-0.005547874745388981,-0.00011134276398732053
0.022083333333333333,2,eft,alpha0_ab,0,0.40000000000000002,1,23722.103297916627,23722.096556436609,-0.0067414800178084988,-0.00014887435039327102
0.024097222222222221,2,eft,alpha0_ab,0,0.40000000000000002,1,22853.197149190146,22853.18994062001,-0.0072085701358446386,-0.00017370651646792288
0.026111111111111113,2,eft,alpha0_ab,0,0.40000000000000002,1,21870.049619898102,21870.043190555483,-0.0064293426185031421,-0.00016787727948313762
0.028124999999999997,2,eft,alpha0_ab,0,0.40000000000000002,1,20821.016366970951,20821.012479638215,-0.0038873327357578091,-0.00010933123319318837
0.030138888888888889,2,eft,alpha0_ab,0,0.40000000000000002,1,19752.440748276353,19752.441596088913,0.00084781256009591743,2.5552128547335288e-05
0.03215277777777778,2,eft,alpha0_ab,0,0.40000000000000002,1,18699.514578351133,18699.522625005604,0.008046654471399961,0.00025872229307348488
0.034166666666666665,2,eft,alpha0_ab,0,0.40000000000000002,1,17684.135013329054,17684.152763186132,0.017749857077433262,0.00060645345014563644
0.036180555555555556,2,eft,alpha0_ab,0,0.40000000000000002,1,16724.904374432801,16724.934096438174,0.029722005372605054,0.0010753586666060579
0.038194444444444448,2,eft,alpha0_ab,0,0.40000000000000002,1,15837.530580307242,15837.574022092749,0.043441785506729502,0.001659234863104252
0.040208333333333332,2,eft,alpha0_ab,0,0.40000000000000002,1,15028.971231937339,15029.029335559408,0.058103622068301775,0.0023362498039963004
0.042222222222222223,2,eft,alpha0_ab,0,0.40000000000000002,1,14300.090524640027,14300.163167157294,0.072642517267013318,0.0030671285068294514
0.044236111111111115,2,eft,alpha0_ab,0,0.40000000000000002,1,13648.353178967731,13648.438967196327,0.08578822859635693,0.0037949376122138451
0.046249999999999999,2,eft,alpha0_ab,0,0.40000000000000002,1,13069.26132902377,13069.357471860983,0.096142837213847088,0.0044466062211404277
0.048263888888888891,2,eft,alpha0_ab,0,0.40000000000000002,1,12557.541584782964,12557.643862201367,0.10227741840208182,0.0049363059576004774
0.050277777777777775,2,eft,alpha0_ab,0,0.40000000000000002,1,12106.312725618023,12106.415550549254,0.10282493123122549,0.0051698090424588368
0.052291666666666667,2,eft,alpha0_ab,0,0.40000000000000002,1,11706.306247292496,11706.402820673793,0.096573381297275773,0.0050499830636700459
0.054305555555555558,2,eft,alpha0_ab,0,0.40000000000000002,1,11348.975364193488,11349.057972083981,0.082607890493818559,0.0044860673865393134
0.056319444444444443,2,eft,alpha0_ab,0,0.40000000000000002,1,11025.685789254338,11025.746204396513,0.060415142175770598,0.0034025472433715244
0.058333333333333334,2,eft,alpha0_ab,0,0.40000000000000002,1,10728.086325528253,10728.116317021226,0.029991492972840206,0.0017495037567490121
0.060347222222222226,2,eft,alpha0_ab,0,0.40000000000000002,1,10448.800217265511,10448.792153466755,-0.0080637987557565793,-0.0004866278554689214
0.06236111111111111,2,eft,alpha0_ab,0,0.40000000000000002,1,10181.378214704237,10181.325691066289,-0.052523637947160751,-0.0032754324219826632
0.064375000000000002,2,eft,alpha0_ab,0,0.40000000000000002,1,9920.3591103592662,9920.2576108182875,-0.1014995409786934,-0.0065340329505033882
0.066388888888888886,2,eft,alpha0_ab,0,0.40000000000000002,1,9661.5694269499782,9661.4169010973401,-0.15252585263806395,-0.010126021883471467
0.068402777777777771,2,eft,alpha0_ab,0,0.40000000000000002,1,9402.1062548971058,9401.9035711665219,-0.20268373058388534,-0.013864130182300488
0.070416666666666669,2,eft,alpha0_ab,0,0.40000000000000002,1,9140.1702328568426,9139.9215359879527,-0.24869686888996512,-0.017512404517668379
0.072430555555555554,2,eft,alpha0_ab,0,0.40000000000000002,1,8875.2644005176062,8874.9770965641401,-0.28730395346610749,-0.020809584962857647
0.074444444444444438,2,eft,alpha0_ab,0,0.40000000000000002,1,8607.6645904414945,8607.3493211524528,-0.31526928904168017,-0.023470047073102854
0.076458333333333323,2,eft,alpha0_ab,0,0.40000000000000002,1,8338.6891442425804,8338.3592215489825,-0.32992269359783677,-0.025225339281334601
0.078472222222222221,2,eft,alpha0_ab,0,0.40000000000000002,1,8070.0655054307044,8069.7364337856461,-0.32907164505832043,-0.025822983258048757
0.080486111111111105,2,eft,alpha0_ab,0,0.40000000000000002,1,7804.0863936292562,7803.7748796007718,-0.31151402848445287,-0.025072552709269502
0.08249999999999999,2,eft,alpha0_ab,0,0.40000000000000002,1,7543.1233393907605,7542.8464465375191,-0.27689285324140656,-0.022843660392416039
0.084513888888888888,2,eft,alpha0_ab,0,0.40000000000000002,1,7289.5979188749798,7289.371976835394,-0.22594203958578873,-0.019095240428882283
0.086527777777777773,2,eft,alpha0_ab,0,0.40000000000000002,1,7045.8020191714322,7045.6415713335282,-0.16044783790403017,-0.013883194863084833
0.088541666666666657,2,eft,alpha0_ab,0,0.40000000000000002,1,6813.6027105908561,6813.5197532934226,-0.082957297433495114,-0.0073451773769240454
0.090555555555555542,2,eft,alpha0_ab,0,0.40000000000000002,1,6594.6343070738549,6594.6372782683393,0.0029711944844166283,0.0002690581671999502
0.09256944444444444,2,eft,alpha0_ab,0,0.40000000000000002,1,6389.9258271035651,6390.0193077210606,0.093480617495515617,0.0086534488278834937
0.094583333333333325,2,eft,alpha0_ab,0,0.40000000000000002,1,6200.1018080686581,6200.286091089939,0.18428302128086216,0.017430102429481543
0.096597222222222209,2,eft,alpha0_ab,0,0.40000000000000002,1,6025.3950864709886,6025.6659270984519,0.27084062746325799,0.026162452277874431
0.098611111111111108,2,eft,alpha0_ab,0,0.40000000000000002,1,5865.4143006973381,5865.7635251862612,0.34922448892302782,0.034437414879909686
0.10062499999999999,2,eft,alpha0_ab,0,0.40000000000000002,1,5719.6387860208933,5720.0540527087487,0.41526668785536458,0.041786210465446061
0.10263888888888888,2,eft,alpha0_ab,0,0.40000000000000002,1,5587.0859264957544,5587.5516878859817,0.46576139022727148,0.047805231580271328
0.10465277777777778,2,eft,alpha0_ab,0,0.40000000000000002,1,5466.5751894937375,5467.0732819428304,0.49809244909283734,0.052126758387701796
0.10666666666666666,2,eft,alpha0_ab,0,0.40000000000000002,1,5356.8743530068023,5357.384441046459,0.51008803965669358,0.054409390896713976
0.10868055555555554,2,eft,alpha0_ab,0,0.40000000000000002,1,5256.5810414847765,5257.0818925060757,0.50085102129924053,0.054432767245368843
0.11069444444444444,2,eft,alpha0_ab,0,0.40000000000000002,1,5164.3074286275587,5164.777574855887,0.47014622832830355,0.052042575552452487
0.11270833333333333,2,eft,alpha0_ab,0,0.40000000000000002,1,5078.7435563925492,5079.1621427630989,0.41858637054974679,0.047178172180711041
0.11472222222222221,2,eft,alpha0_ab,0,0.40000000000000002,1,4998.6671665962485,4999.0150589055256,0.34789230927708559,0.039910978814287873
0.11673611111111111,2,eft,alpha0_ab,0,0.40000000000000002,1,4922.9208041304901,4923.1814523542198,0.2606482237297314,0.030427060006227673
0.11874999999999999,2,eft,alpha0_ab,0,0.40000000000000002,1,4850.5466280978726,4850.7067743306425,0.1601462327698755,0.019017365141422715
0.12076388888888888,2,eft,alpha0_ab,0,0.40000000000000002,1,4780.798091509072,4780.8484499406622,0.050358431590211694,0.006081480037179037
0.12277777777777778,2,eft,alpha0_ab,0,0.40000000000000002,1,4712.9889484997584,4712.9250992608713,-0.063849238887087267,-0.007839267663359047
0.12479166666666666,2,eft,alpha0_ab,0,0.40000000000000002,1,4646.64061724782,4646.4631644676592,-0.17745278016082011,-0.022144628190902342
0.12680555555555556,2,eft,alpha0_ab,0,0.40000000000000002,1,4581.535298816163,4581.2494881705006,-0.28581064566242276,-0.036242377706915553
0.12881944444444443,2,eft,alpha0_ab,0,0.40000000000000002,1,4517.4949037718725,4517.1111778738059,-0.38372589806658652,-0.049431357007883189
0.13083333333333333,2,eft,alpha0_ab,0,0.40000000000000002,1,4454.4399249406079,4453.9737712179531,-0.46615372265478072,-0.060988445380667146
0.13284722222222223,2,eft,alpha0_ab,0,0.40000000000000002,1,4392.5179584621656,4391.9879662254662,-0.52999223669939965,-0.070407996444857748
0.1348611111111111,2,eft,alpha0_ab,0,0.40000000000000002,1,4331.9080461635613,4331.3355691873121,-0.57247697624916327,-0.077204881102491324
0.136875,2,eft,alpha0_ab,0,0.40000000000000002,1,4272.7860246873752,4272.1950520461769,-0.59097264119827742,-0.080889380264014224
0.1388888888888889,2,eft,alpha0_ab,0,0.40000000000000002,1,4215.3836139617943,4214.7987265051952,-0.58488745659906272,-0.081234368972092047
0.14090277777777779,2,eft,alpha0_ab,0,0.40000000000000002,1,4159.9526626210936,4159.397401875156,-0.55526074593763042,-0.078237781493573078
0.14291666666666666,2,eft,alpha0_ab,0,0.40000000000000002,1,4106.7178605407826,4106.2141976880939,-0.50366285268864885,-0.071981816030086063
0.14493055555555556,2,eft,alpha0_ab,0,0.40000000000000002,1,4055.8499638004687,4055.4175956244121,-0.43236817605657052,-0.062663359960421022
0.14694444444444446,2,eft,alpha0_ab,0,0.40000000000000002,1,4007.417436854123,4007.0726383746692,-0.344798479453857,-0.050666221008636214
0.14895833333333333,2,eft,alpha0_ab,0,0.40000000000000002,1,3961.450650867499,3961.2055049706855,-0.24514589681348298,-0.036516524212841732
0.15097222222222223,2,eft,alpha0_ab,0,0.40000000000000002,1,3917.9528488464948,3917.814584132781,-0.13826471371385196,-0.020874131084299596
0.15298611111111113,2,eft,alpha0_ab,0,0.40000000000000002,1,3876.8332986294381,3876.8043920785135,-0.028906550924602925,-0.0044223008115902955
0.155,2,eft,alpha0_ab,0,0.40000000000000002,1,3837.8644148208468,3837.9434707964538,0.079055975606934226,0.012253676219074805
0.1570138888888889,2,eft,alpha0_ab,0,0.40000000000000002,1,3800.7964431077771,3800.9779488997883,0.18150579201119399,0.028498930259535392
0.1590277777777778,2,eft,alpha0_ab,0,0.40000000000000002,1,3765.3681396701377,3765.6420978856891,0.27395821555137445,0.043566966223100523
0.16104166666666667,2,eft,alpha0_ab,0,0.40000000000000002,1,3731.3085556428896,3731.6612462282037,0.35269058531412156,0.056797879676628325
0.16305555555555556,2,eft,alpha0_ab,0,0.40000000000000002,1,3698.3499571180678,3698.7658423302482,0.41588521218045571,0.067812394319424305
0.16506944444444446,2,eft,alpha0_ab,0,0.40000000000000002,1,3666.2316782174667,3666.6936245264133,0.46194630894660804,0.07625322058097829
0.16708333333333333,2,eft,alpha0_ab,0,0.40000000000000002,1,3634.6996775381499,3635.1889695441059,0.48929200595603106,0.081752539328486862
0.16909722222222223,2,eft,alpha0_ab,0,0.40000000000000002,1,3603.5492290721731,3604.046074032316,0.49684496014288015,0.08401510263527176
0.1711111111111111,2,eft,alpha0_ab,0,0.40000000000000002,1,3572.7340088195992,3573.219318618716,0.48530979911674876,0.083041898959977004
0.173125,2,eft,alpha0_ab,0,0.40000000000000002,1,3542.2550516270476,3542.7110397433166,0.45598811626905444,0.078942942629080054
0.1751388888888889,2,eft,alpha0_ab,0,0.40000000000000002,1,3512.1302688963647,3512.5406974054226,0.41042850905796513,0.07188199304473529
0.17715277777777777,2,eft,alpha0_ab,0,0.40000000000000002,1,3482.3968220019178,3482.7472749300091,0.35045292809127204,0.062083709691724651
0.17916666666666667,2,eft,alpha0_ab,0,0.40000000000000002,1,3453.1292499969236,3453.4078471435678,0.27859714664418789,0.049915322107083666
0.18118055555555557,2,eft,alpha0_ab,0,0.40000000000000002,1,3424.4291985961499,3424.6272290312095,0.1980304350595361,0.035879264240995121
0.18319444444444444,2,eft,alpha0_ab,0,0.40000000000000002,1,3396.4093651779599,3396.5215729434194,0.11220776545951594,0.020555839255708544
0.18520833333333334,2,eft,alpha0_ab,0,0.40000000000000002,1,3369.1944419407964,3369.2192875363826,0.024845595586157287,0.004601611349186214
0.18722222222222223,2,eft,alpha0_ab,0,0.40000000000000002,1,3342.918009456524,3342.8576998062658,-0.060309650258204783,-0.011291306742786118
0.1892361111111111,2,eft,alpha0_ab,0,0.40000000000000002,1,3317.7019814098671,3317.5615721780523,-0.14040923181482867,-0.026570496992736677
0.19125,2,eft,alpha0_ab,0,0.40000000000000002,1,3293.6637072055037,3293.4508763082704,-0.21283089723328885,-0.040703909095866492
0.1932638888888889,2,eft,alpha0_ab,0,0.40000000000000002,1,3270.9223042257186,3270.6474502882702,-0.27485393744836983,-0.053119340827695365
0.19527777777777777,2,eft,alpha0_ab,0,0.40000000000000002,1,3249.5995064218823,3249.2758344725653,-0.32367194931703125,-0.063205938991631377
0.19729166666666667,2,eft,alpha0_ab,0,0.40000000000000002,1,3229.7747479984937,3229.4177939910624,-0.35695400743134087,-0.070424051049474967
0.19930555555555557,2,eft,alpha0_ab,0,0.40000000000000002,1,3211.3364528273769,3210.9617953818583,-0.37465744551855096,-0.074671310322100087
0.20131944444444444,2,eft,alpha0_ab,0,0.40000000000000002,1,3194.11660924328,3193.7391778734323,-0.37743136984772718,-0.075984273693650073
0.20333333333333334,2,eft,alpha0_ab,0,0.40000000000000002,1,3177.9397788344208,3177.5737534266659,-0.36602540775493253,-0.074425166243502955
0.20534722222222224,2,eft,alpha0_ab,0,0.40000000000000002,1,3162.6230642460268,3162.2817795776518,-0.34128466837501037,-0.07008185863784068
0.20736111111111111,2,eft,alpha0_ab,0,0.40000000000000002,1,3147.9824366634857,3147.678171523221,-0.3042651402647607,-0.063092757557678847
0.20937500000000001,2,eft,alpha0_ab,0,0.40000000000000002,1,3133.8769227376806,3133.6198670799727,-0.25705565770795147,-0.053821028332602341
0.2113888888888889,2,eft,alpha0_ab,0,0.40000000000000002,1,3120.1864370032163,3119.984137525993,-0.20229947722327779,-0.04276386171303178
0.21340277777777777,2,eft,alpha0_ab,0,0.40000000000000002,1,3106.7896080601677,3106.6468560149542,-0.14275204521345586,-0.030463682982010406
0.21541666666666667,2,eft,alpha0_ab,0,0.40000000000000002,1,3093.5633018794124,3093.4820385850599,-0.081263294352538651,-0.017505467991776037
0.21743055555555557,2,eft,alpha0_ab,0,0.40000000000000002,1,3080.3830358928826,3080.3622818027679,-0.020754090114678547,-0.0045125733436846205
0.21944444444444444,2,eft,alpha0_ab,0,0.40000000000000002,1,3067.1682405227957,3067.2046204548628,0.036379932067120535,0.0079833739813958953
0.22145833333333334,2,eft,alpha0_ab,0,0.40000000000000002,1,3053.9153483157943,3054.0040377032665,0.088689387472186354,0.019641003933944603
0.22347222222222224,2,eft,alpha0_ab,0,0.40000000000000002,1,3040.6309368823486,3040.7657471521384,0.13481026978979571,0.03012635056830296
0.22548611111111111,2,eft,alpha0_ab,0,0.40000000000000002,1,3027.3244137447205,3027.4977930506434,0.1733793059229356,0.039094625439706383
0.22750000000000001,2,eft,alpha0_ab,0,0.40000000000000002,1,3014.0078299870925,3014.2108705967057,0.20304060961325376,0.046191738687015232
0.22951388888888891,2,eft,alpha0_ab,0,0.40000000000000002,1,3000.6954557602239,3000.9179644217729,0.22250866154899995,0.05106882822357256
0.23152777777777778,2,eft,alpha0_ab,0,0.40000000000000002,1,2987.3979580952728,2987.6295841530791,0.23162605780635204,0.053627866439331782
0.23354166666666668,2,eft,alpha0_ab,0,0.40000000000000002,1,2974.1221785187081,2974.3534573555157,0.23127883680763262,0.054013245012782533
0.23555555555555557,2,eft,alpha0_ab,0,0.40000000000000002,1,2960.876001830155,2961.0984276537711,0.22242582361604946,0.052393638451780543
0.23756944444444444,2,eft,alpha0_ab,0,0.40000000000000002,1,2947.66852088836,2947.8745771671893,0.20605627882923727,0.048952675685751436
0.23958333333333334,2,eft,alpha0_ab,0,0.40000000000000002,1,2934.5099811315986,2934.6931654637197,0.18318433212107266,0.043887912904006995
0.24159722222222221,2,eft,alpha0_ab,0,0.40000000000000002,1,2921.4118885826015,2921.5667398339319,0.15485125133045585,0.037411632179073326
0.24361111111111111,2,eft,alpha0_ab,0,0.40000000000000002,1,2908.3920650865698,2908.5144016131553,0.12233652658551364,0.02980253717097096
0.24562500000000001,2,eft,alpha0_ab,0,0.40000000000000002,1,2895.4747788666341,2895.5619577951866,0.087178928552475554,0.02141332432570181
0.24763888888888888,2,eft,alpha0_ab,0,0.40000000000000002,1,2882.6847918253079,2882.735720825649,0.050929000341056962,0.012612001056681189
0.24965277777777778,2,eft,alpha0_ab,0,0.40000000000000002,1,2870.0471385123124,2870.06226658385,0.015128071537674259,0.0037767650818013167
0.25166666666666665,2,eft,alpha0_ab,0,0.40000000000000002,1,2857.587189339547,2857.5684903863166,-0.018698953230341431,-0.0047059032296359266
0.25368055555555552,2,eft,alpha0_ab,0,0.40000000000000002,1,2845.3306679600937,2845.2816174063414,-0.049050553752294945,-0.012443171726189819
0.25569444444444445,2,eft,alpha0_ab,0,0.40000000000000002,1,2833.3000692309929,2833.2253512206903,-0.074718010302603943,-0.019104980134318592
0.25770833333333332,2,eft,alpha0_ab,0,0.40000000000000002,1,2821.5058448016002,2821.4104118959963,-0.095432905603956897,-0.024593855048353055
0.25972222222222219,2,eft,alpha0_ab,0,0.40000000000000002,1,2809.9561817163544,2809.8450402718372,-0.11114144451721586,-0.028865902950999115
0.26173611111111111,2,eft,alpha0_ab,0,0.40000000000000002,1,2798.659804432456,2798.5379996578931,-0.12180477456286098,-0.031880708008848825
0.26374999999999998,2,eft,alpha0_ab,0,0.40000000000000002,1,2787.6260814360785,2787.4986825954725,-0.1273988406060198,-0.033601444209837718
0.26576388888888891,2,eft,alpha0_ab,0,0.40000000000000002,1,2776.8651207199791,2776.7372065281747,-0.12791419180439334,-0.033994973058014813
0.26777777777777778,2,eft,alpha0_ab,0,0.40000000000000002,1,2766.3877448729959,2766.2643849177666,-0.12335995522926169,-0.033033054678057852
0.26979166666666665,2,eft,alpha0_ab,0,0.40000000000000002,1,2756.1968866813663,2756.0827945714054,-0.11409210996089314,-0.03078110049986596
0.27180555555555558,2,eft,alpha0_ab,0,0.40000000000000002,1,2746.2812596110907,2746.1802240918814,-0.10103551920929021,-0.027462015429525134
0.27381944444444445,2,eft,alpha0_ab,0,0.40000000000000002,1,2736.6288290602238,2736.5436749997634,-0.085154060460354231,-0.023316837527442829
0.27583333333333332,2,eft,alpha0_ab,0,0.40000000000000002,1,2727.2283267124499,2727.1609363641219,-0.067390348327990068,-0.018588504413803927
0.27784722222222225,2,eft,alpha0_ab,0,0.40000000000000002,1,2718.0693132893784,2718.0206509696618,-0.048662319716640923,-0.013520690360158358
0.27986111111111112,2,eft,alpha0_ab,0,0.40000000000000002,1,2709.1422536678729,2709.1123936101912,-0.029860057681617036,-0.0083566689206192122
0.28187499999999999,2,eft,alpha0_ab,0,0.40000000000000002,1,2700.4385589277963,2700.4267166663408,-0.011842261455512926,-0.0033380374477727059
0.28388888888888891,2,eft,alpha0_ab,0,0.40000000000000002,1,2691.9393305595145,2691.9440515653569,0.0047210058423843293,0.0013402411030324403
0.28590277777777778,2,eft,alpha0_ab,0,0.40000000000000002,1,2683.599598429465,2683.6191460359287,0.019547606463675038,0.0055887149868715366
0.28791666666666665,2,eft,alpha0_ab,0,0.40000000000000002,1,2675.3703456876469,2675.40276740635,0.032421718703062652,0.0093347531765901222
0.28993055555555558,2,eft,alpha0_ab,0,0.40000000000000002,1,2667.2022042339222,2667.245345940777,0.043141706854839867,0.012508099036038643
0.29194444444444445,2,eft,alpha0_ab,0,0.40000000000000002,1,2659.0454381596774,2659.0969586849769,0.051520525299565634,0.015041131136067634
0.29395833333333332,2,eft,alpha0_ab,0,0.40000000000000002,1,2650.8499343540052,2650.9073204014262,0.05738604742100506,0.016869106856466278
0.29597222222222225,2,eft,alpha0_ab,0,0.40000000000000002,1,2642.5651992856779,2642.6257806066715,0.060581320993605914,0.017930388199635307
0.29798611111111112,2,eft,alpha0_ab,0,0.40000000000000002,1,2634.144679699084,2634.2056771774569,0.060997478372883052,0.018176401367919526
0.29999999999999999,2,eft,alpha0_ab,0,0.40000000000000002,1,2625.5877628509243,2625.646647571697,0.058884720772766741,0.01766541623183002
0.01,4,eft,alpha0_ab,0,0.40000000000000002,1,1570.6779308426894,1570.6779242101456,-6.6325437728664838e-06,-6.6325437728664835e-08
0.01201388888888889,4,eft,alpha0_ab,0,0.40000000000000002,1,1661.931030021381,1661.9310142402455,-1.5781135516590439e-05,-1.8959280863681572e-07
0.014027777777777778,4,eft,alpha0_ab,0,0.40000000000000002,1,1707.7487239237907,1707.748692990338,-3.0933452762837987e-05,-4.3392760125647734e-07
0.016041666666666666,4,eft,alpha0_ab,0,0.40000000000000002,1,1716.9944114981618,1716.994359398921,-5.2099240747338627e-05,-8.3575865365522376e-07
0.018055555555555554,4,eft,alpha0_ab,0,0.40000000000000002,1,1697.3418652032742,1697.3417879778035,-7.7225470704433974e-05,-1.3943487766078356e-06
0.020069444444444445,4,eft,alpha0_ab,0,0.40000000000000002,1,1655.5446055003786,1655.5445035821731,-0.00010191820547333919,-2.0454417626246546e-06
0.022083333333333333,4,eft,alpha0_ab,0,0.40000000000000002,1,1597.4650380413532,1597.4649182797148,-0.00011976163841609377,-2.6447361816887374e-06
0.024097222222222221,4,eft,alpha0_ab,0,0.40000000000000002,1,1528.3675191740685,1528.3673958977934,-0.00012327627518970985,-2.9706157979742582e-06
0.026111111111111113,4,eft,alpha0_ab,0,0.40000000000000002,1,1452.697980013997,1452.6978747007634,-0.0001053132336892304,-2.7498455463299051e-06
0.028124999999999997,4,eft,alpha0_ab,0,0.40000000000000002,1,1373.9802876334043,1373.980226986484,-6.064692024665419e-05,-1.7056946319371489e-06
0.030138888888888889,4,eft,alpha0_ab,0,0.40000000000000002,1,1295.4462667507496,1295.4462792683707,1.251762114407029e-05,3.7726719281434067e-07
0.03215277777777778,4,eft,alpha0_ab,0,0.40000000000000002,1,1219.4585806227979,1219.4586922335711,0.00011161077327415114,3.5885963906897212e-06
0.034166666666666665,4,eft,alpha0_ab,0,0.40000000000000002,1,1147.4256643255176,1147.4258936319857,0.00022930646809982136,7.8346376600772301e-06
0.036180555555555556,4,eft,alpha0_ab,0,0.40000000000000002,1,1080.4477300531653,1080.4480840309798,0.0003539778144840966,1.2807113982375995e-05
0.038194444444444448,4,eft,alpha0_ab,0,0.40000000000000002,1,1019.3456596189344,1019.3461306600821,0.00047104114764806582,1.7991154944891405e-05
0.040208333333333332,4,eft,alpha0_ab,0,0.40000000000000002,1,964.34627640597682,964.34684112127798,0.00056471530115231872,2.2706261067166148e-05
0.042222222222222223,4,eft,alpha0_ab,0,0.40000000000000002,1,915.28485187583419,915.28547208877535,0.00062021294115766068,2.6186768626656784e-05
0.044236111111111115,4,eft,alpha0_ab,0,0.40000000000000002,1,871.79031301548775,871.79093922037191,0.00062620488415632281,2.7700868833859559e-05
0.046249999999999999,4,eft,alpha0_ab,0,0.40000000000000002,1,833.38513232936793,833.38570955434761,0.00057722497967915842,2.6696655310161078e-05
0.048263888888888891,4,eft,alpha0_ab,0,0.40000000000000002,1,799.55512797359506,799.55560368197757,0.00047570838250976522,2.2959536516964365e-05
0.050277777777777775,4,eft,alpha0_ab,0,0.40000000000000002,1,769.72457599134259,769.72490929838887,0.00033330704627587693,1.6757937604426034e-05
0.052291666666666667,4,eft,alpha0_ab,0,0.40000000000000002,1,743.24147459456708,743.24164600676659,0.00017141219950644881,8.9634295991913853e-06
0.054305555555555558,4,eft,alpha0_ab,0,0.40000000000000002,1,719.53090180437584,719.53092258649667,2.0782120827789186e-05,1.1285846171757738e-06
0.056319444444444443,4,eft,alpha0_ab,0,0.40000000000000002,1,698.06574181713268,698.06566155532664,-8.026180603337707e-05,-4.520300325907556e-06
0.058333333333333334,4,eft,alpha0_ab,0,0.40000000000000002,1,678.38334205641786,678.38325312571351,-8.8930704350786982e-05,-5.1876244204625742e-06
0.060347222222222226,4,eft,alpha0_ab,0,0.40000000000000002,1,660.11331594123067,660.11335350560876,3.7564378089882666e-05,2.266905872229725e-06
0.06236111111111111,4,eft,alpha0_ab,0,0.40000000000000002,1,642.9728035109033,642.97314008204785,0.00033657114454399562,2.0988950541701949e-05
0.064375000000000002,4,eft,alpha0_ab,0,0.40000000000000002,1,626.75693445060642,626.75776815476775,0.0008337041613231122,5.366970538517535e-05
0.066388888888888886,4,eft,alpha0_ab,0,0.40000000000000002,1,611.34409129582809,611.34562813245248,0.0015368366243819764,0.00010202887589647009
0.068402777777777771,4,eft,alpha0_ab,0,0.40000000000000002,1,596.67897338031116,596.68140436518433,0.0024309848731718375,0.00016628611806071249
0.070416666666666669,4,eft,alpha0_ab,0,0.40000000000000002,1,582.75632641764332,582.75980020467387,0.0034737870305434626,0.00024461250340076883
0.072430555555555554,4,eft,alpha0_ab,0,0.40000000000000002,1,569.61437222962468,569.61896843136856,0.0045962017438796465,0.00033290544575461604
0.074444444444444438,4,eft,alpha0_ab,0,0.40000000000000002,1,557.30878248947283,557.31448352353345,0.0057010340606211685,0.00042441031340179807
0.076458333333333323,4,eft,alpha0_ab,0,0.40000000000000002,1,545.90908302982371,545.91575535369293,0.0066723238692247833,0.00051015476250114477
0.078472222222222221,4,eft,alpha0_ab,0,0.40000000000000002,1,535.47839209375343,535.48576989982848,0.0073778060750555596,0.00057895283783422104
0.080486111111111105,4,eft,alpha0_ab,0,0.40000000000000002,1,526.06842450536806,526.07610998600194,0.0076854806338815251,0.00061857444824088103
0.08249999999999999,4,eft,alpha0_ab,0,0.40000000000000002,1,517.7116519673209,517.71912189696286,0.0074699296419566963,0.00061626919546142734
0.084513888888888888,4,eft,alpha0_ab,0,0.40000000000000002,1,510.41275087005715,510.41937974311622,0.0066288730590713385,0.00056023184117290413
0.086527777777777773,4,eft,alpha0_ab,0,0.40000000000000002,1,504.15520865838289,504.16030361387971,0.0050949554968156008,0.00044085517701612765
0.088541666666666657,4,eft,alpha0_ab,0,0.40000000000000002,1,498.89051694916952,498.89335614726247,0.0028391980929427518,0.00025138733114597278
0.090555555555555542,4,eft,alpha0_ab,0,0.40000000000000002,1,494.55303458540243,494.55292539609195,-0.0001091893104785413,-9.8876986711123489e-06
0.09256944444444444,4,eft,alpha0_ab,0,0.40000000000000002,1,491.05215108970378,491.0484746991026,-0.0036763906011856307,-0.00034032143551253092
0.094583333333333325,4,eft,alpha0_ab,0,0.40000000000000002,1,488.28289665358807,488.27516409540613,-0.0077325581819422951,-0.000731371128042042
0.096597222222222209,4,eft,alpha0_ab,0,0.40000000000000002,1,486.1326234926978,486.12053147140887,-0.012092021288935939,-0.0011680556675631867
0.098611111111111108,4,eft,alpha0_ab,0,0.40000000000000002,1,484.48139118412337,484.46484293563663,-0.016548248486742523,-0.0016318411702204432
0.10062499999999999,4,eft,alpha0_ab,0,0.40000000000000002,1,483.2122927177038,483.19145532762286,-0.020837390080941987,-0.0020967623768947874
0.10263888888888888,4,eft,alpha0_ab,0,0.40000000000000002,1,482.22064550062032,482.19594901165397,-0.024696488966355901,-0.0025348201869634735
0.10465277777777778,4,eft,alpha0_ab,0,0.40000000000000002,1,481.41166719581634,481.38381277840881,-0.027854417407525034,-0.0029150421550791822
0.10666666666666666,4,eft,alpha0_ab,0,0.40000000000000002,1,480.70576177752787,480.6757314117915,-0.030030365736365638,-0.0032032390118790013
0.10868055555555554,4,eft,alpha0_ab,0,0.40000000000000002,1,480.05266333696068,480.0216727713123,-0.030990565648380652,-0.0033680718916469245
0.11069444444444444,4,eft,alpha0_ab,0,0.40000000000000002,1,479.41313083640284,479.38260394069903,-0.030526895703815171,-0.0033791577605473181
0.11270833333333333,4,eft,alpha0_ab,0,0.40000000000000002,1,478.77181054078892,478.74333113738021,-0.028479403408709913,-0.0032098660925233462
0.11472222222222221,4,eft,alpha0_ab,0,0.40000000000000002,1,478.14274985478323,478.11798169239728,-0.024768162385953474,-0.0028414586292774399
0.11673611111111111,4,eft,alpha0_ab,0,0.40000000000000002,1,477.54810841986728,477.5287152078256,-0.019393212041677543,-0.0022638881556986076
0.11874999999999999,4,eft,alpha0_ab,0,0.40000000000000002,1,477.02321424902561,477.01077675000602,-0.012437499019597453,-0.0014769530085771976
0.12076388888888888,4,eft,alpha0_ab,0,0.40000000000000002,1,476.61492704022453,476.61084934507403,-0.004077695150499494,-0.00049243832407768189
0.12277777777777778,4,eft,alpha0_ab,0,0.40000000000000002,1,476.37353707000921,476.37892170563259,0.0053846356233862025,0.00066111359598241713
0.12479166666666666,4,eft,alpha0_ab,0,0.40000000000000002,1,476.34588115556471,476.36145148832816,0.015570332763445549,0.0019430477761049757
0.12680555555555556,4,eft,alpha0_ab,0,0.40000000000000002,1,476.56924457273317,476.5953113319747,0.026066759241530235,0.0033054098871551536
0.12881944444444443,4,eft,alpha0_ab,0,0.40000000000000002,1,477.07962126180814,477.11596446128169,0.036343199473549248,0.0046817107655162393
0.13083333333333333,4,eft,alpha0_ab,0,0.40000000000000002,1,477.90493017320068,477.95073841586009,0.045808242659404641,0.0059932450812721074
0.13284722222222223,4,eft,alpha0_ab,0,0.40000000000000002,1,479.04817362774133,479.10216609102008,0.053992463278746072,0.0071727487675167529
0.1348611111111111,4,eft,alpha0_ab,0,0.40000000000000002,1,480.50581950575031,480.56623160782897,0.060412102078657881,0.0081472432108856668
0.136875,4,eft,alpha0_ab,0,0.40000000000000002,1,482.270942938247,482.3354940807593,0.06455114251230043,0.0088354376313711219
0.1388888888888889,4,eft,alpha0_ab,0,0.40000000000000002,1,484.31980198941142,484.38588076562849,0.06607877621706848,0.0091776078079261782
0.14090277777777779,4,eft,alpha0_ab,0,0.40000000000000002,1,486.61812659746647,486.6829654688861,0.064838871419624411,0.0091359770910012465
0.14291666666666666,4,eft,alpha0_ab,0,0.40000000000000002,1,489.13048315167453,489.19123159349851,0.060748441823989197,0.0086819648106784553
0.14493055555555556,4,eft,alpha0_ab,0,0.40000000000000002,1,491.81827051044866,491.87210060366169,0.053830093213036889,0.0078016253149727774
0.14694444444444446,4,eft,alpha0_ab,0,0.40000000000000002,1,494.63583538963587,494.68011901161196,0.044283621976092036,0.0065072322292646359
0.14895833333333333,4,eft,alpha0_ab,0,0.40000000000000002,1,497.53709266127112,497.56955270295862,0.032460041687500052,0.0048351937097005282
0.15097222222222223,4,eft,alpha0_ab,0,0.40000000000000002,1,500.47687273897043,500.49573666938034,0.01886393040990697,0.002847929493829011
0.15298611111111113,4,eft,alpha0_ab,0,0.40000000000000002,1,503.40952979837709,503.41359116417914,0.0040613658020447474,0.00062133255985448465
0.155,4,eft,alpha0_ab,0,0.40000000000000002,1,506.28807662731413,506.27664435571489,-0.01143227159923299,-0.0017720020978811135
0.1570138888888889,4,eft,alpha0_ab,0,0.40000000000000002,1,509.06662090573866,509.03961957301931,-0.027001332719351012,-0.0042395842554481004
0.1590277777777778,4,eft,alpha0_ab,0,0.40000000000000002,1,511.70063120603822,511.65872693908602,-0.041904266952201397,-0.0066639424528153616
0.16104166666666667,4,eft,alpha0_ab,0,0.40000000000000002,1,514.15694312069297,514.10150144470356,-0.055441675989413852,-0.008928419904128522
0.16305555555555556,4,eft,alpha0_ab,0,0.40000000000000002,1,516.42230844095889,516.35515310374365,-0.067155337215240252,-0.010950050818151674
0.16506944444444446,4,eft,alpha0_ab,0,0.40000000000000002,1,518.48650693521267,518.409918105521,-0.0765888296916728,-0.012642475567854602
0.16708333333333333,4,eft,alpha0_ab,0,0.40000000000000002,1,520.34021065078286,520.25695433309102,-0.08325631769184838,-0.013910743081013
0.16909722222222223,4,eft,alpha0_ab,0,0.40000000000000002,1,521.9844223211993,521.89769437853954,-0.086727942659763357,-0.014665454192814151
0.1711111111111111,4,eft,alpha0_ab,0,0.40000000000000002,1,523.45383129453899,523.36696213928269,-0.086869155256295016,-0.014864277677188257
0.173125,4,eft,alpha0_ab,0,0.40000000000000002,1,524.7908361381709,524.70717324895475,-0.083662889216157055,-0.01448413769554719
0.1751388888888889,4,eft,alpha0_ab,0,0.40000000000000002,1,526.03830879441489,525.96115115659518,-0.077157637819709635,-0.013513302957035258
0.17715277777777777,4,eft,alpha0_ab,0,0.40000000000000002,1,527.23880114355643,527.17132238790543,-0.067478755650995481,-0.011954049004561769
0.17916666666666667,4,eft,alpha0_ab,0,0.40000000000000002,1,528.42522601161261,528.37030376242421,-0.054922249188393835,-0.0098402363129205615
0.18118055555555557,4,eft,alpha0_ab,0,0.40000000000000002,1,529.62250285740834,529.58254700663019,-0.039955850778142121,-0.007239223241678667
0.18319444444444444,4,eft,alpha0_ab,0,0.40000000000000002,1,530.85446896024098,530.83130596748185,-0.0231629927591257,-0.0042433315901787222
0.18520833333333334,4,eft,alpha0_ab,0,0.40000000000000002,1,532.14390265763973,532.13865706157242,-0.0052455960673114532,-0.00097152810496664208
0.18722222222222223,4,eft,alpha0_ab,0,0.40000000000000002,1,533.51005480688298,533.52307327671349,0.013018469830512913,0.0024373468516015843
0.1892361111111111,4,eft,alpha0_ab,0,0.40000000000000002,1,534.95952699351096,534.99050503942863,0.030978045917663621,0.0058621649392800951
0.19125,4,eft,alpha0_ab,0,0.40000000000000002,1,536.49465560249598,536.54263327084448,0.047977668348494262,0.0091757290716495271
0.1932638888888889,4,eft,alpha0_ab,0,0.40000000000000002,1,538.11723333237308,538.18052064082656,0.063287308453482183,0.01223115134903062
0.19527777777777777,4,eft,alpha0_ab,0,0.40000000000000002,1,539.82844108453764,539.90454326532813,0.076102180790485363,0.01486106474880867
0.19729166666666667,4,eft,alpha0_ab,0,0.40000000000000002,1,541.62202592705819,541.70770047180588,0.085674544747689652,0.016902873724179604
0.19930555555555557,4,eft,alpha0_ab,0,0.40000000000000002,1,543.46300722906051,543.55477588687916,0.091768657818647625,0.018290003329133244
0.20131944444444444,4,eft,alpha0_ab,0,0.40000000000000002,1,545.30895336137996,545.40327126985983,0.094317908479865764,0.018988028936328529
0.20333333333333334,4,eft,alpha0_ab,0,0.40000000000000002,1,547.11753499544841,547.21082644939054,0.09329145394212901,0.018969262301566231
0.20534722222222224,4,eft,alpha0_ab,0,0.40000000000000002,1,548.84664102146508,548.93533674638104,0.088695724915965002,0.018213420734479759
0.20736111111111111,4,eft,alpha0_ab,0,0.40000000000000002,1,550.45794820719209,550.53855592550337,0.080607718311284771,0.016714906033159466
0.20937500000000001,4,eft,alpha0_ab,0,0.40000000000000002,1,551.94046180750456,552.00986439945018,0.069402591945618042,0.014531167688613778
0.2113888888888889,4,eft,alpha0_ab,0,0.40000000000000002,1,553.29671514774213,553.35236386951124,0.055648721769102849,0.011763521462857576
0.21340277777777777,4,eft,alpha0_ab,0,0.40000000000000002,1,554.53059646275938,554.57059505086897,0.039998588109597222,0.0085358098097772402
0.21541666666666667,4,eft,alpha0_ab,0,0.40000000000000002,1,555.64747516770854,555.67066249560492,0.023187327896380339,0.0049949368843452647
0.21743055555555557,4,eft,alpha0_ab,0,0.40000000000000002,1,556.6544734734756,556.6605025113771,0.0060290379014986684,0.0013108970603883563
0.21944444444444444,4,eft,alpha0_ab,0,0.40000000000000002,1,557.56520581661084,557.5544488391057,-0.010756977505138821,-0.0023605589525165743
0.22145833333333334,4,eft,alpha0_ab,0,0.40000000000000002,1,558.40216586007762,558.37547995147349,-0.026685908604122233,-0.0059098168429545699
0.22347222222222224,4,eft,alpha0_ab,0,0.40000000000000002,1,559.18910770363084,559.14783955416453,-0.041268149466304749,-0.0092222850682339361
0.22548611111111111,4,eft,alpha0_ab,0,0.40000000000000002,1,559.95035229326311,559.89636737775527,-0.053984915507840014,-0.012172848656524758
0.22750000000000001,4,eft,alpha0_ab,0,0.40000000000000002,1,560.71086746815911,560.64657732509943,-0.064290143059679394,-0.014626007546077062
0.22951388888888891,4,eft,alpha0_ab,0,0.40000000000000002,1,561.49553156285458,561.42390080692155,-0.071630755933028922,-0.016440253358240321
0.23152777777777778,4,eft,alpha0_ab,0,0.40000000000000002,1,562.31380843034606,562.23801395307726,-0.07579447726880062,-0.017548526889873697
0.23354166666666668,4,eft,alpha0_ab,0,0.40000000000000002,1,563.16043482247005,563.08352328012336,-0.076911542346692841,-0.017962049785550559
0.23555555555555557,4,eft,alpha0_ab,0,0.40000000000000002,1,564.02915099172969,563.95399635928163,-0.07515463244806142,-0.01770309119887669
0.23756944444444444,4,eft,alpha0_ab,0,0.40000000000000002,1,564.91316656586218,564.84244005806636,-0.070726507795825455,-0.016802457164549922
0.23958333333333334,4,eft,alpha0_ab,0,0.40000000000000002,1,565.80510139231569,565.74124229094548,-0.063859101370212557,-0.015299576369946759
0.24159722222222221,4,eft,alpha0_ab,0,0.40000000000000002,1,566.69686460834782,566.64204941125342,-0.054815197094399082,-0.013243199353570444
0.24361111111111111,4,eft,alpha0_ab,0,0.40000000000000002,1,567.57783864274779,567.53387342922838,-0.043965213519413737,-0.010710414515701625
0.24562500000000001,4,eft,alpha0_ab,0,0.40000000000000002,1,568.43507759756778,568.40327609528447,-0.031801502283315131,-0.0078112439983392791
0.24763888888888888,4,eft,alpha0_ab,0,0.40000000000000002,1,569.25552624297279,569.23667231372303,-0.018853929249758039,-0.0046689660905998029
0.24965277777777778,4,eft,alpha0_ab,0,0.40000000000000002,1,570.02604964794295,570.02036714500161,-0.0056825029413403172,-0.0014186526440360028
0.25166666666666665,4,eft,alpha0_ab,0,0.40000000000000002,1,570.73334650642596,570.74047196351739,0.0071254570914334181,0.00179324003467741
0.25368055555555552,4,eft,alpha0_ab,0,0.40000000000000002,1,571.36387094932843,571.38282926705256,0.018958317724127483,0.0048093565726553943
0.25569444444444445,4,eft,alpha0_ab,0,0.40000000000000002,1,571.90690741206856,571.93619366940015,0.029286257331591514,0.0074883332982583302
0.25770833333333332,4,eft,alpha0_ab,0,0.40000000000000002,1,572.36262803710019,572.40055453662717,0.037926499526975022,0.0097739749822641879
0.25972222222222219,4,eft,alpha0_ab,0,0.40000000000000002,1,572.73404665206795,572.7788232515818,0.044776599513852489,0.011629477929292241
0.26173611111111111,4,eft,alpha0_ab,0,0.40000000000000002,1,573.02469751959711,573.07443632029526,0.049738800698150953,0.013018440266064649
0.26374999999999998,4,eft,alpha0_ab,0,0.40000000000000002,1,573.23861594435868,573.29133636777112,0.052720423412438322,0.013905011675030606
0.26576388888888891,4,eft,alpha0_ab,0,0.40000000000000002,1,573.3803185696753,573.43395280007098,0.053634230395687155,0.01425404164752047
0.26777777777777778,4,eft,alpha0_ab,0,0.40000000000000002,1,573.45481396117373,573.50721451803997,0.052400556866246006,0.01403170467196143
0.26979166666666665,4,eft,alpha0_ab,0,0.40000000000000002,1,573.46993395806385,573.51902306293573,0.049089104871882228,0.013243831418559893
0.27180555555555558,4,eft,alpha0_ab,0,0.40000000000000002,1,573.43786101990997,573.48188626074716,0.044025240837186175,0.011966305044218521
0.27381944444444445,4,eft,alpha0_ab,0,0.40000000000000002,1,573.3713316679673,573.40890350771383,0.037571839746533442,0.010287900286151484
0.27583333333333332,4,eft,alpha0_ab,0,0.40000000000000002,1,573.28327242997284,573.31337588958149,0.030103459608653793,0.0083035376087203377
0.27784722222222225,4,eft,alpha0_ab,0,0.40000000000000002,1,573.18683797863639,573.20884220853998,0.022004229903586747,0.0061138141558507346
0.27986111111111112,4,eft,alpha0_ab,0,0.40000000000000002,1,573.09544164804129,573.10910736988637,0.013665721845086409,0.0038245040997012662
0.28187499999999999,4,eft,alpha0_ab,0,0.40000000000000002,1,573.02275745276791,573.02824198890426,0.0054845361363504708,0.0015459536234337888
0.28388888888888891,4,eft,alpha0_ab,0,0.40000000000000002,1,572.97722803926183,572.97501576635898,-0.0022122729028524191,-0.00062803969630977009
0.28590277777777778,4,eft,alpha0_ab,0,0.40000000000000002,1,572.95441283727428,572.9451459677374,-0.0092668695368729459,-0.0026494237418962442
0.28791666666666665,4,eft,alpha0_ab,0,0.40000000000000002,1,572.94772771412056,572.93218066438703,-0.015547049733527274,-0.0044762547357780607
0.28993055555555558,4,eft,alpha0_ab,0,0.40000000000000002,1,572.95028488941011,572.92936209213383,-0.020922797276284655,-0.0060661582380894747
0.29194444444444445,4,eft,alpha0_ab,0,0.40000000000000002,1,572.95492344550189,572.92965654779414,-0.025266897707751923,-0.0073765304141242419
0.29395833333333332,4,eft,alpha0_ab,0,0.40000000000000002,1,572.95423697595561,572.92578144636934,-0.028455529586267403,-0.0083647400512965216
0.29597222222222225,4,eft,alpha0_ab,0,0.40000000000000002,1,572.94059834635777,572.91022951586035,-0.030368830497423005,-0.008988330248612281
0.29798611111111112,4,eft,alpha0_ab,0,0.40000000000000002,1,572.90660005708094,572.875692038804,-0.030908018276932125,-0.0092101601684941494
0.29999999999999999,4,eft,alpha0_ab,0,0.40000000000000002,1,572.84917573319808,572.81901974593097,-0.030155987267107776,-0.009046796180132332
0.01,0,eft,alpha2_ab,1,-0.90000000000000002,1,37523.630499326566,37524.12498102228,0.49448169571405742,0.0049448169571405746
0.01201388888888889,0,eft,alpha2_ab,1,-0.90000000000000002,1,39965.052992701596,39965.813765220009,0.76077251841343241,0.0091398365059391536
0.014027777777777778,0,eft,alpha2_ab,1,-0.90000000000000002,1,41372.126022042401,41373.200700808251,1.074678765849967,0.015075354909839815
0.016041666666666666,0,eft,alpha2_ab,1,-0.90000000000000002,1,41936.090163900888,41937.516094023158,1.4259301222700742,0.022874295711415773
0.018055555555555554,0,eft,alpha2_ab,1,-0.90000000000000002,1,41820.331620354191,41822.13496901773,1.8033486635395093,0.032560461980574468
0.020069444444444445,0,eft,alpha2_ab,1,-0.90000000000000002,1,41168.025524457466,41170.221413075,2.195888617534365,0.044070264615793858
0.022083333333333333,0,eft,alpha2_ab,1,-0.90000000000000002,1,40103.665521216128,40106.258866763441,2.5933455473132199,0.057269714169833605
0.024097222222222221,0,eft,alpha2_ab,1,-0.90000000000000002,1,38741.103005943245,38744.090357151974,2.9873512087287963,0.071986865932561969
0.026111111111111113,0,eft,alpha2_ab,1,-0.90000000000000002,1,37178.341918562975,37181.713430020027,3.3715114570513833,0.088033910267452789
0.028124999999999997,0,eft,alpha2_ab,1,-0.90000000000000002,1,35494.578670905452,35498.319817685813,3.741146780361305,0.10521975319766169
0.030138888888888889,0,eft,alpha2_ab,1,-0.90000000000000002,1,33766.873872940683,33770.968763710429,4.0948907697456889,0.12341545792150201
0.03215277777777778,0,eft,alpha2_ab,1,-0.90000000000000002,1,32054.434820951014,32058.868008207857,4.4331872568436665,0.14253928471657068
0.034166666666666665,0,eft,alpha2_ab,1,-0.90000000000000002,1,30394.532102968096,30399.288965913067,4.756862944970635,0.16252615061983003
0.036180555555555556,0,eft,alpha2_ab,1,-0.90000000000000002,1,28819.622802855592,28824.69150941581,5.0687065602178336,0.18338861929677022
0.038194444444444448,0,eft,alpha2_ab,1,-0.90000000000000002,1,27358.020589491964,27363.394151750279,5.3735622583153599,0.20524022514398946
0.040208333333333332,0,eft,alpha2_ab,1,-0.90000000000000002,1,26023.359984122879,26029.035934627806,5.6759505049267318,0.22822050988559567
0.042222222222222223,0,eft,alpha2_ab,1,-0.90000000000000002,1,24818.891885469166,24824.871660787412,5.9797753182465385,0.25247940232596494
0.044236111111111115,0,eft,alpha2_ab,1,-0.90000000000000002,1,23742.001563981416,23748.290039489933,6.2884755085178767,0.27817770131429775
0.046249999999999999,0,eft,alpha2_ab,1,-0.90000000000000002,1,22786.603388547002,22793.208458994784,6.6050704477820545,0.30548450820992001
0.048263888888888891,0,eft,alpha2_ab,1,-0.90000000000000002,1,21945.215138483531,21952.147541485909,6.9324030023781233,0.33458472823977747
0.050277777777777775,0,eft,alpha2_ab,1,-0.90000000000000002,1,21207.279046306059,21214.551369638884,7.2723233328251808,0.36563625645593267
0.052291666666666667,0,eft,alpha2_ab,1,-0.90000000000000002,1,20557.516333807242,20565.140880422732,7.6245466154905444,0.39870025010169308
0.054305555555555558,0,eft,alpha2_ab,1,-0.90000000000000002,1,19981.614511473068,19989.602740142578,7.9882286695101357,0.43380519580256433
0.056319444444444443,0,eft,alpha2_ab,1,-0.90000000000000002,1,19464.634896756281,19472.99614881954,8.3612520632595988,0.47090107106274542
0.058333333333333334,0,eft,alpha2_ab,1,-0.90000000000000002,1,18991.691511088102,19000.431829134788,8.7403180466862977,0.50985188605670073
0.060347222222222226,0,eft,alpha2_ab,1,-0.90000000000000002,1,18549.256631069773,18558.378107520588,9.1214764508149528,0.55045576637209681
0.06236111111111111,0,eft,alpha2_ab,1,-0.90000000000000002,1,18125.081149470621,18134.581275639666,9.500126169044961,0.59243842359738719
0.064375000000000002,0,eft,alpha2_ab,1,-0.90000000000000002,1,17708.408831647514,17718.280064469785,9.8712328222718497,0.63546061293375034
0.066388888888888886,0,eft,alpha2_ab,1,-0.90000000000000002,1,17290.597273455809,17300.827056412949,10.229782957139832,0.67914392409900548
0.068402777777777771,0,eft,alpha2_ab,1,-0.90000000000000002,1,16865.234210765084,16875.805308039762,10.571097274678323,0.72309241774709354
0.070416666666666669,0,eft,alpha2_ab,1,-0.90000000000000002,1,16427.908106552262,16438.799075686133,10.890969133870385,0.76690574317670634
0.072430555555555554,0,eft,alpha2_ab,1,-0.90000000000000002,1,15976.741747577064,15987.927974747778,11.186227170714119,0.81022464854547405
0.074444444444444438,0,eft,alpha2_ab,1,-0.90000000000000002,1,15511.435726888223,15522.890211313517,11.45448442529414,0.85272272943856375
0.076458333333333323,0,eft,alpha2_ab,1,-0.90000000000000002,1,15033.963183946358,15045.657992245717,11.694808299358556,0.89416555122178942
0.078472222222222221,0,eft,alpha2_ab,1,-0.90000000000000002,1,14547.312156379023,14559.219326826917,11.907170447893805,0.93438212542499988
0.080486111111111105,0,eft,alpha2_ab,1,-0.90000000000000002,1,14055.960782062382,14068.053746165378,12.09296410299612,0.97331565245642382
0.08249999999999999,0,eft,alpha2_ab,1,-0.90000000000000002,1,13564.805352205651,13577.059731029538,12.254378823887237,1.010986252970697
0.084513888888888888,0,eft,alpha2_ab,1,-0.90000000000000002,1,13079.260030608719,13091.654696916004,12.394666307285661,1.0475214511087951
0.086527777777777773,0,eft,alpha2_ab,1,-0.90000000000000002,1,12604.717354492932,12617.23500759888,12.517653105947829,1.0831247062507634
0.088541666666666657,0,eft,alpha2_ab,1,-0.90000000000000002,1,12146.03919741754,12158.666731262325,12.627533844784921,1.118062892506998
0.090555555555555542,0,eft,alpha2_ab,1,-0.90000000000000002,1,11707.802021048044,11720.530848182825,12.728827134780659,1.1526660127606927
0.09256944444444444,0,eft,alpha2_ab,1,-0.90000000000000002,1,11293.506420438127,11306.332258679569,12.825838241442398,1.187280720544633
0.094583333333333325,0,eft,alpha2_ab,1,-0.90000000000000002,1,10905.933260694259,10918.856038801587,12.922778107327758,1.2222794293180836
0.096597222222222209,0,eft,alpha2_ab,1,-0.90000000000000002,1,10547.062828581997,10560.086342698662,13.023514116664956,1.2580352872417326
0.098611111111111108,0,eft,alpha2_ab,1,-0.90000000000000002,1,10217.506885527357,10230.637951093091,13.131065565734389,1.2948689655099188
0.10062499999999999,0,eft,alpha2_ab,1,-0.90000000000000002,1,9917.5747185926975,9930.8230052337913,13.248286641093728,1.3331088432600562
0.10263888888888888,0,eft,alpha2_ab,1,-0.90000000000000002,1,9646.3289064114288,9659.7057534650394,13.376847053610618,1.3729847184192008
0.10465277777777778,0,eft,alpha2_ab,1,-0.90000000000000002,1,9402.2514957171061,9415.7692875719913,13.517791854885218,1.4146744670355571
0.10666666666666666,0,eft,alpha2_ab,1,-0.90000000000000002,1,9183.526535192188,9197.1982125208633,13.671677328675287,1.4583122483920306
0.10868055555555554,0,eft,alpha2_ab,1,-0.90000000000000002,1,8987.5439967850725,9001.3818220886715,13.837825303598947,1.5039025416758576
0.11069444444444444,0,eft,alpha2_ab,1,-0.90000000000000002,1,8811.5845059017847,8825.5997096745086,14.015203772723908,1.5514051953973547
0.11270833333333333,0,eft,alpha2_ab,1,-0.90000000000000002,1,8652.787739910098,8666.9899179067215,14.202177996623504,1.6007038117027741
0.11472222222222221,0,eft,alpha2_ab,1,-0.90000000000000002,1,8508.0786220863047,8522.4749010358337,14.396278949529005,1.6515731128209663
0.11673611111111111,0,eft,alpha2_ab,1,-0.90000000000000002,1,8374.4015170252314,8388.9962959087079,14.594778883476465,1.7037377293836067
0.11874999999999999,0,eft,alpha2_ab,1,-0.90000000000000002,1,8248.9191830401505,8263.7139468672649,14.794763827114366,1.7568782044698308
0.12076388888888888,0,eft,alpha2_ab,1,-0.90000000000000002,1,8129.0377739333462,8144.0309183432501,14.993144409903834,1.8106304256126922
0.12277777777777778,0,eft,alpha2_ab,1,-0.90000000000000002,1,8012.2116942904086,8027.3983760497076,15.186681759299063,1.8645870382250516
0.12479166666666666,0,eft,alpha2_ab,1,-0.90000000000000002,1,7896.3513444439322,7911.7238087932583,15.372464349326037,1.9183554469263118
0.12680555555555556,0,eft,alpha2_ab,1,-0.90000000000000002,1,7780.0112914265119,7795.5594526747409,15.548161248229007,1.9715932249490395
0.12881944444444443,0,eft,alpha2_ab,1,-0.90000000000000002,1,7661.8091533312418,7677.520581869052,15.711428537810207,2.0239374956693008
0.13083333333333333,0,eft,alpha2_ab,1,-0.90000000000000002,1,7540.691203943079,7556.551527773272,15.860323830193011,2.075059034450252
0.13284722222222223,0,eft,alpha2_ab,1,-0.90000000000000002,1,7416.5316145480829,7432.5258285522341,15.994214004151218,2.1247869020792556
0.1348611111111111,0,eft,alpha2_ab,1,-0.90000000000000002,1,7289.3678813959777,7305.4805871918397,16.112705795861984,2.1729774066363867
0.136875,0,eft,alpha2_ab,1,-0.90000000000000002,1,7159.2838754400727,7175.4993736642045,16.215498224131807,2.2194963194280408
0.1388888888888889,0,eft,alpha2_ab,1,-0.90000000000000002,1,7026.9375624183385,7043.2409446414495,16.30338222311093,2.2643586420987405
0.14090277777777779,0,eft,alpha2_ab,1,-0.90000000000000002,1,6893.3349353474969,6909.7127693550228,16.377834007525962,2.3076823056437625
0.14291666666666666,0,eft,alpha2_ab,1,-0.90000000000000002,1,6759.4685587178719,6775.9088867245173,16.440328006645359,2.3495968776163991
0.14493055555555556,0,eft,alpha2_ab,1,-0.90000000000000002,1,6626.3349044740789,6642.8273981983957,16.492493724316773,2.3902662779617434
0.14694444444444446,0,eft,alpha2_ab,1,-0.90000000000000002,1,6494.9934515505402,6511.529984645058,16.536533094517836,2.4299516686110931
0.14895833333333333,0,eft,alpha2_ab,1,-0.90000000000000002,1,6366.5041537536435,6383.0789038975581,16.574750143914571,2.4689471568539414
0.15097222222222223,0,eft,alpha2_ab,1,-0.90000000000000002,1,6241.9057960348564,6258.5152079923282,16.609411957471821,2.5075598330238709
0.15298611111111113,0,eft,alpha2_ab,1,-0.90000000000000002,1,6122.0238478451192,6138.6664812071404,16.642633362021115,2.5460917567036474
0.155,0,eft,alpha2_ab,1,-0.90000000000000002,1,6007.3200085147637,6023.9963262423335,16.676317727569767,2.5848292477733139
0.1570138888888889,0,eft,alpha2_ab,1,-0.90000000000000002,1,5898.2119404442592,5914.9242827460275,16.712342301768331,2.6240698572429304
0.1590277777777778,0,eft,alpha2_ab,1,-0.90000000000000002,1,5795.1066777933456,5811.859243805422,16.752566012076386,2.6641233449760366
0.16104166666666667,0,eft,alpha2_ab,1,-0.90000000000000002,1,5698.1838443566803,5714.9821999686392,16.798355611958868,2.7052351850092093
0.16305555555555556,0,eft,alpha2_ab,1,-0.90000000000000002,1,5607.2177409970172,5624.0679240668333,16.850183069816012,2.7475159616616667
0.16506944444444446,0,eft,alpha2_ab,1,-0.90000000000000002,1,5521.9432920314466,5538.851696936179,16.908404904732379,2.7910610040658939
0.16708333333333333,0,eft,alpha2_ab,1,-0.90000000000000002,1,5442.0998796182066,5459.073236928949,16.973357310742358,2.8359651173365359
0.16909722222222223,0,eft,alpha2_ab,1,-0.90000000000000002,1,5367.3749404502341,5384.4200194667601,17.04507901652596,2.8822755142528274
0.1711111111111111,0,eft,alpha2_ab,1,-0.90000000000000002,1,5297.2674530839213,5314.3900693109981,17.122616227076833,2.9298698877442577
0.173125,0,eft,alpha2_ab,1,-0.90000000000000002,1,5231.2441796428566,5248.4489401051342,17.204760462277591,2.9785741550318079
0.1751388888888889,0,eft,alpha2_ab,1,-0.90000000000000002,1,5168.7833712644679,5186.0736292315169,17.290257967049001,3.0281965689512211
0.17715277777777777,0,eft,alpha2_ab,1,-0.90000000000000002,1,5109.3771854689658,5126.7550003356055,17.37781486663971,3.0785281753331875
0.17916666666666667,0,eft,alpha2_ab,1,-0.90000000000000002,1,5052.5480906483817,5070.0142214207917,17.466130772409997,3.1293484300567913
0.18118055555555557,0,eft,alpha2_ab,1,-0.90000000000000002,1,4997.8406339338644,5015.3945535722141,17.553919638349726,3.1804289122537805
0.18319444444444444,0,eft,alpha2_ab,1,-0.90000000000000002,1,4944.8078933590868,4962.4477964834332,17.639903124346347,3.2315322529184489
0.18520833333333334,0,eft,alpha2_ab,1,-0.90000000000000002,1,4893.0128050309158,4910.7356192762672,17.722814245351401,3.2824128883577908
0.18722222222222223,0,eft,alpha2_ab,1,-0.90000000000000002,1,4842.0643429895163,4859.8658228031964,17.801479813680089,3.3328326095612169
0.1892361111111111,0,eft,alpha2_ab,1,-0.90000000000000002,1,4791.7567738539874,4809.6319188580183,17.875145004030855,3.3826229261100056
0.19125,0,eft,alpha2_ab,1,-0.90000000000000002,1,4741.9421938238993,4759.8853907037992,17.943196879899915,3.4316364032808586
0.1932638888888889,0,eft,alpha2_ab,1,-0.90000000000000002,1,4692.4740488173338,4710.479085541725,18.005036724391175,3.4797234169431004
0.19527777777777777,0,eft,alpha2_ab,1,-0.90000000000000002,1,4643.208140864087,4661.268221501371,18.060080637284045,3.5267324133363012
0.19729166666666667,0,eft,alpha2_ab,1,-0.90000000000000002,1,4594.0402789685031,4612.1482693766629,18.107990408159822,3.572555607609865
0.19930555555555557,0,eft,alpha2_ab,1,-0.90000000000000002,1,4545.0209025263894,4563.1703133789615,18.149410852572146,3.617278412977921
0.20131944444444444,0,eft,alpha2_ab,1,-0.90000000000000002,1,4496.2358664649746,4514.4211259162394,18.185259451264756,3.6610463298067031
0.20333333333333334,0,eft,alpha2_ab,1,-0.90000000000000002,1,4447.7649930923199,4465.9814657608476,18.216472668527786,3.7040161092673163
0.20534722222222224,0,eft,alpha2_ab,1,-0.90000000000000002,1,4399.6817664588498,4417.9257713473944,18.244004888544623,3.7463557260712816
0.20736111111111111,0,eft,alpha2_ab,1,-0.90000000000000002,1,4352.0589069701819,4370.3277161255119,18.268809155330018,3.7882405651260718
0.20937500000000001,0,eft,alpha2_ab,1,-0.90000000000000002,1,4305.00890447038,4323.3006020394605,18.291697569080497,3.8298241785262293
0.2113888888888889,0,eft,alpha2_ab,1,-0.90000000000000002,1,4258.6626583458074,4276.9760353695638,18.313377023756402,3.8712444208551733
0.21340277777777777,0,eft,alpha2_ab,1,-0.90000000000000002,1,4213.1483122408117,4231.482816306353,18.334504065541296,3.9126340967644722
0.21541666666666667,0,eft,alpha2_ab,1,-0.90000000000000002,1,4168.5902529104014,4186.9459363720998,18.355683461698391,3.9541201457075283
0.21743055555555557,0,eft,alpha2_ab,1,-0.90000000000000002,1,4125.1078410636756,4143.485305774806,18.377464711130415,3.9958223618437039
0.21944444444444444,0,eft,alpha2_ab,1,-0.90000000000000002,1,4082.781947999933,4101.1821478917573,18.400199891824286,4.0378216429281073
0.22145833333333334,0,eft,alpha2_ab,1,-0.90000000000000002,1,4041.6365633163855,4060.0605191033087,18.423955786923216,4.0801385419790375
0.22347222222222224,0,eft,alpha2_ab,1,-0.90000000000000002,1,4001.6923281999279,4020.1410639208234,18.448735720895456,4.1227799687389988
0.22548611111111111,0,eft,alpha2_ab,1,-0.90000000000000002,1,3962.9715347825299,3981.446036622865,18.474501840335051,4.1657435746922165
0.22750000000000001,0,eft,alpha2_ab,1,-0.90000000000000002,1,3925.4977059658809,3943.9988805568764,18.501174590995561,4.2090172194514901
0.22951388888888891,0,eft,alpha2_ab,1,-0.90000000000000002,1,3889.2920361670203,3907.820668116603,18.528631949582632,4.2525783745396248
0.23152777777777778,0,eft,alpha2_ab,1,-0.90000000000000002,1,3854.3142846667838,3872.8709959958114,18.556711329027621,4.2963941368734782
0.23354166666666668,0,eft,alpha2_ab,1,-0.90000000000000002,1,3820.4691490860296,3839.0543920864798,18.585243000450191,4.340428625730139
0.23555555555555557,0,eft,alpha2_ab,1,-0.90000000000000002,1,3787.6614487248089,3806.2755175826551,18.614068857846178,4.3846473309593224
0.23756944444444444,0,eft,alpha2_ab,1,-0.90000000000000002,1,3755.798398972559,3774.4414418736314,18.643042901072477,4.429017344761732
0.23958333333333334,0,eft,alpha2_ab,1,-0.90000000000000002,1,3724.7897821112051,3743.4618133144709,18.67203120326576,4.473507475782422
0.24159722222222221,0,eft,alpha2_ab,1,-0.90000000000000002,1,3694.5483229496031,3713.2492332684028,18.700910318799743,4.5180879860489096
0.24361111111111111,0,eft,alpha2_ab,1,-0.90000000000000002,1,3664.9957017512688,3683.7252281845504,18.729526433281535,4.5627207449966409
0.24562500000000001,0,eft,alpha2_ab,1,-0.90000000000000002,1,3636.0616446124495,3654.8193372668984,18.757692654448874,4.6073582582490049
0.24763888888888888,0,eft,alpha2_ab,1,-0.90000000000000002,1,3607.6764520453798,3626.4616876730784,18.785235627698512,4.6519548783592288
0.24965277777777778,0,eft,alpha2_ab,1,-0.90000000000000002,1,3579.7710007771675,3598.5829984012544,18.811997624086871,4.6964674624022429
0.25166666666666665,0,eft,alpha2_ab,1,-0.90000000000000002,1,3552.2771218367707,3571.1149577852934,18.837835948522752,4.7408553803782256
0.25368055555555552,0,eft,alpha2_ab,1,-0.90000000000000002,1,3525.127941667959,3543.990563955163,18.862622287203976,4.7850805010525077
0.25569444444444445,0,eft,alpha2_ab,1,-0.90000000000000002,1,3498.2728446841916,3517.1591089246767,18.886264240485161,4.8291128426018313
0.25770833333333332,0,eft,alpha2_ab,1,-0.90000000000000002,1,3471.712850898396,3490.6216030541918,18.90875215579581,4.8729430034832113
0.25972222222222219,0,eft,alpha2_ab,1,-0.90000000000000002,1,3445.4590935140532,3464.3891796791895,18.930086165136345,4.9165640456673554
0.26173611111111111,0,eft,alpha2_ab,1,-0.90000000000000002,1,3419.5216668956914,3438.471924415343,18.950257519651586,4.9599667077476965
0.26374999999999998,0,eft,alpha2_ab,1,-0.90000000000000002,1,3393.9097447091644,3412.8789929216555,18.969248212491038,5.0031392160445112
0.26576388888888891,0,eft,alpha2_ab,1,-0.90000000000000002,1,3368.6316913848746,3387.6187219927469,18.987030607872384,5.0460670928005289
0.26777777777777778,0,eft,alpha2_ab,1,-0.90000000000000002,1,3343.6952433928604,3362.6988112465333,19.003567853672848,5.0887331697057299
0.26979166666666665,0,eft,alpha2_ab,1,-0.90000000000000002,1,3319.1136512149651,3338.132525163941,19.018873948975852,5.1311337008174434
0.27180555555555558,0,eft,alpha2_ab,1,-0.90000000000000002,1,3294.9103402966357,3313.9433937288377,19.033053432201996,5.1732896620582371
0.27381944444444445,0,eft,alpha2_ab,1,-0.90000000000000002,1,3271.1096134029176,3290.1558168924985,19.046203489580876,5.2152208582928745
0.27583333333333332,0,eft,alpha2_ab,1,-0.90000000000000002,1,3247.735479308255,3266.7938829764307,19.058403668175742,5.2569430118051423
0.27784722222222225,0,eft,alpha2_ab,1,-0.90000000000000002,1,3224.8115094687728,3243.8812255648709,19.069716096098091,5.2984676458672544
0.27986111111111112,0,eft,alpha2_ab,1,-0.90000000000000002,1,3202.3607131025065,3221.4408988206869,19.080185718180473,5.339801975296341
0.28187499999999999,0,eft,alpha2_ab,1,-0.90000000000000002,1,3180.4053678066675,3199.4952084903243,19.089840683656803,5.3809488427057612
0.28388888888888891,0,eft,alpha2_ab,1,-0.90000000000000002,1,3158.9508712465472,3178.0496015912649,19.098730344717751,5.421917336750429
0.28590277777777778,0,eft,alpha2_ab,1,-0.90000000000000002,1,3137.9648510459365,3157.0718345679452,19.106983522008704,5.4627396638965164
0.28791666666666665,0,eft,alpha2_ab,1,-0.90000000000000002,1,3117.4101805672572,3136.5249225560606,19.114741988803416,5.5034527976096497
0.28993055555555558,0,eft,alpha2_ab,1,-0.90000000000000002,1,3097.2503068108463,3116.3724556429738,19.12214883212755,5.5440952343147591
0.29194444444444445,0,eft,alpha2_ab,1,-0.90000000000000002,1,3077.4491539465116,3096.578502556576,19.129348610064426,5.5847070525493647
0.29395833333333332,0,eft,alpha2_ab,1,-0.90000000000000002,1,3057.9710349496213,3077.1075224568449,19.136487507223592,5.6253299734776014
0.29597222222222225,0,eft,alpha2_ab,1,-0.90000000000000002,1,3038.7805709089298,3057.924284396805,19.143713487875175,5.666007422591945
0.29798611111111112,0,eft,alpha2_ab,1,-0.90000000000000002,1,3019.8441264740777,3038.9952900872222,19.15116361314449,5.7067807683335428
0.29999999999999999,0,eft,alpha2_ab,1,-0.90000000000000002,1,3001.1444588806617,3020.3032979629652,19.15883908230353,5.7476517246910586
0.01,2,eft,alpha2_ab,1,-0.90000000000000002,1,22498.582541345102,22499.571420408378,0.98887906327581732,0.0098887906327581737
0.01201388888888889,2,eft,alpha2_ab,1,-0.90000000000000002,1,23920.531433096512,23922.052774391996,1.5213412954835803,0.018277225286018016
0.014027777777777778,2,eft,alpha2_ab,1,-0.90000000000000002,1,24713.471640471122,24715.620591212024,2.1489507409023645,0.030145003448769279
0.016041666666666666,2,eft,alpha2_ab,1,-0.90000000000000002,1,24995.195511899707,24998.046671971733,2.851160072026687,0.045737359488761432
0.018055555555555554,2,eft,alpha2_ab,1,-0.90000000000000002,1,24866.712030895986,24870.31766386416,3.6056329681741772,0.065101706369811524
0.020069444444444445,2,eft,alpha2_ab,1,-0.90000000000000002,1,24416.659746769139,24421.050077994863,4.390331225724367,0.088111508627384871
0.022083333333333333,2,eft,alpha2_ab,1,-0.90000000000000002,1,23722.103297916627,23727.288232676096,5.1849347594688879,0.11450064260493795
0.024097222222222221,2,eft,alpha2_ab,1,-0.90000000000000002,1,22853.197149190146,22859.169974494092,5.9728253039465926,0.14392849864371302
0.026111111111111113,2,eft,alpha2_ab,1,-0.90000000000000002,1,21870.049619898102,21876.790969493006,6.7413495949040225,0.17602412831138281
0.028124999999999997,2,eft,alpha2_ab,1,-0.90000000000000002,1,20821.016366970951,20828.497649380028,7.4812824090768117,0.21041106775528531
0.030138888888888889,2,eft,alpha2_ab,1,-0.90000000000000002,1,19752.440748276353,19760.630750209089,8.1900019327367772,0.24683755825053899
0.03215277777777778,2,eft,alpha2_ab,1,-0.90000000000000002,1,18699.514578351133,18708.383043263748,8.868464912615309,0.28514578156533948
0.034166666666666665,2,eft,alpha2_ab,1,-0.90000000000000002,1,17684.135013329054,17693.653347145384,9.5183338163296867,0.32520973872459763
0.036180555555555556,2,eft,alpha2_ab,1,-0.90000000000000002,1,16724.904374432801,16735.049497778949,10.145123346148466,0.36705619884328827
0.038194444444444448,2,eft,alpha2_ab,1,-0.90000000000000002,1,15837.530580307242,15848.288965290842,10.758384983599171,0.41091053756802393
0.040208333333333332,2,eft,alpha2_ab,1,-0.90000000000000002,1,15028.971231937339,15040.338181443396,11.366949506056699,0.45704609472269642
0.042222222222222223,2,eft,alpha2_ab,1,-0.90000000000000002,1,14300.090524640027,14312.068872916756,11.978348276728866,0.50575248279521878
0.044236111111111115,2,eft,alpha2_ab,1,-0.90000000000000002,1,13648.353178967731,13660.952309092108,12.599130124377552,0.55733652008531265
0.046249999999999999,2,eft,alpha2_ab,1,-0.90000000000000002,1,13069.26132902377,13082.496302310801,13.234973287031607,0.61211751452521179
0.048263888888888891,2,eft,alpha2_ab,1,-0.90000000000000002,1,12557.541584782964,12571.432781306426,13.891196523461986,0.67044316554208894
0.050277777777777775,2,eft,alpha2_ab,1,-0.90000000000000002,1,12106.312725618023,12120.883876467342,14.571150849318656,0.73260508436852123
0.052291666666666667,2,eft,alpha2_ab,1,-0.90000000000000002,1,11706.306247292496,11721.580206328606,15.273959036110682,0.79870077459662103
0.054305555555555558,2,eft,alpha2_ab,1,-0.90000000000000002,1,11348.975364193488,11364.973067519986,15.997703326498595,0.86876416675846535
0.056319444444444443,2,eft,alpha2_ab,1,-0.90000000000000002,1,11025.685789254338,11042.423813415171,16.738024160833447,0.94267622183582811
0.058333333333333334,2,eft,alpha2_ab,1,-0.90000000000000002,1,10728.086325528253,10745.574656780638,17.488331252385251,1.0201526563891397
0.060347222222222226,2,eft,alpha2_ab,1,-0.90000000000000002,1,10448.800217265511,10467.041103774003,18.240886508492622,1.1007868316583396
0.06236111111111111,2,eft,alpha2_ab,1,-0.90000000000000002,1,10181.378214704237,10200.365025072788,18.986810368551232,1.1840385910388198
0.064375000000000002,2,eft,alpha2_ab,1,-0.90000000000000002,1,9920.3591103592662,9940.0756349226376,19.716524563371422,1.2692512687670354
0.066388888888888886,2,eft,alpha2_ab,1,-0.90000000000000002,1,9661.5694269499782,9681.9900646615115,20.420637711533345,1.3557034480712415
0.068402777777777771,2,eft,alpha2_ab,1,-0.90000000000000002,1,9402.1062548971058,9423.1967938176167,21.09053892051088,1.4426514469932787
0.070416666666666669,2,eft,alpha2_ab,1,-0.90000000000000002,1,9140.1702328568426,9161.8888821748678,21.7186493180252,1.5293548894776079
0.072430555555555554,2,eft,alpha2_ab,1,-0.90000000000000002,1,8875.2644005176062,8897.5638521665751,22.299451648968898,1.6151616715190666
0.074444444444444438,2,eft,alpha2_ab,1,-0.90000000000000002,1,8607.6645904414945,8630.4935759575765,22.828985516081957,1.69949114397499
0.076458333333333323,2,eft,alpha2_ab,1,-0.90000000000000002,1,8338.6891442425804,8361.9951944960612,23.306050253480862,1.7819417589640574
0.078472222222222221,2,eft,alpha2_ab,1,-0.90000000000000002,1,8070.0655054307044,8093.7966331998759,23.731127769171508,1.8622343318863752
0.080486111111111105,2,eft,alpha2_ab,1,-0.90000000000000002,1,7804.0863936292562,7828.193682128991,24.10728849973475,1.9403019007772619
0.08249999999999999,2,eft,alpha2_ab,1,-0.90000000000000002,1,7543.1233393907605,7567.5623188628688,24.438979472108258,2.0162158064489311
0.084513888888888888,2,eft,alpha2_ab,1,-0.90000000000000002,1,7289.5979188749798,7314.3304147504323,24.732495875452514,2.0902394083628963
0.086527777777777773,2,eft,alpha2_ab,1,-0.90000000000000002,1,7045.8020191714322,7070.7970378355776,24.995018664145391,2.1627634205225803
0.088541666666666657,2,eft,alpha2_ab,1,-0.90000000000000002,1,6813.6027105908561,6838.8369872035801,25.234276612723988,2.2342849084182697
0.090555555555555542,2,eft,alpha2_ab,1,-0.90000000000000002,1,6594.6343070738549,6620.0927045668923,25.45839749303741,2.3053993285361649
0.09256944444444444,2,eft,alpha2_ab,1,-0.90000000000000002,1,6389.9258271035651,6415.6008411946441,25.675014091078992,2.3767217905144649
0.094583333333333325,2,eft,alpha2_ab,1,-0.90000000000000002,1,6200.1018080686581,6225.9932784777011,25.891470409042995,2.4489015761886499
0.096597222222222209,2,eft,alpha2_ab,1,-0.90000000000000002,1,6025.3950864709886,6051.5094561949427,26.114369723954042,2.5225755754180601
0.098611111111111108,2,eft,alpha2_ab,1,-0.90000000000000002,1,5865.4143006973381,5891.7630803643406,26.348779667002418,2.5982824393849606
0.10062499999999999,2,eft,alpha2_ab,1,-0.90000000000000002,1,5719.6387860208933,5746.2381731389924,26.599387118099003,2.6765633287587121
0.10263888888888888,2,eft,alpha2_ab,1,-0.90000000000000002,1,5587.0859264957544,5613.9546837244698,26.868757228715367,2.7577793877806465
0.10465277777777778,2,eft,alpha2_ab,1,-0.90000000000000002,1,5466.5751894937375,5493.7335485156727,27.158359021935212,2.8421977115316919
0.10666666666666666,2,eft,alpha2_ab,1,-0.90000000000000002,1,5356.8743530068023,5384.3431530904045,27.468800083602218,2.9300053422509031
0.10868055555555554,2,eft,alpha2_ab,1,-0.90000000000000002,1,5256.5810414847765,5284.3795793897061,27.798537904929617,3.0211605431399198
0.11069444444444444,2,eft,alpha2_ab,1,-0.90000000000000002,1,5164.3074286275587,5192.4529162706312,28.145487643072556,3.1155491182678925
0.11270833333333333,2,eft,alpha2_ab,1,-0.90000000000000002,1,5078.7435563925492,5107.2501242328108,28.506567840261596,3.212927750329484
0.11472222222222221,2,eft,alpha2_ab,1,-0.90000000000000002,1,4998.6671665962485,5027.5444647724735,28.87729817622494,3.3128678185502496
0.11673611111111111,2,eft,alpha2_ab,1,-0.90000000000000002,1,4922.9208041304901,4952.1736917812532,29.252887650763114,3.4148683431203328
0.11874999999999999,2,eft,alpha2_ab,1,-0.90000000000000002,1,4850.5466280978726,4880.1749671645239,29.628339066651279,3.5183652641648391
0.12076388888888888,2,eft,alpha2_ab,1,-0.90000000000000002,1,4780.798091509072,4810.7965529360208,29.998461426948779,3.6227308626016614
0.12277777777777778,2,eft,alpha2_ab,1,-0.90000000000000002,1,4712.9889484997584,4743.34691928752,30.357970787761587,3.7272841911640615
0.12479166666666666,2,eft,alpha2_ab,1,-0.90000000000000002,1,4646.64061724782,4677.3428810092428,30.702263761422728,3.8313866652275443
0.12680555555555556,2,eft,alpha2_ab,1,-0.90000000000000002,1,4581.535298816163,4612.5630922435912,31.027793427428151,3.9344965832280421
0.12881944444444443,2,eft,alpha2_ab,1,-0.90000000000000002,1,4517.4949037718725,4548.8260109878893,31.33110721601679,4.0360558253966072
0.13083333333333333,2,eft,alpha2_ab,1,-0.90000000000000002,1,4454.4399249406079,4486.0494298804388,31.609504939830913,4.1355768962945447
0.13284722222222223,2,eft,alpha2_ab,1,-0.90000000000000002,1,4392.5179584621656,4424.3803870311813,31.862428569015719,4.2328351286477135
0.1348611111111111,2,eft,alpha2_ab,1,-0.90000000000000002,1,4331.9080461635613,4363.9977564570245,32.089710293463213,4.3276539854101079
0.136875,2,eft,alpha2_ab,1,-0.90000000000000002,1,4272.7860246873752,4305.0773521979045,32.2913275105293,4.4198754530036979
0.1388888888888889,2,eft,alpha2_ab,1,-0.90000000000000002,1,4215.3836139617943,4247.8525652098833,32.46895124808907,4.5095765622345931
0.14090277777777779,2,eft,alpha2_ab,1,-0.90000000000000002,1,4159.9526626210936,4192.5778995626988,32.625236941605181,4.5969865107303418
0.14291666666666666,2,eft,alpha2_ab,1,-0.90000000000000002,1,4106.7178605407826,4139.4805743808729,32.762713840090328,4.6823378529795763
0.14493055555555556,2,eft,alpha2_ab,1,-0.90000000000000002,1,4055.8499638004687,4088.7340242120617,32.884060411593055,4.7659051443746323
0.14694444444444446,2,eft,alpha2_ab,1,-0.90000000000000002,1,4007.417436854123,4040.4102755526255,32.99283869850251,4.8481143531966193
0.14895833333333333,2,eft,alpha2_ab,1,-0.90000000000000002,1,3961.450650867499,3994.5432965040891,33.092645636590078,4.9294253396170635
0.15097222222222223,2,eft,alpha2_ab,1,-0.90000000000000002,1,3917.9528488464948,3951.1397121075147,33.18686326101988,5.0102944951011956
0.15298611111111113,2,eft,alpha2_ab,1,-0.90000000000000002,1,3876.8332986294381,3910.1119058338722,33.278607204434138,5.0911646994005846
0.155,2,eft,alpha2_ab,1,-0.90000000000000002,1,3837.8644148208468,3871.2352013798873,33.370786559040425,5.1724719166512658
0.1570138888888889,2,eft,alpha2_ab,1,-0.90000000000000002,1,3800.7964431077771,3834.2626575182626,33.466214410485463,5.2546604709796974
0.1590277777777778,2,eft,alpha2_ab,1,-0.90000000000000002,1,3765.3681396701377,3798.9357363274416,33.567596657303966,5.3381803017518115
0.16104166666666667,2,eft,alpha2_ab,1,-0.90000000000000002,1,3731.3085556428896,3764.9853984123656,33.676842769476025,5.4233748876677019
0.16305555555555556,2,eft,alpha2_ab,1,-0.90000000000000002,1,3698.3499571180678,3732.1444736766002,33.79451655853245,5.5103836721829307
0.16506944444444446,2,eft,alpha2_ab,1,-0.90000000000000002,1,3666.2316782174667,3700.1526858721481,33.921007654681489,5.5993218885540212
0.16708333333333333,2,eft,alpha2_ab,1,-0.90000000000000002,1,3634.6996775381499,3668.7563517577978,34.056674219647903,5.6903026508661707
0.16909722222222223,2,eft,alpha2_ab,1,-0.90000000000000002,1,3603.5492290721731,3637.7506276297081,34.201398557534958,5.7833614921942793
0.1711111111111111,2,eft,alpha2_ab,1,-0.90000000000000002,1,3572.7340088195992,3607.0874887163336,34.35347989673437,5.8782621156634365
0.173125,2,eft,alpha2_ab,1,-0.90000000000000002,1,3542.2550516270476,3576.765890850219,34.510839223171388,5.9746890405115467
0.1751388888888889,2,eft,alpha2_ab,1,-0.90000000000000002,1,3512.1302688963647,3546.8016268970159,34.671358000651253,6.0723031165029493
0.17715277777777777,2,eft,alpha2_ab,1,-0.90000000000000002,1,3482.3968220019178,3517.2297151061057,34.83289310418786,6.1707437714432798
0.17916666666666667,2,eft,alpha2_ab,1,-0.90000000000000002,1,3453.1292499969236,3488.1226894272281,34.993439430304534,6.2696578979295623
0.18118055555555557,2,eft,alpha2_ab,1,-0.90000000000000002,1,3424.4291985961499,3459.5803493464782,35.15115075032827,6.3687050213615599
0.18319444444444444,2,eft,alpha2_ab,1,-0.90000000000000002,1,3396.4093651779599,3431.7136128534348,35.304247675474926,6.4675420394376983
0.18520833333333334,2,eft,alpha2_ab,1,-0.90000000000000002,1,3369.1944419407964,3404.6454601377809,35.451018196984478,6.565823995233167
0.18722222222222223,2,eft,alpha2_ab,1,-0.90000000000000002,1,3342.918009456524,3378.5079405966444,35.58993114012037,6.6632259967892029
0.1892361111111111,2,eft,alpha2_ab,1,-0.90000000000000002,1,3317.7019814098671,3353.4220667670652,35.720085357198059,6.7595300415531048
0.19125,2,eft,alpha2_ab,1,-0.90000000000000002,1,3293.6637072055037,3329.5045116237966,35.840804418292919,6.8545538449985211
0.1932638888888889,2,eft,alpha2_ab,1,-0.90000000000000002,1,3270.9223042257186,3306.8737556731485,35.951451447429918,6.9481173179303797
0.19527777777777777,2,eft,alpha2_ab,1,-0.90000000000000002,1,3249.5995064218823,3285.6509334201091,36.051426998226816,7.0400425499315142
0.19729166666666667,2,eft,alpha2_ab,1,-0.90000000000000002,1,3229.7747479984937,3265.9152596023796,36.140511603885898,7.1302217685166553
0.19930555555555557,2,eft,alpha2_ab,1,-0.90000000000000002,1,3211.3364528273769,3247.5564137908768,36.219960963499943,7.2188394420308919
0.20131944444444444,2,eft,alpha2_ab,1,-0.90000000000000002,1,3194.11660924328,3230.4080396808918,36.29143043761178,7.3061706137942046
0.20333333333333334,2,eft,alpha2_ab,1,-0.90000000000000002,1,3177.9397788344208,3214.2963731530904,36.356594318669522,7.3925075114628029
0.20534722222222224,2,eft,alpha2_ab,1,-0.90000000000000002,1,3162.6230642460268,3199.0402095321842,36.417145286157393,7.4781596257755147
0.20736111111111111,2,eft,alpha2_ab,1,-0.90000000000000002,1,3147.9824366634857,3184.4571692177547,36.47473255426894,7.5634410699338233
0.20937500000000001,2,eft,alpha2_ab,1,-0.90000000000000002,1,3133.8769227376806,3170.4074373908961,36.530514653215505,7.6485765055169965
0.2113888888888889,2,eft,alpha2_ab,1,-0.90000000000000002,1,3120.1864370032163,3156.7717709416847,36.585333938468466,7.7337330908818069
0.21340277777777777,2,eft,alpha2_ab,1,-0.90000000000000002,1,3106.7896080601677,3143.4295273011671,36.639919240999461,7.8190605435827321
0.21541666666666667,2,eft,alpha2_ab,1,-0.90000000000000002,1,3093.5633018794124,3130.2581891610034,36.694887281591036,7.9046903019094028
0.21743055555555557,2,eft,alpha2_ab,1,-0.90000000000000002,1,3080.3830358928826,3117.133776937284,36.750741044401366,7.9907340423625479
0.21944444444444444,2,eft,alpha2_ab,1,-0.90000000000000002,1,3067.1682405227957,3103.9759461980225,36.807705675226771,8.0772465231747628
0.22145833333333334,2,eft,alpha2_ab,1,-0.90000000000000002,1,3053.9153483157943,3090.7809827019228,36.865634386128477,8.164201948428035
0.22347222222222224,2,eft,alpha2_ab,1,-0.90000000000000002,1,3040.6309368823486,3077.5552132221883,36.924276339839707,8.2515500876114025
0.22548611111111111,2,eft,alpha2_ab,1,-0.90000000000000002,1,3027.3244137447205,3064.3077178344347,36.983304089714238,8.3392214152293143
0.22750000000000001,2,eft,alpha2_ab,1,-0.90000000000000002,1,3014.0078299870925,3051.0501438700203,37.042313882927829,8.4271264083660817
0.22951388888888891,2,eft,alpha2_ab,1,-0.90000000000000002,1,3000.6954557602239,3037.7962922188472,37.100836458623235,8.5151572566492923
0.23152777777777778,2,eft,alpha2_ab,1,-0.90000000000000002,1,2987.3979580952728,3024.556504696332,37.158546601059243,8.6032357199952436
0.23354166666666668,2,eft,alpha2_ab,1,-0.90000000000000002,1,2974.1221785187081,3011.3374864029129,37.215307884204776,8.6913250287903239
0.23555555555555557,2,eft,alpha2_ab,1,-0.90000000000000002,1,2960.876001830155,2998.1470195895481,37.271017759393089,8.779395294434817
0.23756944444444444,2,eft,alpha2_ab,1,-0.90000000000000002,1,2947.66852088836,2984.9941208750042,37.325599986644193,8.8674220523826239
0.23958333333333334,2,eft,alpha2_ab,1,-0.90000000000000002,1,2934.5099811315986,2971.8889844423193,37.379003310720691,8.9553862098601655
0.24159722222222221,2,eft,alpha2_ab,1,-0.90000000000000002,1,2921.4118885826015,2958.8430871234773,37.431198540875812,9.043273591924093
0.24361111111111111,2,eft,alpha2_ab,1,-0.90000000000000002,1,2908.3920650865698,2945.8742015907278,37.482136504158007,9.1310649205962697
0.24562500000000001,2,eft,alpha2_ab,1,-0.90000000000000002,1,2895.4747788666341,2933.0065241852963,37.531745318662161,9.2187349438963935
0.24763888888888888,2,eft,alpha2_ab,1,-0.90000000000000002,1,2882.6847918253079,2920.2647678847452,37.579976059437286,9.3062635158300946
0.24965277777777778,2,eft,alpha2_ab,1,-0.90000000000000002,1,2870.0471385123124,2907.6739414545118,37.626802942199447,9.3936358734171534
0.25166666666666665,2,eft,alpha2_ab,1,-0.90000000000000002,1,2857.587189339547,2895.2594101642553,37.672220824708347,9.4808422408849342
0.25368055555555552,2,eft,alpha2_ab,1,-0.90000000000000002,1,2845.3306679600937,2883.0469106431028,37.716242683009114,9.5678773972939073
0.25569444444444445,2,eft,alpha2_ab,1,-0.90000000000000002,1,2833.3000692309929,2871.0589628440434,37.758893613050532,9.6547393252258367
0.25770833333333332,2,eft,alpha2_ab,1,-0.90000000000000002,1,2821.5058448016002,2859.3060333183266,37.800188516726394,9.7414235823313629
0.25972222222222219,2,eft,alpha2_ab,1,-0.90000000000000002,1,2809.9561817163544,2847.7963036941355,37.840121977781109,9.8279205692292582
0.26173611111111111,2,eft,alpha2_ab,1,-0.90000000000000002,1,2798.659804432456,2836.5384723012903,37.878667868834327,9.914215222058095
0.26374999999999998,2,eft,alpha2_ab,1,-0.90000000000000002,1,2787.6260814360785,2825.5418601446017,37.915778708523248,10.000286634373007
0.26576388888888891,2,eft,alpha2_ab,1,-0.90000000000000002,1,2776.8651207199791,2814.8165057588585,37.95138503887938,10.08610767665218
0.26777777777777778,2,eft,alpha2_ab,1,-0.90000000000000002,1,2766.3877448729959,2804.3731405074477,37.985395634451834,10.171644831003213
0.26979166666666665,2,eft,alpha2_ab,1,-0.90000000000000002,1,2756.1968866813663,2794.2146469138756,38.017760232509318,10.25687489606241
0.27180555555555558,2,eft,alpha2_ab,1,-0.90000000000000002,1,2746.2812596110907,2784.3297716735724,38.048512062481677,10.341796959205091
0.27381944444444445,2,eft,alpha2_ab,1,-0.90000000000000002,1,2736.6288290602238,2774.7064958218871,38.077666761663295,10.426405558419331
0.27583333333333332,2,eft,alpha2_ab,1,-0.90000000000000002,1,2727.2283267124499,2765.3335390943935,38.105212381943602,10.510687748686109
0.27784722222222225,2,eft,alpha2_ab,1,-0.90000000000000002,1,2718.0693132893784,2756.2004235955351,38.131110306156643,10.594623078814774
0.27986111111111112,2,eft,alpha2_ab,1,-0.90000000000000002,1,2709.1422536678729,2747.2975497983239,38.155296130451006,10.678183569841497
0.28187499999999999,2,eft,alpha2_ab,1,-0.90000000000000002,1,2700.4385589277963,2738.6162398157148,38.177680887918541,10.761333800282038
0.28388888888888891,2,eft,alpha2_ab,1,-0.90000000000000002,1,2691.9393305595145,2730.1375838365657,38.198253277051208,10.844059680318427
0.28590277777777778,2,eft,alpha2_ab,1,-0.90000000000000002,1,2683.599598429465,2721.8168268828513,38.217228453386269,10.926411773791061
0.28791666666666665,2,eft,alpha2_ab,1,-0.90000000000000002,1,2675.3703456876469,2713.6052053358276,38.234859648180645,11.008453340372011
0.28993055555555558,2,eft,alpha2_ab,1,-0.90000000000000002,1,2667.2022042339222,2705.4536101852209,38.251405951298693,11.090251378241115
0.29194444444444445,2,eft,alpha2_ab,1,-0.90000000000000002,1,2659.0454381596774,2697.312570772463,38.267132612785645,11.171876771121587
0.29395833333333332,2,eft,alpha2_ab,1,-0.90000000000000002,1,2650.8499343540052,2689.132245679773,38.282311325767751,11.253404433470477
0.29597222222222225,2,eft,alpha2_ab,1,-0.90000000000000002,1,2642.5651992856779,2680.862419776256,38.297220490578184,11.334913453530849
0.29798611111111112,2,eft,alpha2_ab,1,-0.90000000000000002,1,2634.144679699084,2672.4568047496632,38.312125050579198,11.416481152224677
0.29999999999999999,2,eft,alpha2_ab,1,-0.90000000000000002,1,2625.5877628509243,2663.9148388032991,38.327075952374798,11.49812278571244
0.01,4,eft,alpha2_ab,1,-0.90000000000000002,1,1570.6779308426894,1570.6778167320426,-0.00011411064679123228,-1.1411064679123229e-06
0.01201388888888889,4,eft,alpha2_ab,1,-0.90000000000000002,1,1661.931030021381,1661.9307543873283,-0.00027563405274122488,-3.3114368836272159e-06
0.014027777777777778,4,eft,alpha2_ab,1,-0.90000000000000002,1,1707.7487239237907,1707.7481737413755,-0.00055018241528159706,-7.7178366588112922e-06
0.016041666666666666,4,eft,alpha2_ab,1,-0.90000000000000002,1,1716.9944114981618,1716.9934648160042,-0.0009466821575188078,-1.5186359610197541e-05
0.018055555555555554,4,eft,alpha2_ab,1,-0.90000000000000002,1,1697.3418652032742,1697.3404266284642,-0.001438574809981219,-2.5974267402438675e-05
0.020069444444444445,4,eft,alpha2_ab,1,-0.90000000000000002,1,1655.5446055003786,1655.5426518704526,-0.0019536299259925727,-3.9208267264712052e-05
0.022083333333333333,4,eft,alpha2_ab,1,-0.90000000000000002,1,1597.4650380413532,1597.4626661922775,-0.002371849075643695,-5.2378333753798265e-05
0.024097222222222221,4,eft,alpha2_ab,1,-0.90000000000000002,1,1528.3675191740685,1528.3649854447322,-0.0025337293363918434,-6.1055838869997884e-05
0.026111111111111113,4,eft,alpha2_ab,1,-0.90000000000000002,1,1452.697980013997,1452.6957225540718,-0.0022574599252038752,-5.8944786935878965e-05
0.028124999999999997,4,eft,alpha2_ab,1,-0.90000000000000002,1,1373.9802876334043,1373.9789242731495,-0.0013633602547997725,-3.8344507166243597e-05
0.030138888888888889,4,eft,alpha2_ab,1,-0.90000000000000002,1,1295.4462667507496,1295.4465637307385,0.00029697998888877919,8.9506468873423723e-06
0.03215277777777778,4,eft,alpha2_ab,1,-0.90000000000000002,1,1219.4585806227979,1219.4613955944887,0.0028149716908956179,9.0509159228102163e-05
0.034166666666666665,4,eft,alpha2_ab,1,-0.90000000000000002,1,1147.4256643255176,1147.43186512585,0.0062008003324081074,0.00021186067802394365
0.036180555555555556,4,eft,alpha2_ab,1,-0.90000000000000002,1,1080.4477300531653,1080.4580978862177,0.010367833052441711,0.00037511395974459245
0.038194444444444448,4,eft,alpha2_ab,1,-0.90000000000000002,1,1019.3456596189344,1019.3607895613022,0.015129942367821059,0.00057787974321538767
0.040208333333333332,4,eft,alpha2_ab,1,-0.90000000000000002,1,964.34627640597682,964.36647937391444,0.020202967937620997,0.00081232766915851089
0.042222222222222223,4,eft,alpha2_ab,1,-0.90000000000000002,1,915.28485187583419,915.31006622574523,0.02521434991103888,0.0010646058851327528
0.044236111111111115,4,eft,alpha2_ab,1,-0.90000000000000002,1,871.79031301548775,871.82003597071844,0.029722955230681691,0.0013148279501350166
0.046249999999999999,4,eft,alpha2_ab,1,-0.90000000000000002,1,833.38513232936793,833.41837921761726,0.033246888249323092,0.0015376685815311931
0.048263888888888891,4,eft,alpha2_ab,1,-0.90000000000000002,1,799.55512797359506,799.59042563242429,0.0352976588292222,0.0017036022837714883
0.050277777777777775,4,eft,alpha2_ab,1,-0.90000000000000002,1,769.72457599134259,769.75998867501585,0.035412683673257561,0.0017804710402387828
0.052291666666666667,4,eft,alpha2_ab,1,-0.90000000000000002,1,743.24147459456708,743.27466206957433,0.033187475007252942,0.0017354283805876018
0.054305555555555558,4,eft,alpha2_ab,1,-0.90000000000000002,1,719.53090180437584,719.55922593931564,0.028324134939794021,0.0015381578835360365
0.056319444444444443,4,eft,alpha2_ab,1,-0.90000000000000002,1,698.06574181713268,698.08640804204015,0.020666224907472497,0.0011639103055527914
0.058333333333333334,4,eft,alpha2_ab,1,-0.90000000000000002,1,678.38334205641786,678.39357629239521,0.010234235977350181,0.00059699709867876063
0.060347222222222226,4,eft,alpha2_ab,1,-0.90000000000000002,1,660.11331594123067,660.11057120471469,-0.0027447365159787296,-0.00016563722447121641
0.06236111111111111,4,eft,alpha2_ab,1,-0.90000000000000002,1,642.9728035109033,642.95497229558941,-0.017831215313890425,-0.0011119743994356668
0.064375000000000002,4,eft,alpha2_ab,1,-0.90000000000000002,1,626.75693445060642,626.72256941565456,-0.034365034951861162,-0.0022122491250260623
0.066388888888888886,4,eft,alpha2_ab,1,-0.90000000000000002,1,611.34409129582809,611.29259404883442,-0.051497246993676526,-0.0034188450087468581
0.068402777777777771,4,eft,alpha2_ab,1,-0.90000000000000002,1,596.67897338031116,596.61073818796422,-0.06823519234694686,-0.0046674766987321288
0.070416666666666669,4,eft,alpha2_ab,1,-0.90000000000000002,1,582.75632641764332,582.67284884117817,-0.083477576465156744,-0.0058782126760881211
0.072430555555555554,4,eft,alpha2_ab,1,-0.90000000000000002,1,569.61437222962468,569.51823049254563,-0.096141737079051381,-0.0069635994287118464
0.074444444444444438,4,eft,alpha2_ab,1,-0.90000000000000002,1,557.30878248947283,557.20361449348411,-0.1051679959887224,-0.0078291730347159992
0.076458333333333323,4,eft,alpha2_ab,1,-0.90000000000000002,1,545.90908302982371,545.79938312211061,-0.10969990771309313,-0.0083874721105635774
0.078472222222222221,4,eft,alpha2_ab,1,-0.90000000000000002,1,535.47839209375343,535.36933922374828,-0.10905287000514363,-0.0085576210490147433
0.080486111111111105,4,eft,alpha2_ab,1,-0.90000000000000002,1,526.06842450536806,525.96554305473546,-0.10288145063259435,-0.00828052786688728
0.08249999999999999,4,eft,alpha2_ab,1,-0.90000000000000002,1,517.7116519673209,517.62052557863399,-0.091126388686916471,-0.007517927066670608
0.084513888888888888,4,eft,alpha2_ab,1,-0.90000000000000002,1,510.41275087005715,510.3386604000134,-0.074090470043756795,-0.0062616737530036123
0.086527777777777773,4,eft,alpha2_ab,1,-0.90000000000000002,1,504.15520865838289,504.10278928191633,-0.052419376466559697,-0.0045357321581481515
0.088541666666666657,4,eft,alpha2_ab,1,-0.90000000000000002,1,498.89051694916952,498.86351688048057,-0.027000068688948886,-0.0023906310818340155
0.090555555555555542,4,eft,alpha2_ab,1,-0.90000000000000002,1,494.55303458540243,494.55399786661428,0.00096328121185251803,8.7230465295533565e-05
0.09256944444444444,4,eft,alpha2_ab,1,-0.90000000000000002,1,491.05215108970378,491.08233771678761,0.030186627083821804,0.0027943592988010045
0.094583333333333325,4,eft,alpha2_ab,1,-0.90000000000000002,1,488.28289665358807,488.34216303875041,0.059266385162345614,0.0056056122632718551
0.096597222222222209,4,eft,alpha2_ab,1,-0.90000000000000002,1,486.1326234926978,486.21936479437318,0.086741301675374416,0.0083789687937809582
0.098611111111111108,4,eft,alpha2_ab,1,-0.90000000000000002,1,484.48139118412337,484.59276024273959,0.11136905861621926,0.010982226613543844
0.10062499999999999,4,eft,alpha2_ab,1,-0.90000000000000002,1,483.2122927177038,483.34414669210173,0.13185397439792723,0.013267806173791427
0.10263888888888888,4,eft,alpha2_ab,1,-0.90000000000000002,1,482.22064550062032,482.36787479684017,0.14722929621984804,0.01511145137589829
0.10465277777777778,4,eft,alpha2_ab,1,-0.90000000000000002,1,481.41166719581634,481.56840129229158,0.1567340964752475,0.01640265856862486
0.10666666666666666,4,eft,alpha2_ab,1,-0.90000000000000002,1,480.70576177752787,480.86552595206422,0.15976417453634895,0.017041511950543885
0.10868055555555554,4,eft,alpha2_ab,1,-0.90000000000000002,1,480.05266333696068,480.20879152310499,0.1561281861443149,0.016968098008045333
0.11069444444444444,4,eft,alpha2_ab,1,-0.90000000000000002,1,479.41313083640284,479.55897926500961,0.14584842860676872,0.016144610777721481
0.11270833333333333,4,eft,alpha2_ab,1,-0.90000000000000002,1,478.77181054078892,478.90102385917794,0.12921331838902006,0.014563417760095801
0.11472222222222221,4,eft,alpha2_ab,1,-0.90000000000000002,1,478.14274985478323,478.24960060286367,0.10685074808043282,0.012258155265894098
0.11673611111111111,4,eft,alpha2_ab,1,-0.90000000000000002,1,477.54810841986728,477.62775277210653,0.079644352239256477,0.0092973719523743153
0.11874999999999999,4,eft,alpha2_ab,1,-0.90000000000000002,1,477.02321424902561,477.07189319186364,0.048678942838023431,0.0057806244620152818
0.12076388888888888,4,eft,alpha2_ab,1,-0.90000000000000002,1,476.61492704022453,476.63015274162626,0.015225701401732294,0.0018387149123341984
0.12277777777777778,4,eft,alpha2_ab,1,-0.90000000000000002,1,476.37353707000921,476.35433722041535,-0.019199849593860563,-0.0023573148668017689
0.12479166666666666,4,eft,alpha2_ab,1,-0.90000000000000002,1,476.34588115556471,476.29281495840132,-0.053066197163389006,-0.0066222191876812529
0.12680555555555556,4,eft,alpha2_ab,1,-0.90000000000000002,1,476.56924457273317,476.48425562328703,-0.084988949446142215,-0.010777070950601089
0.12881944444444443,4,eft,alpha2_ab,1,-0.90000000000000002,1,477.07962126180814,476.96616990533403,-0.11345135647411553,-0.014614740712464186
0.13083333333333333,4,eft,alpha2_ab,1,-0.90000000000000002,1,477.90493017320068,477.76791216378979,-0.13701800941089459,-0.017926522897925377
0.13284722222222223,4,eft,alpha2_ab,1,-0.90000000000000002,1,479.04817362774133,478.89331582772661,-0.15485780001472449,-0.020572428571400552
0.1348611111111111,4,eft,alpha2_ab,1,-0.90000000000000002,1,480.50581950575031,480.33955803578442,-0.16626146996588886,-0.022422206574566398
0.136875,4,eft,alpha2_ab,1,-0.90000000000000002,1,482.270942938247,482.10036389205447,-0.17057904619252895,-0.0233480069476024
0.1388888888888889,4,eft,alpha2_ab,1,-0.90000000000000002,1,484.31980198941142,484.15203373154736,-0.16776825786405425,-0.02330114692556309
0.14090277777777779,4,eft,alpha2_ab,1,-0.90000000000000002,1,486.61812659746647,486.45986779664486,-0.15825880082161348,-0.022299104643545401
0.14291666666666666,4,eft,alpha2_ab,1,-0.90000000000000002,1,489.13048315167453,488.98785730924726,-0.14262584242726462,-0.020383609980229901
0.14493055555555556,4,eft,alpha2_ab,1,-0.90000000000000002,1,491.81827051044866,491.69663701768957,-0.12163349275908786,-0.017628409679737247
0.14694444444444446,4,eft,alpha2_ab,1,-0.90000000000000002,1,494.63583538963587,494.53948367101418,-0.096351718621690452,-0.014158349764131738
0.14895833333333333,4,eft,alpha2_ab,1,-0.90000000000000002,1,497.53709266127112,497.46905228808714,-0.068040373183976044,-0.010135180588863098
0.15097222222222223,4,eft,alpha2_ab,1,-0.90000000000000002,1,500.47687273897043,500.43876138516532,-0.038111353805106774,-0.005753755775854315
0.15298611111111113,4,eft,alpha2_ab,1,-0.90000000000000002,1,503.40952979837709,503.40161767535949,-0.0079121230176042445,-0.0012104449310959828
0.155,4,eft,alpha2_ab,1,-0.90000000000000002,1,506.28807662731413,506.30956174458174,0.021485117267616261,0.0033301931764805203
0.1570138888888889,4,eft,alpha2_ab,1,-0.90000000000000002,1,509.06662090573866,509.11559338256791,0.04897247682924899,0.0076893590354813867
0.1590277777777778,4,eft,alpha2_ab,1,-0.90000000000000002,1,511.70063120603822,511.77400762303375,0.073376416995529326,0.011668888536094595
0.16104166666666667,4,eft,alpha2_ab,1,-0.90000000000000002,1,514.15694312069297,514.25070545629001,0.093762335597034507,0.015099642795105766
0.16305555555555556,4,eft,alpha2_ab,1,-0.90000000000000002,1,516.42230844095889,516.53203757254346,0.10972913158457231,0.017891944511151097
0.16506944444444446,4,eft,alpha2_ab,1,-0.90000000000000002,1,518.48650693521267,518.60745673774943,0.12094980253675658,0.019965116710407668
0.16708333333333333,4,eft,alpha2_ab,1,-0.90000000000000002,1,520.34021065078286,520.46732600552195,0.12711535473908953,0.02123885718765621
0.16909722222222223,4,eft,alpha2_ab,1,-0.90000000000000002,1,521.9844223211993,522.11248358797491,0.12806126677560314,0.021654804486013448
0.1711111111111111,4,eft,alpha2_ab,1,-0.90000000000000002,1,523.45383129453899,523.57792035702641,0.12408906248742824,0.021233017358959941
0.173125,4,eft,alpha2_ab,1,-0.90000000000000002,1,524.7908361381709,524.90648351306845,0.11564737489754862,0.020021451779138104
0.1751388888888889,4,eft,alpha2_ab,1,-0.90000000000000002,1,526.03830879441489,526.1415463245155,0.10323753010061409,0.018080906313454777
0.17715277777777777,4,eft,alpha2_ab,1,-0.90000000000000002,1,527.23880114355643,527.32621844083371,0.087417297277283978,0.015486217038496626
0.17916666666666667,4,eft,alpha2_ab,1,-0.90000000000000002,1,528.42522601161261,528.4941327118878,0.068906700275192634,0.012345783799305347
0.18118055555555557,4,eft,alpha2_ab,1,-0.90000000000000002,1,529.62250285740834,529.67106335119968,0.048560493791342196,0.0087982172431674867
0.18319444444444444,4,eft,alpha2_ab,1,-0.90000000000000002,1,530.85446896024098,530.88174550976851,0.027276549527528005,0.004996912337056866
0.18520833333333334,4,eft,alpha2_ab,1,-0.90000000000000002,1,532.14390265763973,532.14988925488285,0.00598659724312256,0.0011087676977366574
0.18722222222222223,4,eft,alpha2_ab,1,-0.90000000000000002,1,533.51005480688298,533.49565256688061,-0.014402240002368671,-0.0026964193782212458
0.1892361111111111,4,eft,alpha2_ab,1,-0.90000000000000002,1,534.95952699351096,534.92629933491696,-0.033227658594000786,-0.0062878728936563988
0.19125,4,eft,alpha2_ab,1,-0.90000000000000002,1,536.49465560249598,536.44475019817207,-0.049905404323908442,-0.0095444085769474905
0.1932638888888889,4,eft,alpha2_ab,1,-0.90000000000000002,1,538.11723333237308,538.05338178565069,-0.063851546722389685,-0.012340198231139618
0.19527777777777777,4,eft,alpha2_ab,1,-0.90000000000000002,1,539.82844108453764,539.75395441515161,-0.0744866693860331,-0.014545591271772575
0.19729166666666667,4,eft,alpha2_ab,1,-0.90000000000000002,1,541.62202592705819,541.54066104280571,-0.081364884252479897,-0.016052613622312181
0.19930555555555557,4,eft,alpha2_ab,1,-0.90000000000000002,1,543.46300722906051,543.37842924208474,-0.084577986975773456,-0.016856862681977072
0.20131944444444444,4,eft,alpha2_ab,1,-0.90000000000000002,1,545.30895336137996,545.22457989018073,-0.084373471199228334,-0.016986020347677981
0.20333333333333334,4,eft,alpha2_ab,1,-0.90000000000000002,1,547.11753499544841,547.03651903763011,-0.081015957818294737,-0.016473244756386597
0.20534722222222224,4,eft,alpha2_ab,1,-0.90000000000000002,1,548.84664102146508,548.77185615069118,-0.074784870773896728,-0.015356865477667545
0.20736111111111111,4,eft,alpha2_ab,1,-0.90000000000000002,1,550.45794820719209,550.39194990486624,-0.06599830232585191,-0.013685481301735681
0.20937500000000001,4,eft,alpha2_ab,1,-0.90000000000000002,1,551.94046180750456,551.88527477422599,-0.055187033278571107,-0.011554785092700826
0.2113888888888889,4,eft,alpha2_ab,1,-0.90000000000000002,1,553.29671514774213,553.25373385983187,-0.042981287910265564,-0.0090857666943644708
0.21340277777777777,4,eft,alpha2_ab,1,-0.90000000000000002,1,554.53059646275938,554.50058501080935,-0.030011451950031187,-0.0064045272112809607
0.21541666666666667,4,eft,alpha2_ab,1,-0.90000000000000002,1,555.64747516770854,555.63057215689651,-0.016903010812029606,-0.0036411902457580444
0.21743055555555557,4,eft,alpha2_ab,1,-0.90000000000000002,1,556.6544734734756,556.65020293098655,-0.0042705424890527866,-0.00092854642591835249
0.21944444444444444,4,eft,alpha2_ab,1,-0.90000000000000002,1,557.56520581661084,557.57261031117116,0.0074044945603191081,0.0016248751951811375
0.22145833333333334,4,eft,alpha2_ab,1,-0.90000000000000002,1,558.40216586007762,558.42001854796979,0.01785268789217298,0.0039536265061208085
0.22347222222222224,4,eft,alpha2_ab,1,-0.90000000000000002,1,559.18910770363084,559.21594244106711,0.026834737436274736,0.0059968184076341739
0.22548611111111111,4,eft,alpha2_ab,1,-0.90000000000000002,1,559.95035229326311,559.9844761254725,0.034123832209388638,0.0076944502211031187
0.22750000000000001,4,eft,alpha2_ab,1,-0.90000000000000002,1,560.71086746815911,560.75037438328968,0.039506915130573361,0.0089878231922054398
0.22951388888888891,4,eft,alpha2_ab,1,-0.90000000000000002,1,561.49553156285458,561.5383282420421,0.042796679187517839,0.0098224322718573932
0.23152777777777778,4,eft,alpha2_ab,1,-0.90000000000000002,1,562.31380843034606,562.35784023952033,0.044031809174271075,0.010194586929654151
0.23354166666666668,4,eft,alpha2_ab,1,-0.90000000000000002,1,563.16043482247005,563.20388321952703,0.043448397056977228,0.010147011062681557
0.23555555555555557,4,eft,alpha2_ab,1,-0.90000000000000002,1,564.02915099172969,564.07043904128773,0.04128804955803389,0.0097256294514479844
0.23756944444444444,4,eft,alpha2_ab,1,-0.90000000000000002,1,564.91316656586218,564.95095584569231,0.037789279830121814,0.0089775782151976895
0.23958333333333334,4,eft,alpha2_ab,1,-0.90000000000000002,1,565.80510139231569,565.83828753375224,0.033186141436544858,0.0079508463858388723
0.24159722222222221,4,eft,alpha2_ab,1,-0.90000000000000002,1,566.69686460834782,566.72457295778497,0.027708349437148172,0.0066942602563776731
0.24361111111111111,4,eft,alpha2_ab,1,-0.90000000000000002,1,567.57783864274779,567.59945692477947,0.021618282031681701,0.0052664537060513475
0.24562500000000001,4,eft,alpha2_ab,1,-0.90000000000000002,1,568.43507759756778,568.45028962190736,0.015212024339575692,0.0037364534784082794
0.24763888888888888,4,eft,alpha2_ab,1,-0.90000000000000002,1,569.25552624297279,569.26430013341087,0.0087738904380785243,0.0021727564793186122
0.24965277777777778,4,eft,alpha2_ab,1,-0.90000000000000002,1,570.02604964794295,570.02862243046786,0.0025727825249077796,0.00064230230396135194
0.25166666666666665,4,eft,alpha2_ab,1,-0.90000000000000002,1,570.73334650642596,570.73020766121078,-0.0031388452151759338,-0.00078994271248594326
0.25368055555555552,4,eft,alpha2_ab,1,-0.90000000000000002,1,571.36387094932843,571.35574507646095,-0.0081258728674811209,-0.0020613759433964259
0.25569444444444445,4,eft,alpha2_ab,1,-0.90000000000000002,1,571.90690741206856,571.89469321058073,-0.012214201487836363,-0.0031231034637648255
0.25770833333333332,4,eft,alpha2_ab,1,-0.90000000000000002,1,572.36262803710019,572.34723616196368,-0.015391875136515409,-0.0039666144883061588
0.25972222222222219,4,eft,alpha2_ab,1,-0.90000000000000002,1,572.73404665206795,572.71636337644952,-0.017683275618423977,-0.0045927396397851157
0.26173611111111111,4,eft,alpha2_ab,1,-0.90000000000000002,1,573.02469751959711,573.00558210437657,-0.019115415220539944,-0.0050031944420982676
0.26374999999999998,4,eft,alpha2_ab,1,-0.90000000000000002,1,573.23861594435868,573.21889821718241,-0.019717727176271183,-0.0052005505427415244
0.26576388888888891,4,eft,alpha2_ab,1,-0.90000000000000002,1,573.3803185696753,573.36079671712343,-0.01952185255186123,-0.0051882034524981203
0.26777777777777778,4,eft,alpha2_ab,1,-0.90000000000000002,1,573.45481396117373,573.43625190251907,-0.018562058654651992,-0.0049705068175234781
0.26979166666666665,4,eft,alpha2_ab,1,-0.90000000000000002,1,573.46993395806385,573.45301024457956,-0.016923713484288783,-0.0045658768671154107
0.27180555555555558,4,eft,alpha2_ab,1,-0.90000000000000002,1,573.43786101990997,573.42308898008218,-0.01477203982778974,-0.0040151224920811843
0.27381944444444445,4,eft,alpha2_ab,1,-0.90000000000000002,1,573.3713316679673,573.3590619079838,-0.012269759983496442,-0.0033596988621476718
0.27583333333333332,4,eft,alpha2_ab,1,-0.90000000000000002,1,573.28327242997284,573.27370422568458,-0.0095682042882572205,-0.0026392296828442832
0.27784722222222225,4,eft,alpha2_ab,1,-0.90000000000000002,1,573.18683797863639,573.18003083304575,-0.0068071455906419942,-0.0018913464936221264
0.27986111111111112,4,eft,alpha2_ab,1,-0.90000000000000002,1,573.09544164804129,573.09132693486606,-0.0041147131752268251,-0.0011515482011225074
0.28187499999999999,4,eft,alpha2_ab,1,-0.90000000000000002,1,573.02275745276791,573.02115015183165,-0.0016073009362571611,-0.00045305795140748728
0.28388888888888891,4,eft,alpha2_ab,1,-0.90000000000000002,1,572.97722803926183,572.97785906544857,0.00063102618673838151,0.00017914132301295166
0.28590277777777778,4,eft,alpha2_ab,1,-0.90000000000000002,1,572.95441283727428,572.95698556077434,0.0025727235000658766,0.00073554879512300101
0.28791666666666665,4,eft,alpha2_ab,1,-0.90000000000000002,1,572.94772771412056,572.9519287689692,0.0042010548486359767,0.0012095537085031083
0.28993055555555558,4,eft,alpha2_ab,1,-0.90000000000000002,1,572.95028488941011,572.95578762009256,0.0055027306824513289,0.0015954097638357153
0.29194444444444445,4,eft,alpha2_ab,1,-0.90000000000000002,1,572.95492344550189,572.96139122737986,0.0064677818779728113,0.001888232987152618
0.29395833333333332,4,eft,alpha2_ab,1,-0.90000000000000002,1,572.95423697595561,572.96132639712209,0.0070894211664835893,0.0020839944303975718
0.29597222222222225,4,eft,alpha2_ab,1,-0.90000000000000002,1,572.94059834635777,572.94796224009951,0.0073638937417399575,0.0021795079949510905
0.29798611111111112,4,eft,alpha2_ab,1,-0.90000000000000002,1,572.90660005708094,572.91389428918797,0.0072942321070286198,0.0021735798591152643
0.29999999999999999,4,eft,alpha2_ab,1,-0.90000000000000002,1,572.84917573319808,572.85610206880119,0.0069263356031115109,0.002077900680933453
0.01,0,eft,alpha4_ab,2,0.14999999999999999,1,37523.630499326566,37523.927177100246,0.29667777368013049,0.0029667777368013047
0.01201388888888889,0,eft,alpha4_ab,2,0.14999999999999999,1,39965.052992701596,39965.509429047132,0.45643634553562151,0.0054835755401154533
0.014027777777777778,0,eft,alpha4_ab,2,0.14999999999999999,1,41372.126022042401,41372.770775063138,0.64475302073697094,0.0090444520964491765
0.016041666666666666,0,eft,alpha4_ab,2,0.14999999999999999,1,41936.090163900888,41936.945628617919,0.85546471703128191,0.013723079835710146
0.018055555555555554,0,eft,alpha4_ab,2,0.14999999999999999,1,41820.331620354191,41821.413487637794,1.0818672836030601,0.019533714842833026
0.020069444444444445,0,eft,alpha4_ab,2,0.14999999999999999,1,41168.025524457466,41169.342864826744,1.3173403692780994,0.026438289355650745
0.022083333333333333,0,eft,alpha4_ab,2,0.14999999999999999,1,40103.665521216128,40105.221294366493,1.5557731503649848,0.034356657070560077
0.024097222222222221,0,eft,alpha4_ab,2,0.14999999999999999,1,38741.103005943245,38742.895166386676,1.7921604434304754,0.04318608846322048
0.026111111111111113,0,eft,alpha4_ab,2,0.14999999999999999,1,37178.341918562975,37180.36460232798,2.0226837650043308,0.052814520530668638
0.028124999999999997,0,eft,alpha4_ab,2,0.14999999999999999,1,35494.578670905452,35496.823224153442,2.2445532479905523,0.063128060099734276
0.030138888888888889,0,eft,alpha4_ab,2,0.14999999999999999,1,33766.873872940683,33769.330836788293,2.4569638476095861,0.074050160407122242
0.03215277777777778,0,eft,alpha4_ab,2,0.14999999999999999,1,32054.434820951014,32057.095012024973,2.6601910739591403,0.085532532447436249
0.034166666666666665,0,eft,alpha4_ab,2,0.14999999999999999,1,30394.532102968096,30397.386835125264,2.8547321571677458,0.09753668203656464
0.036180555555555556,0,eft,alpha4_ab,2,0.14999999999999999,1,28819.622802855592,28822.665054821817,3.0422519662242848,0.11007036627797587
0.038194444444444448,0,eft,alpha4_ab,2,0.14999999999999999,1,27358.020589491964,27361.246228242548,3.2256387505840394,0.12320148005702929
0.040208333333333332,0,eft,alpha4_ab,2,0.14999999999999999,1,26023.359984122879,26026.767560891996,3.4075767691174406,0.13701298259159708
0.042222222222222223,0,eft,alpha4_ab,2,0.14999999999999999,1,24818.891885469166,24822.482257012147,3.5903715429813019,0.1515934651480994
0.044236111111111115,0,eft,alpha4_ab,2,0.14999999999999999,1,23742.001563981416,23745.777606500837,3.7760425194210256,0.16703743644938843
0.046249999999999999,0,eft,alpha4_ab,2,0.14999999999999999,1,22786.603388547002,22790.569741801199,3.9663532541962923,0.18344383800657851
0.048263888888888891,0,eft,alpha4_ab,2,0.14999999999999999,1,21945.215138483531,21949.378099020782,4.1629605372509104,0.20092066481870716
0.050277777777777775,0,eft,alpha4_ab,2,0.14999999999999999,1,21207.279046306059,21211.645974196908,4.3669278908491833,0.21955943006769504
0.052291666666666667,0,eft,alpha4_ab,2,0.14999999999999999,1,20557.516333807242,20562.094377217225,4.5780434099833656,0.23939351998038017
0.054305555555555558,0,eft,alpha4_ab,2,0.14999999999999999,1,19981.614511473068,19986.410281473105,4.7957700000370096,0.26043695416867652
0.056319444444444443,0,eft,alpha4_ab,2,0.14999999999999999,1,19464.634896756281,19469.653717332145,5.0188205758640834,0.2826571865990119
0.058333333333333334,0,eft,alpha4_ab,2,0.14999999999999999,1,18991.691511088102,18996.936727937315,5.2452168492127385,0.30597098287074309
0.060347222222222226,0,eft,alpha4_ab,2,0.14999999999999999,1,18549.256631069773,18554.729241421181,5.4726103514076385,0.3302568330120304
0.06236111111111111,0,eft,alpha4_ab,2,0.14999999999999999,1,18125.081149470621,18130.779432909443,5.698283438821818,0.35535128667097171
0.064375000000000002,0,eft,alpha4_ab,2,0.14999999999999999,1,17708.408831647514,17714.328112530056,5.9192808825428074,0.38105370681369322
0.066388888888888886,0,eft,alpha4_ab,2,0.14999999999999999,1,17290.597273455809,17296.72995280306,6.1326793472508143,0.40714176777581795
0.068402777777777771,0,eft,alpha4_ab,2,0.14999999999999999,1,16865.234210765084,16871.56998171271,6.3357709476258606,0.43338433218135225
0.070416666666666669,0,eft,alpha4_ab,2,0.14999999999999999,1,16427.908106552262,16434.434249505957,6.5261429536949436,0.4595492329893523
0.072430555555555554,0,eft,alpha4_ab,2,0.14999999999999999,1,15976.741747577064,15983.443750187162,6.702002610098134,0.48542977238419122
0.074444444444444438,0,eft,alpha4_ab,2,0.14999999999999999,1,15511.435726888223,15518.297753098797,6.8620262105741858,0.51083972900941155
0.076458333333333323,0,eft,alpha4_ab,2,0.14999999999999999,1,15033.963183946358,15040.968926746607,7.0057428002492088,0.53564741826905404
0.078472222222222221,0,eft,alpha4_ab,2,0.14999999999999999,1,14547.312156379023,14554.445363564209,7.1332071851866203,0.55975861939311677
0.080486111111111105,0,eft,alpha4_ab,2,0.14999999999999999,1,14055.960782062382,14063.206075230013,7.2452931676307344,0.58314547092250146
0.08249999999999999,0,eft,alpha4_ab,2,0.14999999999999999,1,13564.805352205651,13572.148675743227,7.3433235375759978,0.60582419185001979
0.084513888888888888,0,eft,alpha4_ab,2,0.14999999999999999,1,13079.260030608719,13086.689252161206,7.4292215524874337,0.62787240481786155
0.086527777777777773,0,eft,alpha4_ab,2,0.14999999999999999,1,12604.717354492932,12612.222574683467,7.505220190534601,0.64941002481986887
0.088541666666666657,0,eft,alpha4_ab,2,0.14999999999999999,1,12146.03919741754,12153.61294558083,7.5737481632895651,0.67059228529126347
0.090555555555555542,0,eft,alpha4_ab,2,0.14999999999999999,1,11707.802021048044,11715.439416425375,7.637395377330904,0.69160858139163173
0.09256944444444444,0,eft,alpha4_ab,2,0.14999999999999999,1,11293.506420438127,11301.205035064086,7.6986146259587258,0.71265647891687367
0.094583333333333325,0,eft,alpha4_ab,2,0.14999999999999999,1,10905.933260694259,10913.693049451238,7.7597887569791055,0.73394668659760698
0.096597222222222209,0,eft,alpha4_ab,2,0.14999999999999999,1,10547.062828581997,10554.885915917414,7.823087335416858,0.75568850580311442
0.098611111111111108,0,eft,alpha4_ab,2,0.14999999999999999,1,10217.506885527357,10225.397078004869,7.8901924775127554,0.77806064708806333
0.10062499999999999,0,eft,alpha4_ab,2,0.14999999999999999,1,9917.5747185926975,9925.5373990888074,7.9626804961098969,0.80124472492105836
0.10263888888888888,0,eft,alpha4_ab,2,0.14999999999999999,1,9646.3289064114288,9654.3703563931267,8.0414499816979514,0.82536549117705349
0.10465277777777778,0,eft,alpha4_ab,2,0.14999999999999999,1,9402.2514957171061,9410.3785408716612,8.1270451545551623,0.85051785054962703
0.10666666666666666,0,eft,alpha4_ab,2,0.14999999999999999,1,9183.526535192188,9191.7462676462274,8.2197324540393311,0.87677146176419529
0.10868055555555554,0,eft,alpha4_ab,2,0.14999999999999999,1,8987.5439967850725,8995.8630769402625,8.3190801551900222,0.9041222529772488
0.11069444444444444,0,eft,alpha4_ab,2,0.14999999999999999,1,8811.5845059017847,8820.008972178437,8.4244662766523106,0.93254161423498494
0.11270833333333333,0,eft,alpha4_ab,2,0.14999999999999999,1,8652.787739910098,8661.322674954341,8.5349350442429568,0.96195830394488324
0.11472222222222221,0,eft,alpha4_ab,2,0.14999999999999999,1,8508.0786220863047,8516.7276881596445,8.6490660733397817,0.99224008008036935
0.11673611111111111,0,eft,alpha4_ab,2,0.14999999999999999,1,8374.4015170252314,8383.1668283398249,8.7653113145934185,1.0232283555438566
0.11874999999999999,0,eft,alpha4_ab,2,0.14999999999999999,1,8248.9191830401505,8257.8012161914085,8.8820331512579287,1.054741436711879
0.12076388888888888,0,eft,alpha4_ab,2,0.14999999999999999,1,8129.0377739333462,8138.0352835935737,8.9975096602274789,1.0865742568844157
0.12277777777777778,0,eft,alpha4_ab,2,0.14999999999999999,1,8012.2116942904086,8021.3216509818767,9.1099566914681418,1.1185002382302551
0.12479166666666666,0,eft,alpha4_ab,2,0.14999999999999999,1,7896.3513444439322,7905.5691343952294,9.2177899512971635,1.1503033710056252
0.12680555555555556,0,eft,alpha4_ab,2,0.14999999999999999,1,7780.0112914265119,7789.331050966246,9.3197595397341502,1.1817972860801778
0.12881944444444443,0,eft,alpha4_ab,2,0.14999999999999999,1,7661.8091533312418,7671.2237771393138,9.414623808072065,1.2127866086092833
0.13083333333333333,0,eft,alpha4_ab,2,0.14999999999999999,1,7540.691203943079,7550.1925792117881,9.5013752687091255,1.2430965976561106
0.13284722222222223,0,eft,alpha4_ab,2,0.14999999999999999,1,7416.5316145480829,7426.1113430253354,9.5797284772525018,1.2726403178461136
0.1348611111111111,0,eft,alpha4_ab,2,0.14999999999999999,1,7289.3678813959777,7299.01741136706,9.6495299710823019,1.301346333600127
0.136875,0,eft,alpha4_ab,2,0.14999999999999999,1,7159.2838754400727,7168.9945518495215,9.7106764094487517,1.3291488335432979
0.1388888888888889,0,eft,alpha4_ab,2,0.14999999999999999,1,7026.9375624183385,7036.7012166591203,9.7636542407817615,1.356063088997467
0.14090277777777779,0,eft,alpha4_ab,2,0.14999999999999999,1,6893.3349353474969,6903.1442449422193,9.8093095947224356,1.382158969978599
0.14291666666666666,0,eft,alpha4_ab,2,0.14999999999999999,1,6759.4685587178719,6769.3170298987661,9.8484711808941938,1.4075106729361284
0.14493055555555556,0,eft,alpha4_ab,2,0.14999999999999999,1,6626.3349044740789,6636.2169437703969,9.8820392963179984,1.432209445237199
0.14694444444444446,0,eft,alpha4_ab,2,0.14999999999999999,1,6494.9934515505402,6504.9046744085135,9.911222857973371,1.456399136629976
0.14895833333333333,0,eft,alpha4_ab,2,0.14999999999999999,1,6366.5041537536435,6376.4414232198269,9.9372694661833521,1.4802390975668951
0.15097222222222223,0,eft,alpha4_ab,2,0.14999999999999999,1,6241.9057960348564,6251.8671817888153,9.9613857539588935,1.5038925436879609
0.15298611111111113,0,eft,alpha4_ab,2,0.14999999999999999,1,6122.0238478451192,6132.0085399263844,9.9846920812651661,1.5275192121546641
0.155,0,eft,alpha4_ab,2,0.14999999999999999,1,6007.3200085147637,6017.3282192984916,10.008210783727918,1.5512726714778273
0.1570138888888889,0,eft,alpha4_ab,2,0.14999999999999999,1,5898.2119404442592,5908.2448831329139,10.032942688654657,1.5753113485450125
0.1590277777777778,0,eft,alpha4_ab,2,0.14999999999999999,1,5795.1066777933456,5805.1665460183449,10.059868224999263,1.5997984885589109
0.16104166666666667,0,eft,alpha4_ab,2,0.14999999999999999,1,5698.1838443566803,5708.2735419299297,10.089697573249396,1.6248617133587047
0.16305555555555556,0,eft,alpha4_ab,2,0.14999999999999999,1,5607.2177409970172,5617.3404042280936,10.122663231076331,1.6505564768449463
0.16506944444444446,0,eft,alpha4_ab,2,0.14999999999999999,1,5521.9432920314466,5532.1022280203151,10.158935988868507,1.6769299198291974
0.16708333333333333,0,eft,alpha4_ab,2,0.14999999999999999,1,5442.0998796182066,5452.2985552844075,10.19867566620087,1.7040287258943954
0.16909722222222223,0,eft,alpha4_ab,2,0.14999999999999999,1,5367.3749404502341,5377.616819930081,10.24187947984683,1.7318733703768772
0.1711111111111111,0,eft,alpha4_ab,2,0.14999999999999999,1,5297.2674530839213,5307.5554558125114,10.288002728590072,1.76039157800319
0.173125,0,eft,alpha4_ab,2,0.14999999999999999,1,5231.2441796428566,5241.5805450267053,10.336365383848715,1.7894832570788088
0.1751388888888889,0,eft,alpha4_ab,2,0.14999999999999999,1,5168.7833712644679,5179.169638320237,10.386267055769167,1.8190392718506834
0.17715277777777777,0,eft,alpha4_ab,2,0.14999999999999999,1,5109.3771854689658,5119.8141761717379,10.436990702772164,1.8489418946369298
0.17916666666666667,0,eft,alpha4_ab,2,0.14999999999999999,1,5052.5480906483817,5063.0359261632257,10.487835514843937,1.879070529742872
0.18118055555555557,0,eft,alpha4_ab,2,0.14999999999999999,1,4997.8406339338644,5008.3787605800244,10.538126646159981,1.9093036402660688
0.18319444444444444,0,eft,alpha4_ab,2,0.14999999999999999,1,4944.8078933590868,4955.3950940905979,10.587200731511075,1.9395163562309872
0.18520833333333334,0,eft,alpha4_ab,2,0.14999999999999999,1,4893.0128050309158,4903.6472122056311,10.634407174715307,1.9695808288170642
0.18722222222222223,0,eft,alpha4_ab,2,0.14999999999999999,1,4842.0643429895163,4852.743493746093,10.679150756576746,1.9993743360924243
0.1892361111111111,0,eft,alpha4_ab,2,0.14999999999999999,1,4791.7567738539874,4802.4778335696246,10.721059715637239,2.0288116475771858
0.19125,0,eft,alpha4_ab,2,0.14999999999999999,1,4741.9421938238993,4752.7020333729715,10.75983954907224,2.0578193137600658
0.1932638888888889,0,eft,alpha4_ab,2,0.14999999999999999,1,4692.4740488173338,4703.2692545851205,10.795205767786683,2.0863234480382182
0.19527777777777777,0,eft,alpha4_ab,2,0.14999999999999999,1,4643.208140864087,4654.0350246762782,10.826883812191227,2.1142498111028978
0.19729166666666667,0,eft,alpha4_ab,2,0.14999999999999999,1,4594.0402789685031,4604.8950106517414,10.854731683238242,2.1415481050055449
0.19930555555555557,0,eft,alpha4_ab,2,0.14999999999999999,1,4545.0209025263894,4555.9000342723803,10.87913174599089,2.1682713965967957
0.20131944444444444,0,eft,alpha4_ab,2,0.14999999999999999,1,4496.2358664649746,4507.1364770070777,10.900610542103095,2.1945048584414493
0.20333333333333334,0,eft,alpha4_ab,2,0.14999999999999999,1,4447.7649930923199,4458.6846965576524,10.919703465332532,2.220339704617615
0.20534722222222224,0,eft,alpha4_ab,2,0.14999999999999999,1,4399.6817664588498,4410.6187207931853,10.936954334335496,2.245873192127088
0.20736111111111111,0,eft,alpha4_ab,2,0.14999999999999999,1,4352.0589069701819,4363.0118076958615,10.952900725679683,2.2712056643666343
0.20937500000000001,0,eft,alpha4_ab,2,0.14999999999999999,1,4305.00890447038,4315.9768722805029,10.9679678101229,2.2964182602444825
0.2113888888888889,0,eft,alpha4_ab,2,0.14999999999999999,1,4258.6626583458074,4269.6451618788551,10.982503533047748,2.3215792190692603
0.21340277777777777,0,eft,alpha4_ab,2,0.14999999999999999,1,4213.1483122408117,4224.145136161459,10.99682392064733,2.3467527713992529
0.21541666666666667,0,eft,alpha4_ab,2,0.14999999999999999,1,4168.5902529104014,4179.6014657018468,11.011212791445359,2.3719987554905213
0.21743055555555557,0,eft,alpha4_ab,2,0.14999999999999999,1,4125.1078410636756,4136.1337614399727,11.025920376297108,2.3973719929296005
0.21944444444444444,0,eft,alpha4_ab,2,0.14999999999999999,1,4082.781947999933,4093.8230420539044,11.041094053971392,2.422906750732611
0.22145833333333334,0,eft,alpha4_ab,2,0.14999999999999999,1,4041.6365633163855,4052.6932998301772,11.056736513791748,2.4486064404501309
0.22347222222222224,0,eft,alpha4_ab,2,0.14999999999999999,1,4001.6923281999279,4012.7651436188717,11.072815418943719,2.4744666679278398
0.22548611111111111,0,eft,alpha4_ab,2,0.14999999999999999,1,3962.9715347825299,3974.0608092746038,11.089274492073855,2.5004773802613753
0.22750000000000001,0,eft,alpha4_ab,2,0.14999999999999999,1,3925.4977059658809,3936.6037393472698,11.106033381388897,2.5266225942659744
0.22951388888888891,0,eft,alpha4_ab,2,0.14999999999999999,1,3889.2920361670203,3900.4150250113639,11.122988844343581,2.5528804257330235
0.23152777777777778,0,eft,alpha4_ab,2,0.14999999999999999,1,3854.3142846667838,3865.454327989934,11.140043323150167,2.579229474957129
0.23354166666666668,0,eft,alpha4_ab,2,0.14999999999999999,1,3820.4691490860296,3831.626271137407,11.157122051377428,2.6056528790821036
0.23555555555555557,0,eft,alpha4_ab,2,0.14999999999999999,1,3787.6614487248089,3798.8356073786772,11.17415865386829,2.6321351495778638
0.23756944444444444,0,eft,alpha4_ab,2,0.14999999999999999,1,3755.798398972559,3766.9894932711354,11.191094298576445,2.6586620552381959
0.23958333333333334,0,eft,alpha4_ab,2,0.14999999999999999,1,3724.7897821112051,3735.9976596203892,11.207877509184073,2.6852206532420175
0.24159722222222221,0,eft,alpha4_ab,2,0.14999999999999999,1,3694.5483229496031,3705.7727861946541,11.224463245051084,2.7117991409397719
0.24361111111111111,0,eft,alpha4_ab,2,0.14999999999999999,1,3664.9957017512688,3676.2364954295836,11.240793678314731,2.7383822377450051
0.24562500000000001,0,eft,alpha4_ab,2,0.14999999999999999,1,3636.0616446124495,3647.3184415397545,11.256796927305004,2.7649507452692919
0.24763888888888888,0,eft,alpha4_ab,2,0.14999999999999999,1,3607.6764520453798,3618.9488607292046,11.272408683824779,2.7914867615638306
0.24965277777777778,0,eft,alpha4_ab,2,0.14999999999999999,1,3579.7710007771675,3591.0585737108227,11.287572933655156,2.8179739372562698
0.25166666666666665,0,eft,alpha4_ab,2,0.14999999999999999,1,3552.2771218367707,3563.5793632629056,11.30224142613497,2.8443974255773004
0.25368055555555552,0,eft,alpha4_ab,2,0.14999999999999999,1,3525.127941667959,3536.4443147880947,11.316373120135722,2.8707438199899853
0.25569444444444445,0,eft,alpha4_ab,2,0.14999999999999999,1,3498.2728446841916,3509.6027852460938,11.329940561902276,2.8970028575641793
0.25770833333333332,0,eft,alpha4_ab,2,0.14999999999999999,1,3471.712850898396,3483.0557934192248,11.342942520828728,2.92317081213857
0.25972222222222219,0,eft,alpha4_ab,2,0.14999999999999999,1,3445.4590935140532,3456.8144718328031,11.355378318749899,2.9492440911197653
0.26173611111111111,0,eft,alpha4_ab,2,0.14999999999999999,1,3419.5216668956914,3430.8889084514199,11.367241555728469,2.975217598856986
0.26374999999999998,0,eft,alpha4_ab,2,0.14999999999999999,1,3393.9097447091644,3405.2882646077978,11.378519898633385,3.0010846232645552
0.26576388888888891,0,eft,alpha4_ab,2,0.14999999999999999,1,3368.6316913848746,3380.020886259349,11.38919487447447,3.0268367211537361
0.26777777777777778,0,eft,alpha4_ab,2,0.14999999999999999,1,3343.6952433928604,3355.0944854286781,11.399242035817679,3.0524637007022895
0.26979166666666665,0,eft,alpha4_ab,2,0.14999999999999999,1,3319.1136512149651,3330.5223105622918,11.408659347326648,3.0779612197475017
0.27180555555555558,0,eft,alpha4_ab,2,0.14999999999999999,1,3294.9103402966357,3306.3278263823672,11.417486085731525,3.103336148580083
0.27381944444444445,0,eft,alpha4_ab,2,0.14999999999999999,1,3271.1096134029176,3282.5353701343329,11.425756731415277,3.1285943605535027
0.27583333333333332,0,eft,alpha4_ab,2,0.14999999999999999,1,3247.735479308255,3259.1689755152393,11.433496206984273,3.1537393704264951
0.27784722222222225,0,eft,alpha4_ab,2,0.14999999999999999,1,3224.8115094687728,3236.2522295416265,11.440720072853765,3.1787722924644388
0.27986111111111112,0,eft,alpha4_ab,2,0.14999999999999999,1,3202.3607131025065,3213.8081478259601,11.447434723453625,3.2036918010776465
0.28187499999999999,0,eft,alpha4_ab,2,0.14999999999999999,1,3180.4053678066675,3191.8590054862757,11.453637679608164,3.2284941209395512
0.28388888888888891,0,eft,alpha4_ab,2,0.14999999999999999,1,3158.9508712465472,3170.4102151317265,11.459343885179351,3.2531804029592495
0.28590277777777778,0,eft,alpha4_ab,2,0.14999999999999999,1,3137.9648510459365,3149.4294760137241,11.464624967787586,3.2777681244709371
0.28791666666666665,0,eft,alpha4_ab,2,0.14999999999999999,1,3117.4101805672572,3128.8797425166154,11.469561949358194,3.3022780445860467
0.28993055555555558,0,eft,alpha4_ab,2,0.14999999999999999,1,3097.2503068108463,3108.7245438817286,11.474237070882282,3.3267319285370509
0.29194444444444445,0,eft,alpha4_ab,2,0.14999999999999999,1,3077.4491539465116,3088.9278878315708,11.478733885059228,3.3511525869992358
0.29395833333333332,0,eft,alpha4_ab,2,0.14999999999999999,1,3057.9710349496213,3069.4541722954646,11.483137345843261,3.3755639156218415
0.29597222222222225,0,eft,alpha4_ab,2,0.14999999999999999,1,3038.7805709089298,3050.268104803632,11.48753389470221,3.3999909346681125
0.29798611111111112,0,eft,alpha4_ab,2,0.14999999999999999,1,3019.8441264740777,3031.3361310185364,11.492004544458723,3.4244577430744711
0.29999999999999999,0,eft,alpha4_ab,2,0.14999999999999999,1,3001.1444588806617,3012.6410153684128,11.49655648775115,3.4489669463253447
0.01,2,eft,alpha4_ab,2,0.14999999999999999,1,22498.582541345102,22499.430158344796,0.84761699969385518,0.0084761699969385512
0.01201388888888889,2,eft,alpha4_ab,2,0.14999999999999999,1,23920.531433096512,23921.835455333276,1.3040222367635579,0.015666378261117744
0.014027777777777778,2,eft,alpha4_ab,2,0.14999999999999999,1,24713.471640471122,24715.31362904932,1.8419885781986522,0.025839006444175538
0.016041666666666666,2,eft,alpha4_ab,2,0.14999999999999999,1,24995.195511899707,24997.639416460439,2.4439045607323351,0.039204302328414542
0.018055555555555554,2,eft,alpha4_ab,2,0.14999999999999999,1,24866.712030895986,24869.802654212195,3.0906233162095305,0.055802920987116519
0.020069444444444445,2,eft,alpha4_ab,2,0.14999999999999999,1,24416.659746769139,24420.422997702892,3.7632509337527154,0.07552635554545381
0.022083333333333333,2,eft,alpha4_ab,2,0.14999999999999999,1,23722.103297916627,23726.547661374738,4.4443634581111837,0.098146359699955305
0.024097222222222221,2,eft,alpha4_ab,2,0.14999999999999999,1,22853.197149190146,22858.316856825782,5.1197076356365869,0.12337073260874275
0.026111111111111113,2,eft,alpha4_ab,2,0.14999999999999999,1,21870.049619898102,21875.828047331568,5.7784274334662769,0.15088116076273056
0.028124999999999997,2,eft,alpha4_ab,2,0.14999999999999999,1,20821.016366970951,20827.428972113037,6.4126051420862495,0.18035451962117574
0.030138888888888889,2,eft,alpha4_ab,2,0.14999999999999999,1,19752.440748276353,19759.460733036183,7.0199847598305496,0.21157454067822629
0.03215277777777778,2,eft,alpha4_ab,2,0.14999999999999999,1,18699.514578351133,18707.11595909025,7.6013807391173032,0.24440550570911887
0.034166666666666665,2,eft,alpha4_ab,2,0.14999999999999999,1,17684.135013329054,17692.293230300987,8.1582169719331432,0.2787390798743824
0.036180555555555556,2,eft,alpha4_ab,2,0.14999999999999999,1,16724.904374432801,16733.599599193887,8.6952247610861377,0.31459806253651929
0.038194444444444448,2,eft,alpha4_ab,2,0.14999999999999999,1,15837.530580307242,15846.751181555122,9.2206012478800403,0.35217574210652935
0.040208333333333332,2,eft,alpha4_ab,2,0.14999999999999999,1,15028.971231937339,15038.713163532928,9.7419315955885395,0.39170683290595587
0.042222222222222223,2,eft,alpha4_ab,2,0.14999999999999999,1,14300.090524640027,14310.356217159031,10.265692519004006,0.43344035080239135
0.044236111111111115,2,eft,alpha4_ab,2,0.14999999999999999,1,13648.353178967731,13659.150701839562,10.797522871831461,0.4776404214831001
0.046249999999999999,2,eft,alpha4_ab,2,0.14999999999999999,1,13069.26132902377,13080.60364711802,11.342318094250004,0.52458221185906273
0.048263888888888891,2,eft,alpha4_ab,2,0.14999999999999999,1,12557.541584782964,12569.446251184236,11.904666401271243,0.57456549645024402
0.050277777777777775,2,eft,alpha4_ab,2,0.14999999999999999,1,12106.312725618023,12118.800194034064,12.487468416040429,0.62784216202869925
0.052291666666666667,2,eft,alpha4_ab,2,0.14999999999999999,1,11706.306247292496,11719.396245002688,13.08999771019262,0.6844977969288224
0.054305555555555558,2,eft,alpha4_ab,2,0.14999999999999999,1,11348.975364193488,11362.685994407979,13.710630214491175,0.74456339081472911
0.056319444444444443,2,eft,alpha4_ab,2,0.14999999999999999,1,11025.685789254338,11040.031430185503,14.34564093116569,0.80793852744273431
0.058333333333333334,2,eft,alpha4_ab,2,0.14999999999999999,1,10728.086325528253,10743.075708069862,14.989382541609302,0.87438064826054263
0.060347222222222226,2,eft,alpha4_ab,2,0.14999999999999999,1,10448.800217265511,10464.435428834973,15.635211569462626,0.94354158707382108
0.06236111111111111,2,eft,alpha4_ab,2,0.14999999999999999,1,10181.378214704237,10197.653707826115,16.275493121878753,1.0149578349616055
0.064375000000000002,2,eft,alpha4_ab,2,0.14999999999999999,1,9920.3591103592662,9937.2610898625553,16.901979503289112,1.0880649305242367
0.066388888888888886,2,eft,alpha4_ab,2,0.14999999999999999,1,9661.5694269499782,9679.0759977708785,17.506570820900379,1.1622417850542195
0.068402777777777771,2,eft,alpha4_ab,2,0.14999999999999999,1,9402.1062548971058,9420.1880810495677,18.081826152461872,1.2368471361232598
0.070416666666666669,2,eft,alpha4_ab,2,0.14999999999999999,1,9140.1702328568426,9158.7914138123924,18.621180955549789,1.3112414922866311
0.072430555555555554,2,eft,alpha4_ab,2,0.14999999999999999,1,8875.2644005176062,8894.3842377357178,19.11983721811157,1.3848604318396087
0.074444444444444438,2,eft,alpha4_ab,2,0.14999999999999999,1,8607.6645904414945,8627.2389214246869,19.57433098319234,1.4572001954154297
0.076458333333333323,2,eft,alpha4_ab,2,0.14999999999999999,1,8338.6891442425804,8358.6727189734593,19.9835747308789,1.5279108179651157
0.078472222222222221,2,eft,alpha4_ab,2,0.14999999999999999,1,8070.0655054307044,8090.4134378236286,20.347932392924122,1.5967474725002957
0.080486111111111105,2,eft,alpha4_ab,2,0.14999999999999999,1,7804.0863936292562,7824.7564005405166,20.670006911260316,1.6636484729271324
0.08249999999999999,2,eft,alpha4_ab,2,0.14999999999999999,1,7543.1233393907605,7564.0769380656575,20.953598674896966,1.7286718906789995
0.084513888888888888,2,eft,alpha4_ab,2,0.14999999999999999,1,7289.5979188749798,7310.8020341631618,21.204115288182038,1.7920422434526069
0.086527777777777773,2,eft,alpha4_ab,2,0.14999999999999999,1,7045.8020191714322,7067.2297654230033,21.427746251571079,1.8540952659345531
0.088541666666666657,2,eft,alpha4_ab,2,0.14999999999999999,1,6813.6027105908561,6835.2338780333403,21.631167442484184,1.915259617303287
0.090555555555555542,2,eft,alpha4_ab,2,0.14999999999999999,1,6594.6343070738549,6616.4557263802926,21.821419306437747,1.9760507483051957
0.09256944444444444,2,eft,alpha4_ab,2,0.14999999999999999,1,6389.9258271035651,6411.9309526697753,22.005125566210154,2.0370022485943147
0.094583333333333325,2,eft,alpha4_ab,2,0.14999999999999999,1,6200.1018080686581,6222.2904810945001,22.188673025842036,2.0986786570275591
0.096597222222222209,2,eft,alpha4_ab,2,0.14999999999999999,1,6025.3950864709886,6047.772906937822,22.377820466833327,2.1616352964836913
0.098611111111111108,2,eft,alpha4_ab,2,0.14999999999999999,1,5865.4143006973381,5887.9912992921854,22.576998594847282,2.2263429169918849
0.10062499999999999,2,eft,alpha4_ab,2,0.14999999999999999,1,5719.6387860208933,5742.4291044576548,22.790318436761481,2.2932757926991241
0.10263888888888888,2,eft,alpha4_ab,2,0.14999999999999999,1,5587.0859264957544,5610.1059791362932,23.020052640538779,2.3627526251886328
0.10465277777777778,2,eft,alpha4_ab,2,0.14999999999999999,1,5466.5751894937375,5489.8427119506714,23.267522456933875,2.4350108571249547
0.10666666666666666,2,eft,alpha4_ab,2,0.14999999999999999,1,5356.8743530068023,5380.4076549220053,23.533301915203083,2.5102188709549953
0.10868055555555554,2,eft,alpha4_ab,2,0.14999999999999999,1,5256.5810414847765,5280.3971359585457,23.816094473769226,2.5883463785728358
0.11069444444444444,2,eft,alpha4_ab,2,0.14999999999999999,1,5164.3074286275587,5188.4215529421472,24.11412431458848,2.6692995942676414
0.11270833333333333,2,eft,alpha4_ab,2,0.14999999999999999,1,5078.7435563925492,5103.1682988434613,24.424742450912163,2.7528720137382248
0.11472222222222221,2,eft,alpha4_ab,2,0.14999999999999999,1,4998.6671665962485,5023.4112422259714,24.744075629722829,2.8386953430765356
0.11673611111111111,2,eft,alpha4_ab,2,0.14999999999999999,1,4922.9208041304901,4947.9887682226827,25.067964092192597,2.9263366415955385
0.11874999999999999,2,eft,alpha4_ab,2,0.14999999999999999,1,4850.5466280978726,4875.9386823399736,25.39205424210104,3.0153064412494981
0.12076388888888888,2,eft,alpha4_ab,2,0.14999999999999999,1,4780.798091509072,4806.5099010443437,25.711809535271641,3.1050581098498182
0.12277777777777778,2,eft,alpha4_ab,2,0.14999999999999999,1,4712.9889484997584,4739.0115401139101,26.022591614151679,3.1949959704041784
0.12479166666666666,2,eft,alpha4_ab,2,0.14999999999999999,1,4646.64061724782,4672.9609571277042,26.320339879884159,3.2845590808438772
0.12680555555555556,2,eft,alpha4_ab,2,0.14999999999999999,1,4581.535298816163,4608.1372049770744,26.601906160911312,3.3732694895711153
0.12881944444444443,2,eft,alpha4_ab,2,0.14999999999999999,1,4517.4949037718725,4544.3591120328074,26.864208260934902,3.4606323836134889
0.13083333333333333,2,eft,alpha4_ab,2,0.14999999999999999,1,4454.4399249406079,4481.5447352226656,27.10481028205777,3.546212678569225
0.13284722222222223,2,eft,alpha4_ab,2,0.14999999999999999,1,4392.5179584621656,4419.8411146106064,27.32315614844083,3.6298053966643966
0.1348611111111111,2,eft,alpha4_ab,2,0.14999999999999999,1,4331.9080461635613,4359.4270770440517,27.519030880490391,3.7112470812439122
0.136875,2,eft,alpha4_ab,2,0.14999999999999999,1,4272.7860246873752,4300.4783704763704,27.692345788995226,3.7903898298687215
0.1388888888888889,2,eft,alpha4_ab,2,0.14999999999999999,1,4215.3836139617943,4243.2281254770814,27.844511515287195,3.8672932660121107
0.14090277777777779,2,eft,alpha4_ab,2,0.14999999999999999,1,4159.9526626210936,4187.9304839191764,27.977821298082745,3.9421527370701317
0.14291666666666666,2,eft,alpha4_ab,2,0.14999999999999999,1,4106.7178605407826,4134.8123339200347,28.094473379252122,4.0151684871181157
0.14493055555555556,2,eft,alpha4_ab,2,0.14999999999999999,1,4055.8499638004687,4084.0467753574644,28.196811556995726,4.0865795638506999
0.14694444444444446,2,eft,alpha4_ab,2,0.14999999999999999,1,4007.417436854123,4035.7054026699466,28.287965815823554,4.1567594212696282
0.14895833333333333,2,eft,alpha4_ab,2,0.14999999999999999,1,3961.450650867499,3989.821767178194,28.371116310695015,4.2261142004472783
0.15097222222222223,2,eft,alpha4_ab,2,0.14999999999999999,1,3917.9528488464948,3946.4021258874759,28.449277040981087,4.2950505754925619
0.15298611111111113,2,eft,alpha4_ab,2,0.14999999999999999,1,3876.8332986294381,3905.3585318591995,28.525233229761398,4.3639645003586365
0.155,2,eft,alpha4_ab,2,0.14999999999999999,1,3837.8644148208468,3866.4659881924899,28.601573371643099,4.4332438726046801
0.1570138888888889,2,eft,alpha4_ab,2,0.14999999999999999,1,3800.7964431077771,3829.4772545671772,28.680811459400047,4.5032857437294105
0.1590277777777778,2,eft,alpha4_ab,2,0.14999999999999999,1,3765.3681396701377,3794.1335202923942,28.765380622256544,4.5744945572894089
0.16104166666666667,2,eft,alpha4_ab,2,0.14999999999999999,1,3731.3085556428896,3760.1655698511768,28.857014208287183,4.6471816631262479
0.16305555555555556,2,eft,alpha4_ab,2,0.14999999999999999,1,3698.3499571180678,3727.306202910811,28.956245792743175,4.7214767445389567
0.16506944444444446,2,eft,alpha4_ab,2,0.14999999999999999,1,3666.2316782174667,3695.2951330783194,29.063454860852744,4.7974883475171515
0.16708333333333333,2,eft,alpha4_ab,2,0.14999999999999999,1,3634.6996775381499,3663.8786718326974,29.178994294547465,4.8753236300473057
0.16909722222222223,2,eft,alpha4_ab,2,0.14999999999999999,1,3603.5492290721731,3632.8520259974757,29.302796925302573,4.9550215634105399
0.1711111111111111,2,eft,alpha4_ab,2,0.14999999999999999,1,3572.7340088195992,3602.1674022621282,29.433393442528995,5.0363806557216275
0.173125,2,eft,alpha4_ab,2,0.14999999999999999,1,3542.2550516270476,3571.8240262663976,29.568974639350017,5.1191287344374716
0.1751388888888889,2,eft,alpha4_ab,2,0.14999999999999999,1,3512.1302688963647,3541.8379593566619,29.707690460297272,5.2029718986715086
0.17715277777777777,2,eft,alpha4_ab,2,0.14999999999999999,1,3482.3968220019178,3512.2444839765908,29.847661974672974,5.2875962289854685
0.17916666666666667,2,eft,alpha4_ab,2,0.14999999999999999,1,3453.1292499969236,3483.116359108742,29.987109111818427,5.3726903825341346
0.18118055555555557,2,eft,alpha4_ab,2,0.14999999999999999,1,3424.4291985961499,3454.5535688421351,30.124370245985119,5.4579501369288321
0.18319444444444444,2,eft,alpha4_ab,2,0.14999999999999999,1,3396.4093651779599,3426.667197290777,30.257832112817141,5.5430667440008063
0.18520833333333334,2,eft,alpha4_ab,2,0.14999999999999999,1,3369.1944419407964,3399.5803727022599,30.385930761463442,5.6277275931127084
0.18722222222222223,2,eft,alpha4_ab,2,0.14999999999999999,1,3342.918009456524,3373.4252642647552,30.50725480823121,5.7116360390966214
0.1892361111111111,2,eft,alpha4_ab,2,0.14999999999999999,1,3317.7019814098671,3348.3229365694492,30.620955159582081,5.7945904729070259
0.19125,2,eft,alpha4_ab,2,0.14999999999999999,1,3293.6637072055037,3324.3900873627672,30.72638015726352,5.8764202050766485
0.1932638888888889,2,eft,alpha4_ab,2,0.14999999999999999,1,3270.9223042257186,3301.7452125055433,30.822908279824787,5.9569551210244711
0.19527777777777777,2,eft,alpha4_ab,2,0.14999999999999999,1,3249.5995064218823,3280.5094530516403,30.909946629757997,6.0360256890888531
0.19729166666666667,2,eft,alpha4_ab,2,0.14999999999999999,1,3229.7747479984937,3260.7619877042071,30.987239705713364,6.1135241669396994
0.19930555555555557,2,eft,alpha4_ab,2,0.14999999999999999,1,3211.3364528273769,3242.3923104743571,31.055857646980257,6.1896049615856485
0.20131944444444444,2,eft,alpha4_ab,2,0.14999999999999999,1,3194.11660924328,3225.2338413026432,31.117232059363232,6.2645038708398619
0.20333333333333334,2,eft,alpha4_ab,2,0.14999999999999999,1,3177.9397788344208,3209.1125926931591,31.172813858738209,6.3384721512767692
0.20534722222222224,2,eft,alpha4_ab,2,0.14999999999999999,1,3162.6230642460268,3193.8471369652771,31.224072719250216,6.4117765993627014
0.20736111111111111,2,eft,alpha4_ab,2,0.14999999999999999,1,3147.9824366634857,3179.2548839521646,31.272447288678904,6.4846894169441116
0.20937500000000001,2,eft,alpha4_ab,2,0.14999999999999999,1,3133.8769227376806,3165.1959074528891,31.318984715208444,6.5574124247467678
0.2113888888888889,2,eft,alpha4_ab,2,0.14999999999999999,1,3120.1864370032163,3151.5509144557923,31.364477452576011,6.6301020392806516
0.21340277777777777,2,eft,alpha4_ab,2,0.14999999999999999,1,3106.7896080601677,3138.1992329535374,31.40962489336971,6.702901201203133
0.21541666666666667,2,eft,alpha4_ab,2,0.14999999999999999,1,3093.5633018794124,3125.0183359993184,31.455034119906031,6.7759385999964241
0.21743055555555557,2,eft,alpha4_ab,2,0.14999999999999999,1,3080.3830358928826,3111.8842537630858,31.501217870203163,6.8493273021948688
0.21944444444444444,2,eft,alpha4_ab,2,0.14999999999999999,1,3067.1682405227957,3098.7166776128565,31.548437090060816,6.923129250318901
0.22145833333333334,2,eft,alpha4_ab,2,0.14999999999999999,1,3053.9153483157943,3085.5119564117904,31.596608095996089,6.9973321679258005
0.22347222222222224,2,eft,alpha4_ab,2,0.14999999999999999,1,3040.6309368823486,3072.2764930147546,31.645556132406,7.0719027523668414
0.22548611111111111,2,eft,alpha4_ab,2,0.14999999999999999,1,3027.3244137447205,3059.0194549866428,31.695041241922354,7.1467915911473527
0.22750000000000001,2,eft,alpha4_ab,2,0.14999999999999999,1,3014.0078299870925,3045.752588303601,31.744758316508523,7.2219325170056896
0.22951388888888891,2,eft,alpha4_ab,2,0.14999999999999999,1,3000.6954557602239,3032.4898002866885,31.794344526464556,7.2972436569420394
0.23152777777777778,2,eft,alpha4_ab,2,0.14999999999999999,1,2987.3979580952728,3019.2414865931178,31.843528497845,7.3726613897093909
0.23354166666666668,2,eft,alpha4_ab,2,0.14999999999999999,1,2974.1221785187081,3006.0143491054123,31.892170586704196,7.4481506724365429
0.23555555555555557,2,eft,alpha4_ab,2,0.14999999999999999,1,2960.876001830155,2992.8161595235551,31.940157693400124,7.5236815900009191
0.23756944444444444,2,eft,alpha4_ab,2,0.14999999999999999,1,2947.66852088836,2979.6559188687133,31.987397980353308,7.5992283674158791
0.23958333333333334,2,eft,alpha4_ab,2,0.14999999999999999,1,2934.5099811315986,2966.5438010282369,32.033819896638306,7.6747693502362608
0.24159722222222221,2,eft,alpha4_ab,2,0.14999999999999999,1,2921.4118885826015,2953.4912581926283,32.079369610026788,7.7502865884224441
0.24361111111111111,2,eft,alpha4_ab,2,0.14999999999999999,1,2908.3920650865698,2940.5160338837031,32.12396879713333,7.8257557319683135
0.24562500000000001,2,eft,alpha4_ab,2,0.14999999999999999,1,2895.4747788666341,2927.6422904744882,32.167511607854067,7.9011450386791555
0.24763888888888888,2,eft,alpha4_ab,2,0.14999999999999999,1,2882.6847918253079,2914.8947028254665,32.209911000158627,7.9764265712892817
0.24965277777777778,2,eft,alpha4_ab,2,0.14999999999999999,1,2870.0471385123124,2902.2982380471462,32.251099534833884,8.0515765852588768
0.25166666666666665,2,eft,alpha4_ab,2,0.14999999999999999,1,2857.587189339547,2889.8782168143207,32.291027474773728,8.1265752478180548
0.25368055555555552,2,eft,alpha4_ab,2,0.14999999999999999,1,2845.3306679600937,2877.6603288192591,32.329660859165415,8.2014063276757803
0.25569444444444445,2,eft,alpha4_ab,2,0.14999999999999999,1,2833.3000692309929,2865.6670536264401,32.366984395447162,8.2760580933358643
0.25770833333333332,2,eft,alpha4_ab,2,0.14999999999999999,1,2821.5058448016002,2853.9088465332466,32.403001731646327,8.3505235712596892
0.25972222222222219,2,eft,alpha4_ab,2,0.14999999999999999,1,2809.9561817163544,2842.3938871908799,32.437705474525501,8.4247929496337051
0.26173611111111111,2,eft,alpha4_ab,2,0.14999999999999999,1,2798.659804432456,2831.1308753929998,32.471070960543784,8.4988518368256614
0.26374999999999998,2,eft,alpha4_ab,2,0.14999999999999999,1,2787.6260814360785,2820.1291371436937,32.503055707615204,8.57268094288351
0.26576388888888891,2,eft,alpha4_ab,2,0.14999999999999999,1,2776.8651207199791,2809.3987196022499,32.53359888227078,8.6462557585034929
0.26777777777777778,2,eft,alpha4_ab,2,0.14999999999999999,1,2766.3877448729959,2798.9503664775571,32.562621604561173,8.7195464518880481
0.26979166666666665,2,eft,alpha4_ab,2,0.14999999999999999,1,2756.1968866813663,2788.7869772999056,32.590090618539307,8.7925348647934172
0.27180555555555558,2,eft,alpha4_ab,2,0.14999999999999999,1,2746.2812596110907,2778.8973211624634,32.616061551372695,8.8652267300050518
0.27381944444444445,2,eft,alpha4_ab,2,0.14999999999999999,1,2736.6288290602238,2769.2694054503436,32.640576390119804,8.9376244934890554
0.27583333333333332,2,eft,alpha4_ab,2,0.14999999999999999,1,2727.2283267124499,2759.8919797952444,32.663653082794553,9.0097243086708314
0.27784722222222225,2,eft,alpha4_ab,2,0.14999999999999999,1,2718.0693132893784,2750.7545994860802,32.685286196701782,9.081515977291934
0.27986111111111112,2,eft,alpha4_ab,2,0.14999999999999999,1,2709.1422536678729,2741.8477012220051,32.705447554132206,9.1529828918856104
0.28187499999999999,2,eft,alpha4_ab,2,0.14999999999999999,1,2700.4385589277963,2733.1626460770613,32.72408714926496,9.2241020651990606
0.28388888888888891,2,eft,alpha4_ab,2,0.14999999999999999,1,2691.9393305595145,2724.680546510865,32.741215951350569,9.2948674173000789
0.28590277777777778,2,eft,alpha4_ab,2,0.14999999999999999,1,2683.599598429465,2716.3566257241964,32.757027294731415,9.3653250953061971
0.28791666666666665,2,eft,alpha4_ab,2,0.14999999999999999,1,2675.3703456876469,2708.1420908396767,32.77174515202978,9.4355316250219072
0.28993055555555558,2,eft,alpha4_ab,2,0.14999999999999999,1,2667.2022042339222,2699.9878023309129,32.785598096990725,9.5055466704816869
0.29194444444444445,2,eft,alpha4_ab,2,0.14999999999999999,1,2659.0454381596774,2691.8442577029655,32.798819543288118,9.5754331499988368
0.29395833333333332,2,eft,alpha4_ab,2,0.14999999999999999,1,2650.8499343540052,2683.661582323969,32.811647969963815,9.6452573511706134
0.29597222222222225,2,eft,alpha4_ab,2,0.14999999999999999,1,2642.5651992856779,2675.389526419086,32.824327133408133,9.7150890446239906
0.29798611111111112,2,eft,alpha4_ab,2,0.14999999999999999,1,2634.144679699084,2666.9817674642663,32.837087765182332,9.7849960833609302
0.29999999999999999,2,eft,alpha4_ab,2,0.14999999999999999,1,2625.5877628509243,2658.4377289447712,32.849966093846888,9.854989828154066
0.01,4,eft,alpha4_ab,2,0.14999999999999999,1,1570.6779308426894,1571.0169168759076,0.33898603321813425,0.0033898603321813425
0.01201388888888889,4,eft,alpha4_ab,2,0.14999999999999999,1,1661.931030021381,1662.4524921442862,0.52146212290517724,0.0062647880043469216
0.014027777777777778,4,eft,alpha4_ab,2,0.14999999999999999,1,1707.7487239237907,1708.4852264130941,0.73650248930334783,0.010331493252727518
0.016041666666666666,4,eft,alpha4_ab,2,0.14999999999999999,1,1716.9944114981618,1717.9714693127908,0.97705781462900632,0.01567363577634031
0.018055555555555554,4,eft,alpha4_ab,2,0.14999999999999999,1,1697.3418652032742,1698.5773487189272,1.2354835156529589,0.022307341254845087
0.020069444444444445,4,eft,alpha4_ab,2,0.14999999999999999,1,1655.5446055003786,1657.0488660008086,1.504260500430064,0.03018967254335337
0.022083333333333333,4,eft,alpha4_ab,2,0.14999999999999999,1,1597.4650380413532,1599.2415211069165,1.7764830655632977,0.039230667697856159
0.024097222222222221,4,eft,alpha4_ab,2,0.14999999999999999,1,1528.3675191740685,1530.414053948567,2.0465347744984683,0.049315803246595034
0.026111111111111113,4,eft,alpha4_ab,2,0.14999999999999999,1,1452.697980013997,1455.0081499054995,2.3101698915024826,0.060321102722564829
0.028124999999999997,4,eft,alpha4_ab,2,0.14999999999999999,1,1373.9802876334043,1376.5446044355258,2.5643168021215388,0.072121410059668267
0.030138888888888889,4,eft,alpha4_ab,2,0.14999999999999999,1,1295.4462667507496,1298.2544186081241,2.8081518573744688,0.084634576812536069
0.03215277777777778,4,eft,alpha4_ab,2,0.14999999999999999,1,1219.4585806227979,1222.5006298172975,3.0420491944996684,0.097810331739815737
0.034166666666666665,4,eft,alpha4_ab,2,0.14999999999999999,1,1147.4256643255176,1150.6922477980588,3.2665834725412424,0.1116082686451591
0.036180555555555556,4,eft,alpha4_ab,2,0.14999999999999999,1,1080.4477300531653,1083.931330866506,3.4836008133406722,0.1260386127604507
0.038194444444444448,4,eft,alpha4_ab,2,0.14999999999999999,1,1019.3456596189344,1023.0419404277882,3.6962808088537713,0.14117739200483156
0.040208333333333332,4,eft,alpha4_ab,2,0.14999999999999999,1,964.34627640597682,968.2537826468224,3.9075062408455778,0.15711431343399926
0.042222222222222223,4,eft,alpha4_ab,2,0.14999999999999999,1,915.28485187583419,919.40452156397714,4.1196696881429489,0.17394160905492451
0.044236111111111115,4,eft,alpha4_ab,2,0.14999999999999999,1,871.79031301548775,876.12510538659217,4.3347923711044132,0.19175435697177162
0.046249999999999999,4,eft,alpha4_ab,2,0.14999999999999999,1,833.38513232936793,837.93970909921563,4.5545767698476993,0.2106491756054561
0.048263888888888891,4,eft,alpha4_ab,2,0.14999999999999999,1,799.55512797359506,804.33572726730472,4.7805992937096562,0.23073031313390355
0.050277777777777775,4,eft,alpha4_ab,2,0.14999999999999999,1,769.72457599134259,774.73835140660185,5.0137754152592606,0.25208148615609061
0.052291666666666667,4,eft,alpha4_ab,2,0.14999999999999999,1,743.24147459456708,748.49507556371236,5.2536009691452819,0.27471955067822201
0.054305555555555558,4,eft,alpha4_ab,2,0.14999999999999999,1,719.53090180437584,725.03017141237888,5.4992696080030328,0.29864089121238696
0.056319444444444443,4,eft,alpha4_ab,2,0.14999999999999999,1,698.06574181713268,703.81495171604593,5.7492098989132501,0.32379230750129484
0.058333333333333334,4,eft,alpha4_ab,2,0.14999999999999999,1,678.38334205641786,684.38451750281956,6.0011754464017031,0.35006856770676603
0.060347222222222226,4,eft,alpha4_ab,2,0.14999999999999999,1,660.11331594123067,666.36594685366072,6.2526309124300496,0.3773289071459523
0.06236111111111111,4,eft,alpha4_ab,2,0.14999999999999999,1,642.9728035109033,649.47356027315163,6.5007567622483293,0.40539441475687499
0.064375000000000002,4,eft,alpha4_ab,2,0.14999999999999999,1,626.75693445060642,633.49953932036851,6.7426048697620899,0.43405518849093455
0.066388888888888886,4,eft,alpha4_ab,2,0.14999999999999999,1,611.34409129582809,618.31947691109326,6.9753856152651679,0.46308810056899308
0.068402777777777771,4,eft,alpha4_ab,2,0.14999999999999999,1,596.67897338031116,603.87562164624842,7.1966482659372559,0.49227073207973587
0.070416666666666669,4,eft,alpha4_ab,2,0.14999999999999999,1,582.75632641764332,590.16067559756266,7.4043491799193362,0.52138958808598657
0.072430555555555554,4,eft,alpha4_ab,2,0.14999999999999999,1,569.61437222962468,577.21151266364905,7.597140434024368,0.55026510226995939
0.074444444444444438,4,eft,alpha4_ab,2,0.14999999999999999,1,557.30878248947283,565.08297697444277,7.7741944849699394,0.578745589436651
0.076458333333333323,4,eft,alpha4_ab,2,0.14999999999999999,1,545.90908302982371,553.84460896632345,7.9355259364997437,0.60673708722820952
0.078472222222222221,4,eft,alpha4_ab,2,0.14999999999999999,1,535.47839209375343,543.56003038805966,8.0816382943062308,0.63418411615041947
0.080486111111111105,4,eft,alpha4_ab,2,0.14999999999999999,1,526.06842450536806,534.2821754270999,8.2137509217318438,0.66109286932550049
0.08249999999999999,4,eft,alpha4_ab,2,0.14999999999999999,1,517.7116519673209,526.04506272398885,8.333410756667945,0.68750638742510539
0.084513888888888888,4,eft,alpha4_ab,2,0.14999999999999999,1,510.41275087005715,518.85536748900131,8.4426166189441574,0.71351836286493331
0.086527777777777773,4,eft,alpha4_ab,2,0.14999999999999999,1,504.15520865838289,512.69870832893707,8.5434996705541835,0.73925004093822999
0.088541666666666657,4,eft,alpha4_ab,2,0.14999999999999999,1,498.89051694916952,507.52877614269914,8.6382591935296205,0.76484586609376837
0.090555555555555542,4,eft,alpha4_ab,2,0.14999999999999999,1,494.55303458540243,503.28210891545496,8.7290743300525264,0.79046617544364528
0.09256944444444444,4,eft,alpha4_ab,2,0.14999999999999999,1,491.05215108970378,499.87006794058266,8.8179168508788734,0.81626966404316237
0.094583333333333325,4,eft,alpha4_ab,2,0.14999999999999999,1,488.28289665358807,497.18949909742378,8.906602443835709,0.84241614781279406
0.096597222222222209,4,eft,alpha4_ab,2,0.14999999999999999,1,486.1326234926978,495.12929051798574,8.9966670252879339,0.8690530439010774
0.098611111111111108,4,eft,alpha4_ab,2,0.14999999999999999,1,484.48139118412337,493.57062321640387,9.0892320322805062,0.89629926984988317
0.10062499999999999,4,eft,alpha4_ab,2,0.14999999999999999,1,483.2122927177038,492.39755745760544,9.1852647399016405,0.92426726445260254
0.10263888888888888,4,eft,alpha4_ab,2,0.14999999999999999,1,482.22064550062032,491.50581677938658,9.2851712787662564,0.95301966319559206
0.10465277777777778,4,eft,alpha4_ab,2,0.14999999999999999,1,481.41166719581634,490.80075368267376,9.3890864868574226,0.98259398164542611
0.10666666666666666,4,eft,alpha4_ab,2,0.14999999999999999,1,480.70576177752787,490.20269136914339,9.4969295916155261,1.013005823105656
0.10868055555555554,4,eft,alpha4_ab,2,0.14999999999999999,1,480.05266333696068,489.66075192848302,9.6080885915223462,1.0442124059536437
0.11069444444444444,4,eft,alpha4_ab,2,0.14999999999999999,1,479.41313083640284,489.13500279374944,9.7218719573465933,1.0761572152785048
0.11270833333333333,4,eft,alpha4_ab,2,0.14999999999999999,1,478.77181054078892,488.60918864250198,9.8373781017130568,1.108754490213909
0.11472222222222221,4,eft,alpha4_ab,2,0.14999999999999999,1,478.14274985478323,488.09614257907356,9.9533927242903246,1.1418753319810844
0.11673611111111111,4,eft,alpha4_ab,2,0.14999999999999999,1,477.54810841986728,487.61682800482595,10.068719584958671,1.175383168216356
0.11874999999999999,4,eft,alpha4_ab,2,0.14999999999999999,1,477.02321424902561,487.20540285051857,10.182188601492953,1.2091348964272881
0.12076388888888888,4,eft,alpha4_ab,2,0.14999999999999999,1,476.61492704022453,486.90757908141836,10.292652041193833,1.2429806874747273
0.12277777777777778,4,eft,alpha4_ab,2,0.14999999999999999,1,476.37353707000921,486.77258376466943,10.399046694660228,1.276771844177728
0.12479166666666666,4,eft,alpha4_ab,2,0.14999999999999999,1,476.34588115556471,486.84642755993127,10.50054640436656,1.3103806867115768
0.12680555555555556,4,eft,alpha4_ab,2,0.14999999999999999,1,476.56924457273317,487.16585563743843,10.596611064705257,1.3437091530660972
0.12881944444444443,4,eft,alpha4_ab,2,0.14999999999999999,1,477.07962126180814,487.76641458302697,10.686793321218829,1.3766667785320088
0.13083333333333333,4,eft,alpha4_ab,2,0.14999999999999999,1,477.90493017320068,488.67578966684368,10.770859493643002,1.4091874504182926
0.13284722222222223,4,eft,alpha4_ab,2,0.14999999999999999,1,479.04817362774133,489.89718568327203,10.849012055530693,1.441261115432654
0.1348611111111111,4,eft,alpha4_ab,2,0.14999999999999999,1,480.50581950575031,491.42734468607728,10.921525180326967,1.4728890208468728
0.136875,4,eft,alpha4_ab,2,0.14999999999999999,1,482.270942938247,493.25963434275855,10.988691404511542,1.5040771359925174
0.1388888888888889,4,eft,alpha4_ab,2,0.14999999999999999,1,484.31980198941142,495.37088945323603,11.051087463824615,1.53487325886453
0.14090277777777779,4,eft,alpha4_ab,2,0.14999999999999999,1,486.61812659746647,497.72752564454777,11.109399047081297,1.5653451851755524
0.14291666666666666,4,eft,alpha4_ab,2,0.14999999999999999,1,489.13048315167453,500.29468246323063,11.164199311556104,1.5955501516098931
0.14493055555555556,4,eft,alpha4_ab,2,0.14999999999999999,1,491.81827051044866,503.03429357597543,11.21602306552677,1.62554445401072
0.14694444444444446,4,eft,alpha4_ab,2,0.14999999999999999,1,494.63583538963587,505.90139868453946,11.265563294903586,1.6554119397233327
0.14895833333333333,4,eft,alpha4_ab,2,0.14999999999999999,1,497.53709266127112,508.8505298763929,11.31343721512178,1.6852307518358485
0.15097222222222223,4,eft,alpha4_ab,2,0.14999999999999999,1,500.47687273897043,511.8369924645425,11.360119725572076,1.7150625196801177
0.15298611111111113,4,eft,alpha4_ab,2,0.14999999999999999,1,503.40952979837709,514.81555978895881,11.406029990581715,1.7449641714758
0.155,4,eft,alpha4_ab,2,0.14999999999999999,1,506.28807662731413,517.73972897738724,11.451652350073118,1.7750061142613334
0.1570138888888889,4,eft,alpha4_ab,2,0.14999999999999999,1,509.06662090573866,520.56404612583253,11.497425220093874,1.8052554460161285
0.1590277777777778,4,eft,alpha4_ab,2,0.14999999999999999,1,511.70063120603822,523.24435457088384,11.543723364845619,1.8357726739928104
0.16104166666666667,4,eft,alpha4_ab,2,0.14999999999999999,1,514.15694312069297,525.74770948714308,11.590766366450111,1.8665963335970701
0.16305555555555556,4,eft,alpha4_ab,2,0.14999999999999999,1,516.42230844095889,528.06087703090316,11.638568589944271,1.897733267304802
0.16506944444444446,4,eft,alpha4_ab,2,0.14999999999999999,1,518.48650693521267,530.17362852427482,11.687121589062144,1.9291866678611611
0.16708333333333333,4,eft,alpha4_ab,2,0.14999999999999999,1,520.34021065078286,532.07662697373598,11.736416322953119,1.9609595606267503
0.16909722222222223,4,eft,alpha4_ab,2,0.14999999999999999,1,521.9844223211993,533.77077248473836,11.786350163539055,1.9930390727928888
0.1711111111111111,4,eft,alpha4_ab,2,0.14999999999999999,1,523.45383129453899,535.2903285981098,11.836497303570809,2.0253562052776717
0.173125,4,eft,alpha4_ab,2,0.14999999999999999,1,524.7908361381709,536.67720640113998,11.886370262969081,2.0578278517765223
0.1751388888888889,4,eft,alpha4_ab,2,0.14999999999999999,1,526.03830879441489,537.97379993394009,11.935491139525197,2.0903686565196216
0.17715277777777777,4,eft,alpha4_ab,2,0.14999999999999999,1,527.23880114355643,539.22219926629464,11.983398122738208,2.1228922646600812
0.17916666666666667,4,eft,alpha4_ab,2,0.14999999999999999,1,528.42522601161261,540.45497600877866,12.02974999716605,2.155330207825584
0.18118055555555557,4,eft,alpha4_ab,2,0.14999999999999999,1,529.62250285740834,541.69682240481575,12.074319547407413,2.1876319235545791
0.18319444444444444,4,eft,alpha4_ab,2,0.14999999999999999,1,530.85446896024098,542.97138774732412,12.116918787083137,2.2197522055781467
0.18520833333333334,4,eft,alpha4_ab,2,0.14999999999999999,1,532.14390265763973,544.30129714769737,12.157394490057641,2.2516507711794254
0.18722222222222223,4,eft,alpha4_ab,2,0.14999999999999999,1,533.51005480688298,545.70569466855477,12.195639861671793,2.2832947963241081
0.1892361111111111,4,eft,alpha4_ab,2,0.14999999999999999,1,534.95952699351096,547.19117453830506,12.2316475447941,2.3146694138586055
0.19125,4,eft,alpha4_ab,2,0.14999999999999999,1,536.49465560249598,548.76010386218036,12.265448259684376,2.3457669796646372
0.1932638888888889,4,eft,alpha4_ab,2,0.14999999999999999,1,538.11723333237308,550.41431647162426,12.297083139251185,2.3765821094816704
0.19527777777777777,4,eft,alpha4_ab,2,0.14999999999999999,1,539.82844108453764,552.15504207770778,12.326600993170132,2.4071112494996116
0.19729166666666667,4,eft,alpha4_ab,2,0.14999999999999999,1,541.62202592705819,553.9761430699798,12.354117142921609,2.4373643613222424
0.19930555555555557,4,eft,alpha4_ab,2,0.14999999999999999,1,543.46300722906051,555.84301403551171,12.380006806451206,2.4674041343413169
0.20131944444444444,4,eft,alpha4_ab,2,0.14999999999999999,1,545.30895336137996,557.71366542928422,12.404712067904256,2.4973097420037806
0.20333333333333334,4,eft,alpha4_ab,2,0.14999999999999999,1,547.11753499544841,559.54620969956932,12.428674704120908,2.5271638565045849
0.20534722222222224,4,eft,alpha4_ab,2,0.14999999999999999,1,548.84664102146508,561.29897821394661,12.452337192481536,2.5570528526505489
0.20736111111111111,4,eft,alpha4_ab,2,0.14999999999999999,1,550.45794820719209,562.93405918205872,12.476110974866629,2.5870602340938715
0.20937500000000001,4,eft,alpha4_ab,2,0.14999999999999999,1,551.94046180750456,564.44060766554242,12.500145858037854,2.6172180390266759
0.2113888888888889,4,eft,alpha4_ab,2,0.14999999999999999,1,553.29671514774213,565.82115684449468,12.524441696752547,2.6475278142301915
0.21340277777777777,4,eft,alpha4_ab,2,0.14999999999999999,1,554.53059646275938,567.07955911130477,12.548962648545398,2.677983487429167
0.21541666666666667,4,eft,alpha4_ab,2,0.14999999999999999,1,555.64747516770854,568.22111517860014,12.573640010891609,2.7085716190129006
0.21743055555555557,4,eft,alpha4_ab,2,0.14999999999999999,1,556.6544734734756,569.25284786406257,12.598374390586969,2.7392715428422085
0.21944444444444444,4,eft,alpha4_ab,2,0.14999999999999999,1,557.56520581661084,570.1882389104984,12.623033093887557,2.7700544844919914
0.22145833333333334,4,eft,alpha4_ab,2,0.14999999999999999,1,558.40216586007762,571.04961736904988,12.647451508972267,2.80088353209115
0.22347222222222224,4,eft,alpha4_ab,2,0.14999999999999999,1,559.18910770363084,571.86055189211311,12.671444188482269,2.8317157915649962
0.22548611111111111,4,eft,alpha4_ab,2,0.14999999999999999,1,559.95035229326311,572.6451587259354,12.694806432672294,2.8625025338115928
0.22750000000000001,4,eft,alpha4_ab,2,0.14999999999999999,1,560.71086746815911,573.42818236355436,12.717314895395248,2.8931891387024189
0.22951388888888891,4,eft,alpha4_ab,2,0.14999999999999999,1,561.49553156285458,574.23426796296201,12.738736400107427,2.9237169307191007
0.23152777777777778,4,eft,alpha4_ab,2,0.14999999999999999,1,562.31380843034606,575.07279406906832,12.758985638722265,2.9540595916319465
0.23354166666666668,4,eft,alpha4_ab,2,0.14999999999999999,1,563.16043482247005,575.93856133792065,12.778126515450595,2.9842249632958575
0.23555555555555557,4,eft,alpha4_ab,2,0.14999999999999999,1,564.02915099172969,576.82538661837293,12.796235626643238,3.0142243920537406
0.23756944444444444,4,eft,alpha4_ab,2,0.14999999999999999,1,564.91316656586218,577.72656248512487,12.813395919262689,3.0440713499859484
0.23958333333333334,4,eft,alpha4_ab,2,0.14999999999999999,1,565.80510139231569,578.63479702934751,12.829695637031818,3.0737812463722065
0.24159722222222221,4,eft,alpha4_ab,2,0.14999999999999999,1,566.69686460834782,579.54209196791669,12.845227359568867,3.103371248884728
0.24361111111111111,4,eft,alpha4_ab,2,0.14999999999999999,1,567.57783864274779,580.43792774343524,12.860089100687446,3.1328605948063584
0.24562500000000001,4,eft,alpha4_ab,2,0.14999999999999999,1,568.43507759756778,581.30946107592592,12.874383478358141,3.1622704418717182
0.24763888888888888,4,eft,alpha4_ab,2,0.14999999999999999,1,569.25552624297279,582.14374033811737,12.888214095144576,3.1916230182837193
0.24965277777777778,4,eft,alpha4_ab,2,0.14999999999999999,1,570.02604964794295,582.92773377900062,12.901684131057664,3.2209412813300209
0.25166666666666665,4,eft,alpha4_ab,2,0.14999999999999999,1,570.73334650642596,583.64824163949277,12.914895133066807,3.2502486084884796
0.25368055555555552,4,eft,alpha4_ab,2,0.14999999999999999,1,571.36387094932843,584.29181682203262,12.927945872704186,3.2795684911797487
0.25569444444444445,4,eft,alpha4_ab,2,0.14999999999999999,1,571.90690741206856,584.84781993929937,12.940912527230807,3.3089194392544328
0.25770833333333332,4,eft,alpha4_ab,2,0.14999999999999999,1,572.36262803710019,585.31642842421013,12.953800387109936,3.3383023080947898
0.25972222222222219,4,eft,alpha4_ab,2,0.14999999999999999,1,572.73404665206795,585.70063949207133,12.966592840003386,3.3677123070564345
0.26173611111111111,4,eft,alpha4_ab,2,0.14999999999999999,1,573.02469751959711,586.0039626886703,12.979265169073187,3.3971423904331139
0.26374999999999998,4,eft,alpha4_ab,2,0.14999999999999999,1,573.23861594435868,586.23040038984209,12.991784445483404,3.4265831474962476
0.26576388888888891,4,eft,alpha4_ab,2,0.14999999999999999,1,573.3803185696753,586.38442799752045,13.004109427845151,3.4560226930807914
0.26777777777777778,4,eft,alpha4_ab,2,0.14999999999999999,1,573.45481396117373,586.47100445558374,13.016190494410012,3.4854465657253475
0.26979166666666665,4,eft,alpha4_ab,2,0.14999999999999999,1,573.46993395806385,586.49790598235165,13.027972024287806,3.5148382857193141
0.27180555555555558,4,eft,alpha4_ab,2,0.14999999999999999,1,573.43786101990997,586.47725722392613,13.039396204016157,3.5441803293416139
0.27381944444444445,4,eft,alpha4_ab,2,0.14999999999999999,1,573.3713316679673,586.42173309659097,13.050401428623672,3.5734536689627183
0.27583333333333332,4,eft,alpha4_ab,2,0.14999999999999999,1,573.28327242997284,586.34419478028622,13.060922350313376,3.6026377482947729
0.27784722222222225,4,eft,alpha4_ab,2,0.14999999999999999,1,573.18683797863639,586.25772815693449,13.0708901782981,3.6317105280118542
0.27986111111111112,4,eft,alpha4_ab,2,0.14999999999999999,1,573.09544164804129,586.17567457878113,13.08023293073984,3.660648521588997
0.28187499999999999,4,eft,alpha4_ab,2,0.14999999999999999,1,573.02275745276791,586.11163325380335,13.088875801035442,3.689426866416865
0.28388888888888891,4,eft,alpha4_ab,2,0.14999999999999999,1,572.97722803926183,586.07401198485866,13.096783945596826,3.7180314423333214
0.28590277777777778,4,eft,alpha4_ab,2,0.14999999999999999,1,572.95441283727428,586.05843515136542,13.104022314091139,3.7464763796606406
0.28791666666666665,4,eft,alpha4_ab,2,0.14999999999999999,1,572.94772771412056,586.05840098131819,13.110673267197626,3.7747813448473164
0.28993055555555558,4,eft,alpha4_ab,2,0.14999999999999999,1,572.95028488941011,586.06710755568122,13.116822666271105,3.8029676827556851
0.29194444444444445,4,eft,alpha4_ab,2,0.14999999999999999,1,572.95492344550189,586.07748334167013,13.122559896168241,3.8310584585757836
0.29395833333333332,4,eft,alpha4_ab,2,0.14999999999999999,1,572.95423697595561,586.08221485345678,13.127977877501166,3.8590784969071135
0.29597222222222225,4,eft,alpha4_ab,2,0.14999999999999999,1,572.94059834635777,586.07377141547636,13.133173069118584,3.8870544180960702
0.29798611111111112,4,eft,alpha4_ab,2,0.14999999999999999,1,572.90660005708094,586.04483994512736,13.138239888046428,3.9150130110838348
0.29999999999999999,4,eft,alpha4_ab,2,0.14999999999999999,1,572.84917573319808,585.99239064453582,13.143214911337736,3.9429644734013207
0.01,0,nlo,ctilde_ab,3,0,2,37523.630499326566,37523.656480202015,0.025980875449022278,0.00025980875449022278
0.01201388888888889,0,nlo,ctilde_ab,3,0,2,39965.052992701596,39965.110678391531,0.057685689935169648,0.00069302946936002432
0.014027777777777778,0,nlo,ctilde_ab,3,0,2,41372.126022042401,41372.237104883563,0.11108284116198774,0.0015582454107445503
0.016041666666666666,0,nlo,ctilde_ab,3,0,2,41936.090163900888,41936.282886690678,0.19272278979042312,0.0030915947528880375
0.018055555555555554,0,nlo,ctilde_ab,3,0,2,41820.331620354191,41820.640353645023,0.30873329083260614,0.0055743510844776106
0.020069444444444445,0,nlo,ctilde_ab,3,0,2,41168.025524457466,41168.489944599933,0.4644201424671337,0.0093206542481251136
0.022083333333333333,0,nlo,ctilde_ab,3,0,2,40103.665521216128,40104.329525397057,0.66400418092962354,0.014663425662195853
0.024097222222222221,0,nlo,ctilde_ab,3,0,2,38741.103005943245,38742.013667879917,0.91066193667211337,0.021944423057307174
0.026111111111111113,0,nlo,ctilde_ab,3,0,2,37178.341918562975,37179.548548357132,1.2066297941564699,0.031506444625196715
0.028124999999999997,0,nlo,ctilde_ab,3,0,2,35494.578670905452,35496.131977725112,1.5533068196600652,0.043686754302939328
0.030138888888888889,0,nlo,ctilde_ab,3,0,2,33766.873872940683,33768.826144818253,1.9522718775697285,0.058839305198976538
0.03215277777777778,0,nlo,ctilde_ab,3,0,2,32054.434820951014,32056.840177581602,2.4053566305883578,0.077338897219611791
0.034166666666666665,0,nlo,ctilde_ab,3,0,2,30394.532102968096,30397.446445169207,2.9143422011111397,0.099573358537963938
0.036180555555555556,0,nlo,ctilde_ab,3,0,2,28819.622802855592,28823.105001162508,3.4821983069159614,0.12598786929883443
0.038194444444444448,0,nlo,ctilde_ab,3,0,2,27358.020589491964,27362.134542145501,4.113952653537126,0.15713013607259857
0.040208333333333332,0,nlo,ctilde_ab,3,0,2,26023.359984122879,26028.175617868223,4.8156337453438027,0.19362860684403208
0.042222222222222223,0,nlo,ctilde_ab,3,0,2,24818.891885469166,24824.485939207072,5.5940537379065063,0.23619338004494139
0.044236111111111115,0,nlo,ctilde_ab,3,0,2,23742.001563981416,23748.458431513754,6.4568675323389471,0.28562670959027148
0.046249999999999999,0,nlo,ctilde_ab,3,0,2,22786.603388547002,22794.01595192427,7.4125633772673609,0.34283105619861542
0.048263888888888891,0,nlo,ctilde_ab,3,0,2,21945.215138483531,21953.685833843578,8.4706953600471024,0.40882869966894003
0.050277777777777775,0,nlo,ctilde_ab,3,0,2,21207.279046306059,21216.91988678246,9.6408404764006264,0.48472003506347594
0.052291666666666667,0,nlo,ctilde_ab,3,0,2,20557.516333807242,20568.446886057882,10.930552250640176,0.57157679477305923
0.054305555555555558,0,nlo,ctilde_ab,3,0,2,19981.614511473068,19993.961201459773,12.346689986705314,0.67049385900024694
0.056319444444444443,0,nlo,ctilde_ab,3,0,2,19464.634896756281,19478.528810267308,13.893913511026767,0.78249749010018799
0.058333333333333334,0,nlo,ctilde_ab,3,0,2,18991.691511088102,19007.265579447609,15.574068359506782,0.90848732097122897
0.060347222222222226,0,nlo,ctilde_ab,3,0,2,18549.256631069773,18566.643030654668,17.386399584895116,1.0492209193940178
0.06236111111111111,0,nlo,ctilde_ab,3,0,2,18125.081149470621,18144.408171376996,19.327021906374284,1.2052545605502851
0.064375000000000002,0,nlo,ctilde_ab,3,0,2,17708.408831647514,17729.797656953757,21.388825306243234,1.3769056290894082
0.066388888888888886,0,nlo,ctilde_ab,3,0,2,17290.597273455809,17314.159325571134,23.562052115325059,1.5642584598785247
0.068402777777777771,0,nlo,ctilde_ab,3,0,2,16865.234210765084,16891.069090682187,25.834879917103535,1.7671775498852069
0.070416666666666669,0,nlo,ctilde_ab,3,0,2,16427.908106552262,16456.101933359692,28.193826807430014,1.9853153043565301
0.072430555555555554,0,nlo,ctilde_ab,3,0,2,15976.741747577064,16007.367162442681,30.625414865617131,2.2182158128360183
0.074444444444444438,0,nlo,ctilde_ab,3,0,2,15511.435726888223,15544.551798695606,33.116071807382468,2.4653075678829168
0.076458333333333323,0,nlo,ctilde_ab,3,0,2,15033.963183946358,15069.617755318528,35.654571372169812,2.7260891028304832
0.078472222222222221,0,nlo,ctilde_ab,3,0,2,14547.312156379023,14585.543499083378,38.231342704355484,3.0000984205501178
0.080486111111111105,0,nlo,ctilde_ab,3,0,2,14055.960782062382,14096.801592009408,40.840809947025264,3.2871179672640469
0.08249999999999999,0,nlo,ctilde_ab,3,0,2,13564.805352205651,13608.285719855921,43.480367650270637,3.587130331147327
0.084513888888888888,0,nlo,ctilde_ab,3,0,2,13079.260030608719,13125.41205736152,46.152026752801248,3.9004872609832719
0.086527777777777773,0,nlo,ctilde_ab,3,0,2,12604.717354492932,12653.578856660253,48.861502167321305,4.2278772014223849
0.088541666666666657,0,nlo,ctilde_ab,3,0,2,12146.03919741754,12197.657238165055,51.618040747514897,4.5703473578528806
0.090555555555555542,0,nlo,ctilde_ab,3,0,2,11707.802021048044,11762.236642918513,54.434621870468618,4.9293574249368799
0.09256944444444444,0,nlo,ctilde_ab,3,0,2,11293.506420438127,11350.832591503855,57.326171065727976,5.3066518076816243
0.094583333333333325,0,nlo,ctilde_ab,3,0,2,10905.933260694259,10966.243290063863,60.310029369604308,5.704323611208407
0.096597222222222209,0,nlo,ctilde_ab,3,0,2,10547.062828581997,10610.467672832427,63.40484425042996,6.1247318300241709
0.098611111111111108,0,nlo,ctilde_ab,3,0,2,10217.506885527357,10284.134965379109,66.628079851752773,6.5702689853811762
0.10062499999999999,0,nlo,ctilde_ab,3,0,2,9917.5747185926975,9987.5733696303141,69.998651037616582,7.0436142606601679
0.10263888888888888,0,nlo,ctilde_ab,3,0,2,9646.3289064114288,9719.8605682248126,73.531661813383835,7.5472080666792563
0.10465277777777778,0,nlo,ctilde_ab,3,0,2,9402.2514957171061,9479.4918549633239,77.240359246217849,8.0834181516701591
0.10666666666666666,0,nlo,ctilde_ab,3,0,2,9183.526535192188,9264.6628344599085,81.13629926772046,8.6545385885568482
0.10868055555555554,0,nlo,ctilde_ab,3,0,2,8987.5439967850725,9072.7685934156871,85.224596630614542,9.2622565088133157
0.11069444444444444,0,nlo,ctilde_ab,3,0,2,8811.5845059017847,8901.0925016229194,89.507995721134648,9.9080378596867096
0.11270833333333333,0,nlo,ctilde_ab,3,0,2,8652.787739910098,8746.7726470685557,93.984907158457645,10.592882244317829
0.11472222222222221,0,nlo,ctilde_ab,3,0,2,8508.0786220863047,8606.7258591216396,98.647237035334911,11.31703024877592
0.11673611111111111,0,nlo,ctilde_ab,3,0,2,8374.4015170252314,8477.8848850997874,103.48336807455598,12.080245953703376
0.11874999999999999,0,nlo,ctilde_ab,3,0,2,8248.9191830401505,8357.3974531638869,108.47827012373637,12.881794577193693
0.12076388888888888,0,nlo,ctilde_ab,3,0,2,8129.0377739333462,8242.6510571148283,113.61328318148207,13.720381906430369
0.12277777777777778,0,nlo,ctilde_ab,3,0,2,8012.2116942904086,8131.0778320890413,118.86613779863274,14.594120251943242
0.12479166666666666,0,nlo,ctilde_ab,3,0,2,7896.3513444439322,8020.565550201607,124.21420575767479,15.5008977601765
0.12680555555555556,0,nlo,ctilde_ab,3,0,2,7780.0112914265119,7909.6479474267544,129.63665600024251,16.438648184475198
0.12881944444444443,0,nlo,ctilde_ab,3,0,2,7661.8091533312418,7796.9196148676519,135.11046153641018,17.404854593752837
0.13083333333333333,0,nlo,ctilde_ab,3,0,2,7540.691203943079,7681.3048429681639,140.61363902508492,18.396951105781945
0.13284722222222223,0,nlo,ctilde_ab,3,0,2,7416.5316145480829,7562.6646331859556,146.13301863787274,19.413365600989621
0.1348611111111111,0,nlo,ctilde_ab,3,0,2,7289.3678813959777,7441.0245415240406,151.65666012806287,20.452585692270699
0.136875,0,nlo,ctilde_ab,3,0,2,7159.2838754400727,7316.4567052803977,157.17282984032499,21.513031084394484
0.1388888888888889,0,nlo,ctilde_ab,3,0,2,7026.9375624183385,7189.616517979317,162.67895556097847,22.594299383469231
0.14090277777777779,0,nlo,ctilde_ab,3,0,2,6893.3349353474969,7061.5140383022617,168.17910295476486,23.696902770501246
0.14291666666666666,0,nlo,ctilde_ab,3,0,2,6759.4685587178719,6933.1468644565293,173.6783057386574,24.821524528483121
0.14493055555555556,0,nlo,ctilde_ab,3,0,2,6626.3349044740789,6805.5190757374621,179.18417126338318,25.969261487963937
0.14694444444444446,0,nlo,ctilde_ab,3,0,2,6494.9934515505402,6679.7049367492536,184.71148519871349,27.142326575033181
0.14895833333333333,0,nlo,ctilde_ab,3,0,2,6366.5041537536435,6556.7820615261553,190.27790777251175,28.343480011947062
0.15097222222222223,0,nlo,ctilde_ab,3,0,2,6241.9057960348564,6437.8083832071989,195.90258717234246,29.575848924491147
0.15298611111111113,0,nlo,ctilde_ab,3,0,2,6122.0238478451192,6323.6291333606077,201.6052855154885,30.842808610459809
0.155,0,nlo,ctilde_ab,3,0,2,6007.3200085147637,6214.726075111279,207.4060665965153,32.147940322459874
0.1570138888888889,0,nlo,ctilde_ab,3,0,2,5898.2119404442592,6111.5385719260066,213.32663148174743,33.495244012516039
0.1590277777777778,0,nlo,ctilde_ab,3,0,2,5795.1066777933456,6014.4970139129146,219.39033611956893,34.889157619014782
0.16104166666666667,0,nlo,ctilde_ab,3,0,2,5698.1838443566803,5923.8005792337854,225.61673487710505,36.333695012500456
0.16305555555555556,0,nlo,ctilde_ab,3,0,2,5607.2177409970172,5839.2340206406843,232.01627964366708,37.83154337523127
0.16506944444444446,0,nlo,ctilde_ab,3,0,2,5521.9432920314466,5760.5419120877832,238.59862005633659,39.385341657910566
0.16708333333333333,0,nlo,ctilde_ab,3,0,2,5442.0998796182066,5687.4735215340443,245.37364191583765,40.997846003437871
0.16909722222222223,0,nlo,ctilde_ab,3,0,2,5367.3749404502341,5619.72271281959,252.34777236935588,42.671307341623724
0.1711111111111111,0,nlo,ctilde_ab,3,0,2,5297.2674530839213,5556.7815704785571,259.51411739463583,44.40574897641546
0.173125,0,nlo,ctilde_ab,3,0,2,5231.2441796428566,5498.1054057335095,266.86122609065296,46.200349766944292
0.1751388888888889,0,nlo,ctilde_ab,3,0,2,5168.7833712644679,5443.159018917484,274.37564765301613,48.053846068118524
0.17715277777777777,0,nlo,ctilde_ab,3,0,2,5109.3771854689658,5391.4191165477305,282.04193107876472,49.964511540411721
0.17916666666666667,0,nlo,ctilde_ab,3,0,2,5052.5480906483817,5342.3915912118528,289.84350056347103,51.930293850955223
0.18118055555555557,0,nlo,ctilde_ab,3,0,2,4997.8406339338644,5295.6035660725393,297.76293213867484,53.948853468736303
0.18319444444444444,0,nlo,ctilde_ab,3,0,2,4944.8078933590868,5250.5894220291966,305.78152867010976,56.017477266093721
0.18520833333333334,0,nlo,ctilde_ab,3,0,2,4893.0128050309158,5206.8921540880092,313.87934905709335,58.13307110661583
0.18722222222222223,0,nlo,ctilde_ab,3,0,2,4842.0643429895163,5164.1008004260293,322.03645743651305,60.292381197836058
0.1892361111111111,0,nlo,ctilde_ab,3,0,2,4791.7567738539874,5121.9948654111568,330.23809155716935,62.492972187033779
0.19125,0,nlo,ctilde_ab,3,0,2,4741.9421938238993,5080.4130395407319,338.47084571683263,64.732549243344238
0.1932638888888889,0,nlo,ctilde_ab,3,0,2,4692.4740488173338,5039.1948381608881,346.72078934355432,67.008608107160541
0.19527777777777777,0,nlo,ctilde_ab,3,0,2,4643.208140864087,4998.1816172655654,354.97347640147837,69.318431641733127
0.19729166666666667,0,nlo,ctilde_ab,3,0,2,4594.0402789685031,4957.2582484806026,363.21796951209944,71.659878568324615
0.19930555555555557,0,nlo,ctilde_ab,3,0,2,4545.0209025263894,4916.4812359019015,371.46033337551216,74.03410811025833
0.20131944444444444,0,nlo,ctilde_ab,3,0,2,4496.2358664649746,4875.9482960628502,379.7124295978756,76.443495375294532
0.20333333333333334,0,nlo,ctilde_ab,3,0,2,4447.7649930923199,4835.7527234723802,387.98773038006038,78.890838510612284
0.20534722222222224,0,nlo,ctilde_ab,3,0,2,4399.6817664588498,4795.9831361554898,396.30136969663999,81.379385430066989
0.20736111111111111,0,nlo,ctilde_ab,3,0,2,4352.0589069701819,4756.7285522665807,404.66964529639881,83.912747281600474
0.20937500000000001,0,nlo,ctilde_ab,3,0,2,4305.00890447038,4718.1147811314304,413.10587666105039,86.494042925907422
0.2113888888888889,0,nlo,ctilde_ab,3,0,2,4258.6626583458074,4680.2841192082642,421.62146086245684,89.126092143424913
0.21340277777777777,0,nlo,ctilde_ab,3,0,2,4213.1483122408117,4643.3757820158189,430.22746977500719,91.811737126291462
0.21541666666666667,0,nlo,ctilde_ab,3,0,2,4168.5902529104014,4607.5248000069369,438.93454709653543,94.553817020378673
0.21743055555555557,0,nlo,ctilde_ab,3,0,2,4125.1078410636756,4572.8605991509612,447.75275808728566,97.355130942450799
0.21944444444444444,0,nlo,ctilde_ab,3,0,2,4082.781947999933,4539.4706872754778,456.68873927554478,100.21780667435566
0.22145833333333334,0,nlo,ctilde_ab,3,0,2,4041.6365633163855,4507.3802224361552,465.74365911976975,103.14281450923235
0.22347222222222224,0,nlo,ctilde_ab,3,0,2,4001.6923281999279,4476.6095394869235,474.91721128699555,106.13080457788554
0.22548611111111111,0,nlo,ctilde_ab,3,0,2,3962.9715347825299,4447.1794819759916,484.20794719346168,109.18216698174793
0.22750000000000001,0,nlo,ctilde_ab,3,0,2,3925.4977059658809,4419.1108823614777,493.61317639559684,112.29699762999829
0.22951388888888891,0,nlo,ctilde_ab,3,0,2,3889.2920361670203,4392.4209720901163,503.12893592309592,115.47507869623834
0.23152777777777778,0,nlo,ctilde_ab,3,0,2,3854.3142846667838,4367.0657298364877,512.75144516970386,118.71620265248561
0.23354166666666668,0,nlo,ctilde_ab,3,0,2,3820.4691490860296,4342.947069217058,522.47792013102844,122.02036426393394
0.23555555555555557,0,nlo,ctilde_ab,3,0,2,3787.6614487248089,4319.9672155656453,532.30576684083644,125.38758063361927
0.23756944444444444,0,nlo,ctilde_ab,3,0,2,3755.798398972559,4298.0309592700996,542.23256029754066,128.81788810957545
0.23958333333333334,0,nlo,ctilde_ab,3,0,2,3724.7897821112051,4277.0458425554853,552.25606044428014,132.31134781477544
0.24159722222222221,0,nlo,ctilde_ab,3,0,2,3694.5483229496031,4256.922515958734,562.37419300913098,135.86804288046991
0.24361111111111111,0,nlo,ctilde_ab,3,0,2,3664.9957017512688,4237.5798457318242,572.58414398055538,139.48785951970751
0.24562500000000001,0,nlo,ctilde_ab,3,0,2,3636.0616446124495,4218.9438893379956,582.88224472554612,143.17045136071226
0.24763888888888888,0,nlo,ctilde_ab,3,0,2,3607.6764520453798,4200.9414409925075,593.26498894712768,146.91548267954565
0.24965277777777778,0,nlo,ctilde_ab,3,0,2,3579.7710007771675,4183.500093734684,603.72909295751651,150.72264508210222
0.25166666666666665,0,nlo,ctilde_ab,3,0,2,3552.2771218367707,4166.5486174040534,614.27149556728273,154.59165971776613
0.25368055555555552,0,nlo,ctilde_ab,3,0,2,3525.127941667959,4150.0172963747691,624.88935470681008,158.52227866277619
0.25569444444444445,0,nlo,ctilde_ab,3,0,2,3498.2728446841916,4133.8532089743167,635.58036429012509,162.51436814696115
0.25770833333333332,0,nlo,ctilde_ab,3,0,2,3471.712850898396,4118.0562129573427,646.3433620589467,166.56807059727439
0.25972222222222219,0,nlo,ctilde_ab,3,0,2,3445.4590935140532,4102.6362281710008,657.1771346569476,170.68350580673498
0.26173611111111111,0,nlo,ctilde_ab,3,0,2,3419.5216668956914,4087.601767524422,668.08010062873063,174.86068744928374
0.26374999999999998,0,nlo,ctilde_ab,3,0,2,3393.9097447091644,4072.9600163844748,679.05027167531034,179.09950915436309
0.26576388888888891,0,nlo,ctilde_ab,3,0,2,3368.6316913848746,4058.7169038560987,690.08521247122417,183.39972973106771
0.26777777777777778,0,nlo,ctilde_ab,3,0,2,3343.6952433928604,4044.877263910279,701.18202051741855,187.76096327188654
0.26979166666666665,0,nlo,ctilde_ab,3,0,2,3319.1136512149651,4031.452632710188,712.33898149522292,192.183121049232
0.27180555555555558,0,nlo,ctilde_ab,3,0,2,3294.9103402966357,4018.4671470675535,723.55680677091777,196.66675984037309
0.27381944444444445,0,nlo,ctilde_ab,3,0,2,3271.1096134029176,4005.9456144165451,734.83600101362754,201.21238555532872
0.27583333333333332,0,nlo,ctilde_ab,3,0,2,3247.735479308255,3993.9120274348302,746.1765481265752,205.82036452491366
0.27784722222222225,0,nlo,ctilde_ab,3,0,2,3224.8115094687728,3982.3893921308813,757.57788266210855,210.49091031465949
0.27986111111111112,0,nlo,ctilde_ab,3,0,2,3202.3607131025065,3971.3995744650906,769.03886136258416,215.22407022855654
0.28187499999999999,0,nlo,ctilde_ab,3,0,2,3180.4053678066675,3960.963109335758,780.55774152909044,220.01971339351235
0.28388888888888891,0,nlo,ctilde_ab,3,0,2,3158.9508712465472,3951.0848720351037,792.13400078855648,224.87804133497355
0.28590277777777778,0,nlo,ctilde_ab,3,0,2,3137.9648510459365,3941.7360841980058,803.77123315206927,229.80042825604647
0.28791666666666665,0,nlo,ctilde_ab,3,0,2,3117.4101805672572,3932.8841611443245,815.47398057706732,234.78855024114728
0.28993055555555558,0,nlo,ctilde_ab,3,0,2,3097.2503068108463,3924.4974880315758,827.24718122072954,239.84423483309348
0.29194444444444445,0,nlo,ctilde_ab,3,0,2,3077.4491539465116,3916.5453422999967,839.0961883534851,244.96947054430913
0.29395833333333332,0,nlo,ctilde_ab,3,0,2,3057.9710349496213,3908.9978246484161,851.0267896987948,250.16641672187487
0.29597222222222225,0,nlo,ctilde_ab,3,0,2,3038.7805709089298,3901.8257980852113,863.04522717628151,255.43741376564668
0.29798611111111112,0,nlo,ctilde_ab,3,0,2,3019.8441264740777,3895.0018199933329,875.15769351925519,260.78483770077253
0.29999999999999999,0,nlo,ctilde_ab,3,0,2,3001.1444588806617,3888.5095812936793,887.36512241301762,266.20953672390527
0.01,2,nlo,ctilde_ab,3,0,2,22498.582541345102,22498.663194202512,0.080652857410314027,0.00080652857410314029
0.01201388888888889,2,nlo,ctilde_ab,3,0,2,23920.531433096512,23920.710502768019,0.17906967150702258,0.0021513231368552018
0.014027777777777778,2,nlo,ctilde_ab,3,0,2,24713.471640471122,24713.81645715018,0.34481667905856739,0.0048370117479049034
0.016041666666666666,2,nlo,ctilde_ab,3,0,2,24995.195511899707,24995.793733044968,0.59822114526104997,0.0095964642052293429
0.018055555555555554,2,nlo,ctilde_ab,3,0,2,24866.712030895986,24867.670329093649,0.95829819766368018,0.017302606346705336
0.020069444444444445,2,nlo,ctilde_ab,3,0,2,24416.659746769139,24418.101261931457,1.4415151623179554,0.028930408465964522
0.022083333333333333,2,nlo,ctilde_ab,3,0,2,23722.103297916627,23724.164278060201,2.0609801435748523,0.045513311503944651
0.024097222222222221,2,nlo,ctilde_ab,3,0,2,22853.197149190146,22856.023722651342,2.8265734611959488,0.068112568821874594
0.026111111111111113,2,nlo,ctilde_ab,3,0,2,21870.049619898102,21873.794894969818,3.7452750717166055,0.097793293539266926
0.028124999999999997,2,nlo,ctilde_ab,3,0,2,20821.016366970951,20825.837852141824,4.8214851708726201,0.13560427043079243
0.030138888888888889,2,nlo,ctilde_ab,3,0,2,19752.440748276353,19758.500927001387,6.0601787250343477,0.18264705324061853
0.03215277777777778,2,nlo,ctilde_ab,3,0,2,18699.514578351133,18706.9817034066,7.4671250554674771,0.24008881254732237
0.034166666666666665,2,nlo,ctilde_ab,3,0,2,17684.135013329054,17693.182947519155,9.047934190100932,0.30913775149511513
0.036180555555555556,2,nlo,ctilde_ab,3,0,2,16724.904374432801,16735.71626198887,10.811887556068541,0.39118009838275764
0.038194444444444448,2,nlo,ctilde_ab,3,0,2,15837.530580307242,15850.305199887436,12.774619580193757,0.48791949785462274
0.040208333333333332,2,nlo,ctilde_ab,3,0,2,15028.971231937339,15043.926049249902,14.954817312562227,0.60130827944260623
0.042222222222222223,2,nlo,ctilde_ab,3,0,2,14300.090524640027,14317.464053156924,17.37352851689684,0.73354898182453332
0.044236111111111115,2,nlo,ctilde_ab,3,0,2,13648.353178967731,13668.407510169738,20.054331202007234,0.88712562331101452
0.046249999999999999,2,nlo,ctilde_ab,3,0,2,13069.26132902377,13092.284625756462,23.023296732691961,1.0648274738870032
0.048263888888888891,2,nlo,ctilde_ab,3,0,2,12557.541584782964,12583.851296976321,26.309712193356972,1.2698090259988262
0.050277777777777775,2,nlo,ctilde_ab,3,0,2,12106.312725618023,12136.25557670134,29.942851083316782,1.5054600128000937
0.052291666666666667,2,nlo,ctilde_ab,3,0,2,11706.306247292496,11740.251885742062,33.945638449566104,1.7750740105918943
0.054305555555555558,2,nlo,ctilde_ab,3,0,2,11348.975364193488,11387.314178316834,38.33881412334631,2.0820106003095011
0.056319444444444443,2,nlo,ctilde_ab,3,0,2,11025.685789254338,11068.822094081603,43.136304827265121,2.4294127232577787
0.058333333333333334,2,nlo,ctilde_ab,3,0,2,10728.086325528253,10776.429700031249,48.343374502996085,2.8200301793414382
0.060347222222222226,2,nlo,ctilde_ab,3,0,2,10448.800217265511,10502.757574397392,53.957357131881508,3.2561766213614605
0.06236111111111111,2,nlo,ctilde_ab,3,0,2,10181.378214704237,10241.344290364937,59.966075660700881,3.7395511071742633
0.064375000000000002,2,nlo,ctilde_ab,3,0,2,9920.3591103592662,9986.7067329668462,66.347622607579979,4.2711282053629613
0.066388888888888886,2,nlo,ctilde_ab,3,0,2,9661.5694269499782,9734.641620923725,73.072193973746835,4.8511817665904147
0.068402777777777771,2,nlo,ctilde_ab,3,0,2,9402.1062548971058,9482.210176741386,80.103921844280194,5.4793307650427767
0.070416666666666669,2,nlo,ctilde_ab,3,0,2,9140.1702328568426,9227.57238782688,87.402154970037373,6.1545684124734654
0.072430555555555554,2,nlo,ctilde_ab,3,0,2,8875.2644005176062,8970.1909266082275,94.926526090621337,6.8755810217026427
0.074444444444444438,2,nlo,ctilde_ab,3,0,2,8607.6645904414945,8710.3012465205175,102.63665607902294,7.6407288414383743
0.076458333333333323,2,nlo,ctilde_ab,3,0,2,8338.6891442425804,8449.1886479981495,110.49950375556909,8.4486078913112195
0.078472222222222221,2,nlo,ctilde_ab,3,0,2,8070.0655054307044,8188.5527195781433,118.48721414743886,9.2979549990698551
0.080486111111111105,2,nlo,ctilde_ab,3,0,2,7804.0863936292562,7930.670482925826,126.5840892965698,10.188261076022528
0.08249999999999999,2,nlo,ctilde_ab,3,0,2,7543.1233393907605,7677.9067153699689,134.78337597920836,11.119628518284689
0.084513888888888888,2,nlo,ctilde_ab,3,0,2,7289.5979188749798,7432.690067370625,143.09214849564523,12.093273938833351
0.086527777777777773,2,nlo,ctilde_ab,3,0,2,7045.8020191714322,7197.3303874762641,151.52836830483193,13.111412979709762
0.088541666666666657,2,nlo,ctilde_ab,3,0,2,6813.6027105908561,6973.7230959268718,160.12038533601572,14.177325784959724
0.090555555555555542,2,nlo,ctilde_ab,3,0,2,6594.6343070738549,6763.5416152727048,168.90730819884993,15.295495131340298
0.09256944444444444,2,nlo,ctilde_ab,3,0,2,6389.9258271035651,6567.8595949624269,177.93376785886176,16.471230038601576
0.094583333333333325,2,nlo,ctilde_ab,3,0,2,6200.1018080686581,6387.3530441329694,187.25123606431134,17.710846077749448
0.096597222222222209,2,nlo,ctilde_ab,3,0,2,6025.3950864709886,6222.3097226881073,196.91463621711864,19.021406873473055
0.098611111111111108,2,nlo,ctilde_ab,3,0,2,5865.4143006973381,6072.3894719893005,206.9751712919624,20.410051613512959
0.10062499999999999,2,nlo,ctilde_ab,3,0,2,5719.6387860208933,5937.1267326471734,217.48794662628006,21.884724629269428
0.10263888888888888,2,nlo,ctilde_ab,3,0,2,5587.0859264957544,5815.5824310436055,228.49650454785115,23.452627341786386
0.10465277777777778,2,nlo,ctilde_ab,3,0,2,5466.5751894937375,5706.6139043320027,240.03871483826515,25.120718282032332
0.10666666666666666,2,nlo,ctilde_ab,3,0,2,5356.8743530068023,5609.0215976030941,252.14724459629178,26.895706090271123
0.10868055555555554,2,nlo,ctilde_ab,3,0,2,5256.5810414847765,5521.4166101595392,264.83556867476273,28.782476734444696
0.11069444444444444,2,nlo,ctilde_ab,3,0,2,5164.3074286275587,5442.4176745456516,278.11024591809291,30.785259166211119
0.11270833333333333,2,nlo,ctilde_ab,3,0,2,5078.7435563925492,5370.708642323717,291.96508593116778,32.906898226825369
0.11472222222222221,2,nlo,ctilde_ab,3,0,2,4998.6671665962485,5305.0419415439437,306.37477494769519,35.147995014832809
0.11673611111111111,2,nlo,ctilde_ab,3,0,2,4922.9208041304901,5244.2248595683659,321.30405543787583,37.50778591604648
0.11874999999999999,2,nlo,ctilde_ab,3,0,2,4850.5466280978726,5187.2546756397114,336.70804754183882,39.984080645593359
0.12076388888888888,2,nlo,ctilde_ab,3,0,2,4780.798091509072,5133.3297490036157,352.53165749454365,42.573093915486901
0.12277777777777778,2,nlo,ctilde_ab,3,0,2,4712.9889484997584,5081.698916803145,368.70996830338663,45.269390552804694
0.12479166666666666,2,nlo,ctilde_ab,3,0,2,4646.64061724782,5031.8183001544785,385.17768290665845,48.066965012726747
0.12680555555555556,2,nlo,ctilde_ab,3,0,2,4581.535298816163,4983.4105540392011,401.87525522303804,50.960015002588023
0.12881944444444443,2,nlo,ctilde_ab,3,0,2,4517.4949037718725,4936.2324065178136,418.73750274594113,53.941532471786161
0.13083333333333333,2,nlo,ctilde_ab,3,0,2,4454.4399249406079,4890.142856614978,435.70293167437012,57.00446689406342
0.13284722222222223,2,nlo,ctilde_ab,3,0,2,4392.5179584621656,4845.253671980543,452.73571351837745,60.144681941712228
0.1348611111111111,2,nlo,ctilde_ab,3,0,2,4331.9080461635613,4801.7118567997886,469.80381063622735,63.358263906635656
0.136875,2,nlo,ctilde_ab,3,0,2,4272.7860246873752,4759.6620348419374,486.87601015456221,66.641153889905695
0.1388888888888889,2,nlo,ctilde_ab,3,0,2,4215.3836139617943,4719.3308713657998,503.94725740400554,69.992674639445212
0.14090277777777779,2,nlo,ctilde_ab,3,0,2,4159.9526626210936,4680.9837168213671,521.0310542002735,73.414722845302435
0.14291666666666666,2,nlo,ctilde_ab,3,0,2,4106.7178605407826,4644.8609424526712,538.14308191188866,76.909615456574087
0.14493055555555556,2,nlo,ctilde_ab,3,0,2,4055.8499638004687,4611.155827848047,555.30586404757832,80.48078737967333
0.14694444444444446,2,nlo,ctilde_ab,3,0,2,4007.417436854123,4579.9797639082544,572.5623270541314,84.134853058787655
0.14895833333333333,2,nlo,ctilde_ab,3,0,2,3961.450650867499,4551.4134587369408,589.9628078694418,87.879876588885594
0.15097222222222223,2,nlo,ctilde_ab,3,0,2,3917.9528488464948,4525.5136401084137,607.56079126191889,91.724802791903599
0.15298611111111113,2,nlo,ctilde_ab,3,0,2,3876.8332986294381,4502.2445272754239,625.41122864598583,95.679231715771309
0.155,2,nlo,ctilde_ab,3,0,2,3837.8644148208468,4481.4351709589882,643.57075613814141,99.753467201411922
0.1570138888888889,2,nlo,ctilde_ab,3,0,2,3800.7964431077771,4462.8966868423167,662.10024373453962,103.95893410304126
0.1590277777777778,2,nlo,ctilde_ab,3,0,2,3765.3681396701377,4446.4327629572435,681.06462328710586,108.30819356440782
0.16104166666666667,2,nlo,ctilde_ab,3,0,2,3731.3085556428896,4431.8262699546594,700.51771431176985,112.81254024229126
0.16305555555555556,2,nlo,ctilde_ab,3,0,2,3698.3499571180678,4418.8377132617052,720.4877561436374,117.47953134897644
0.16506944444444446,2,nlo,ctilde_ab,3,0,2,3666.2316782174667,4407.232335342419,741.00065712495234,122.31656680458416
0.16708333333333333,2,nlo,ctilde_ab,3,0,2,3634.6996775381499,4396.7825800189639,762.08290248081403,127.33135162283601
0.16909722222222223,2,nlo,ctilde_ab,3,0,2,3603.5492290721731,4387.3001683356333,783.75093926346017,132.53010674350872
0.1711111111111111,2,nlo,ctilde_ab,3,0,2,3572.7340088195992,4378.7168928690671,805.98288404946788,137.91262682624227
0.173125,2,nlo,ctilde_ab,3,0,2,3542.2550516270476,4370.998925352349,828.74387372530146,143.47628313869282
0.1751388888888889,2,nlo,ctilde_ab,3,0,2,3512.1302688963647,4364.1237233872753,851.99345449091061,149.2171869601442
0.17715277777777777,2,nlo,ctilde_ab,3,0,2,3482.3968220019178,4358.0824859657696,875.68566396385177,155.13014783137402
0.17916666666666667,2,nlo,ctilde_ab,3,0,2,3453.1292499969236,4352.9018531201282,899.77260312320459,161.20925805957415
0.18118055555555557,2,nlo,ctilde_ab,3,0,2,3424.4291985961499,4348.6344395695905,924.2052409734406,167.44801900692408
0.18319444444444444,2,nlo,ctilde_ab,3,0,2,3396.4093651779599,4345.3408790141502,948.93151383619033,173.83898149304653
0.18520833333333334,2,nlo,ctilde_ab,3,0,2,3369.1944419407964,4343.0908435365691,973.89640159577266,180.37372937888372
0.18722222222222223,2,nlo,ctilde_ab,3,0,2,3342.918009456524,4341.9633844863583,999.0453750298343,187.04349521391899
0.1892361111111111,2,nlo,ctilde_ab,3,0,2,3317.7019814098671,4342.0405552936536,1024.3385738837865,193.84184818286931
0.19125,2,nlo,ctilde_ab,3,0,2,3293.6637072055037,4343.4038986642709,1049.7401914587672,200.76281161648922
0.1932638888888889,2,nlo,ctilde_ab,3,0,2,3270.9223042257186,4346.1355687126397,1075.2132644869212,207.79989687965985
0.19527777777777777,2,nlo,ctilde_ab,3,0,2,3249.5995064218823,4350.3191862932854,1100.7196798714031,214.94609304155455
0.19729166666666667,2,nlo,ctilde_ab,3,0,2,3229.7747479984937,4356.0062305289921,1126.2314825304984,222.1960862409129
0.19930555555555557,2,nlo,ctilde_ab,3,0,2,3211.3364528273769,4363.1052685381965,1151.7688157108196,229.55392368680918
0.20131944444444444,2,nlo,ctilde_ab,3,0,2,3194.11660924328,4371.4849036796422,1177.3682944363622,237.02713094243154
0.20333333333333334,2,nlo,ctilde_ab,3,0,2,3177.9397788344208,4381.0109953264919,1203.071216492071,244.62448068672111
0.20534722222222224,2,nlo,ctilde_ab,3,0,2,3162.6230642460268,4391.5467853043474,1228.9237210583206,252.35607244232321
0.20736111111111111,2,nlo,ctilde_ab,3,0,2,3147.9824366634857,4402.9574133600927,1254.974976696607,260.23300558444919
0.20937500000000001,2,nlo,ctilde_ab,3,0,2,3133.8769227376806,4415.1393795405675,1281.2624568028868,268.26432689310445
0.2113888888888889,2,nlo,ctilde_ab,3,0,2,3120.1864370032163,4428.002622347859,1307.8161853446427,276.45781029090921
0.21340277777777777,2,nlo,ctilde_ab,3,0,2,3106.7896080601677,4441.454259823523,1334.6646517633553,284.82114408811049
0.21541666666666667,2,nlo,ctilde_ab,3,0,2,3093.5633018794124,4455.3978316270532,1361.8345297476408,293.3618549498043
0.21743055555555557,2,nlo,ctilde_ab,3,0,2,3080.3830358928826,4469.7333023825986,1389.350266489716,302.08720030411814
0.21944444444444444,2,nlo,ctilde_ab,3,0,2,3067.1682405227957,4484.3948908444054,1417.2266503216097,311.00251493168656
0.22145833333333334,2,nlo,ctilde_ab,3,0,2,3053.9153483157943,4499.3789022006822,1445.4635538848879,320.10994953742414
0.22347222222222224,2,nlo,ctilde_ab,3,0,2,3040.6309368823486,4514.6873012666383,1474.0563643842897,329.41065142976697
0.22548611111111111,2,nlo,ctilde_ab,3,0,2,3027.3244137447205,4530.3212393105732,1502.9968255658528,338.90490920918916
0.22750000000000001,2,nlo,ctilde_ab,3,0,2,3014.0078299870925,4546.2805813744108,1532.2727513873183,348.59205094061491
0.22951388888888891,2,nlo,ctilde_ab,3,0,2,3000.6954557602239,4562.5635491017156,1561.8680933414917,358.47042003427987
0.23152777777777778,2,nlo,ctilde_ab,3,0,2,2987.3979580952728,4579.1680534647339,1591.7700953694612,368.53899291401274
0.23354166666666668,2,nlo,ctilde_ab,3,0,2,2974.1221785187081,4596.0938986518731,1621.971720133165,378.79797880609959
0.23555555555555557,2,nlo,ctilde_ab,3,0,2,2960.876001830155,4613.3427977220226,1652.4667958918676,389.24773414341774
0.23756944444444444,2,nlo,ctilde_ab,3,0,2,2947.66852088836,4630.918367303143,1683.249846414783,399.88873087395643
0.23958333333333334,2,nlo,ctilde_ab,3,0,2,2934.5099811315986,4648.8261059706974,1714.3161248390988,410.72157157603414
0.24159722222222221,2,nlo,ctilde_ab,3,0,2,2921.4118885826015,4667.0734462990104,1745.6615577164089,421.74698328440184
0.24361111111111111,2,nlo,ctilde_ab,3,0,2,2908.3920650865698,4685.6725435838152,1777.2804784972454,432.9652721228012
0.24562500000000001,2,nlo,ctilde_ab,3,0,2,2895.4747788666341,4704.6401183068665,1809.1653394402324,444.37623650000711
0.24763888888888888,2,nlo,ctilde_ab,3,0,2,2882.6847918253079,4723.9940248397033,1841.3092330143954,455.97977256453709
0.24965277777777778,2,nlo,ctilde_ab,3,0,2,2870.0471385123124,4743.7531555076266,1873.7060169953143,467.77591188181628
0.25166666666666665,2,nlo,ctilde_ab,3,0,2,2857.587189339547,4763.9374760000037,1906.3502866604567,479.7648221428816
0.25368055555555552,2,nlo,ctilde_ab,3,0,2,2845.3306679600937,4784.5680048730483,1939.2373369129546,491.94680498215433
0.25569444444444445,2,nlo,ctilde_ab,3,0,2,2833.3000692309929,4805.6634853188862,1972.3634160878933,504.3223679191405
0.25770833333333332,2,nlo,ctilde_ab,3,0,2,2821.5058448016002,4827.2316917813441,2005.7258469797439,516.89226514873815
0.25972222222222219,2,nlo,ctilde_ab,3,0,2,2809.9561817163544,4849.2773951569734,2039.321213440619,529.65703737971626
0.26173611111111111,2,nlo,ctilde_ab,3,0,2,2798.659804432456,4871.8047082217045,2073.1449037892485,542.61688488761649
0.26374999999999998,2,nlo,ctilde_ab,3,0,2,2787.6260814360785,4894.8170712228075,2107.190989786729,555.77162355624978
0.26576388888888891,2,nlo,ctilde_ab,3,0,2,2776.8651207199791,4918.3172221434925,2141.4521014235133,569.12063834359628
0.26777777777777778,2,nlo,ctilde_ab,3,0,2,2766.3877448729959,4942.3070974872207,2175.9193526142249,582.66284886669803
0.26979166666666665,2,nlo,ctilde_ab,3,0,2,2756.1968866813663,4966.7834615315787,2210.5865748502124,596.39783633979687
0.27180555555555558,2,nlo,ctilde_ab,3,0,2,2746.2812596110907,4991.7347893905871,2245.4535297794964,610.32674413589928
0.27381944444444445,2,nlo,ctilde_ab,3,0,2,2736.6288290602238,5017.1480129800466,2280.5191839198228,624.45049598582375
0.27583333333333332,2,nlo,ctilde_ab,3,0,2,2727.2283267124499,5043.0092311480284,2315.7809044355786,638.76956614014705
0.27784722222222225,2,nlo,ctilde_ab,3,0,2,2718.0693132893784,5069.3036989276025,2351.234385638224,653.28394284295382
0.27986111111111112,2,nlo,ctilde_ab,3,0,2,2709.1422536678729,5096.0158288355569,2386.8735751676841,667.99309082817831
0.28187499999999999,2,nlo,ctilde_ab,3,0,2,2700.4385589277963,5123.129181187237,2422.6906222594407,682.89591914937978
0.28388888888888891,2,nlo,ctilde_ab,3,0,2,2691.9393305595145,5150.6213029126247,2458.6819723531103,697.99249326246638
0.28590277777777778,2,nlo,ctilde_ab,3,0,2,2683.599598429465,5178.4575240315698,2494.8579256021048,713.28681109054628
0.28791666666666665,2,nlo,ctilde_ab,3,0,2,2675.3703456876469,5206.6022563242514,2531.2319106366044,728.78385427078899
0.28993055555555558,2,nlo,ctilde_ab,3,0,2,2667.2022042339222,5235.0208321926566,2567.8186279587344,744.48908136998034
0.29194444444444445,2,nlo,ctilde_ab,3,0,2,2659.0454381596774,5263.6795492508254,2604.634111091148,760.40845854355462
0.29395833333333332,2,nlo,ctilde_ab,3,0,2,2650.8499343540052,5292.5457230695129,2641.6957887155077,776.54849122449605
0.29597222222222225,2,nlo,ctilde_ab,3,0,2,2642.5651992856779,5321.5877470150026,2679.0225477293247,792.91625683488769
0.29798611111111112,2,nlo,ctilde_ab,3,0,2,2634.144679699084,5350.7779446041786,2716.6332649050946,809.51898192415013
0.29999999999999999,2,nlo,ctilde_ab,3,0,2,2625.5877628509243,5380.1192810925586,2754.5315182416343,826.35945547249025
0.01,4,nlo,ctilde_ab,3,0,2,1570.6779308426894,1570.7219880668908,0.044057224201424106,0.00044057224201424108
0.01201388888888889,4,nlo,ctilde_ab,3,0,2,1661.931030021381,1662.0288389636953,0.097808942314259184,0.0011750657653032527
0.014027777777777778,4,nlo,ctilde_ab,3,0,2,1707.7487239237907,1707.9370461616281,0.188322237837383,0.0026417425029966225
0.016041666666666666,4,nlo,ctilde_ab,3,0,2,1716.9944114981618,1717.321098624092,0.32668712593022065,0.0052406059784639563
0.018055555555555554,4,nlo,ctilde_ab,3,0,2,1697.3418652032742,1697.8651422155353,0.52327701226113277,0.0094480571658260067
0.020069444444444445,4,nlo,ctilde_ab,3,0,2,1655.5446055003786,1656.3316862376378,0.78708073725920258,0.015796273129715942
0.022083333333333333,4,nlo,ctilde_ab,3,0,2,1597.4650380413532,1598.5903068311009,1.125268789747679,0.024849685773594577
0.024097222222222221,4,nlo,ctilde_ab,3,0,2,1528.3675191740685,1529.9107940925887,1.5432749185201828,0.037188638661562738
0.026111111111111113,4,nlo,ctilde_ab,3,0,2,1452.697980013997,1454.7429626261028,2.0449826121057413,0.05339676820498325
0.028124999999999997,4,nlo,ctilde_ab,3,0,2,1373.9802876334043,1376.6131904152671,2.6329027818628674,0.07405039073989314
0.030138888888888889,4,nlo,ctilde_ab,3,0,2,1295.4462667507496,1298.7561581358505,3.3098913851008547,0.099756448689845206
0.03215277777777778,4,nlo,ctilde_ab,3,0,2,1219.4585806227979,1223.5378366981495,4.0792560753516227,0.13115941408943066
0.034166666666666665,4,nlo,ctilde_ab,3,0,2,1147.4256643255176,1152.3698769956154,4.9442126700978406,0.16892726622834286
0.036180555555555556,4,nlo,ctilde_ab,3,0,2,1080.4477300531653,1086.357677736758,5.9099476835926907,0.21382519049665222
0.038194444444444448,4,nlo,ctilde_ab,3,0,2,1019.3456596189344,1026.3307104387641,6.9850508198296666,0.26679013547960534
0.040208333333333332,4,nlo,ctilde_ab,3,0,2,964.34627640597682,972.52595389841736,8.1796774924405327,0.32889119917521309
0.042222222222222223,4,nlo,ctilde_ab,3,0,2,915.28485187583419,924.78998959450337,9.5051377186691752,0.40132803701047631
0.044236111111111115,4,nlo,ctilde_ab,3,0,2,871.79031301548775,882.76427605521258,10.973963039724822,0.48544544835449388
0.046249999999999999,4,nlo,ctilde_ab,3,0,2,833.38513232936793,845.98500476583285,12.599872436464921,0.58274410018650258
0.048263888888888891,4,nlo,ctilde_ab,3,0,2,799.55512797359506,813.95329671415493,14.398168740559868,0.69491161629785481
0.050277777777777775,4,nlo,ctilde_ab,3,0,2,769.72457599134259,786.10856675338073,16.383990762038138,0.82375064664691744
0.052291666666666667,4,nlo,ctilde_ab,3,0,2,743.24147459456708,761.81036125335959,18.568886658792508,0.9709980315326916
0.054305555555555558,4,nlo,ctilde_ab,3,0,2,719.53090180437584,740.49405937780193,20.963157573426088,1.1384159182235556
0.056319444444444443,4,nlo,ctilde_ab,3,0,2,698.06574181713268,721.63915567219647,23.573413855063791,1.3276415719761621
0.058333333333333334,4,nlo,ctilde_ab,3,0,2,678.38334205641786,704.7850167349643,26.401674678546442,1.5400976895818759
0.060347222222222226,4,nlo,ctilde_ab,3,0,2,660.11331594123067,689.55921280390248,29.445896862671816,1.7769780815042924
0.06236111111111111,4,nlo,ctilde_ab,3,0,2,642.9728035109033,675.67203258896006,32.69922907805676,2.0391602577843728
0.064375000000000002,4,nlo,ctilde_ab,3,0,2,626.75693445060642,662.90696209765474,36.150027647048319,2.3271580297787358
0.066388888888888886,4,nlo,ctilde_ab,3,0,2,611.34409129582809,651.12702641807118,39.782935122243089,2.6411448595044718
0.068402777777777771,4,nlo,ctilde_ab,3,0,2,596.67897338031116,640.25889492145552,43.579921541144358,2.9809876887518882
0.070416666666666669,4,nlo,ctilde_ab,3,0,2,582.75632641764332,630.27734904916952,47.521022631526193,3.346272010303303
0.072430555555555554,4,nlo,ctilde_ab,3,0,2,569.61437222962468,621.20129741027404,51.586925180649359,3.7364696502373111
0.074444444444444438,4,nlo,ctilde_ab,3,0,2,557.30878248947283,613.06760239525556,55.75881990578273,4.1509343707638253
0.076458333333333323,4,nlo,ctilde_ab,3,0,2,545.90908302982371,605.93107806044372,60.021995030620019,4.5891817033828213
0.078472222222222221,4,nlo,ctilde_ab,3,0,2,535.47839209375343,599.84303706834135,64.364644974587918,5.0508367237003018
0.080486111111111105,4,nlo,ctilde_ab,3,0,2,526.06842450536806,594.84956210660494,68.781137601236878,5.5359262833217731
0.08249999999999999,4,nlo,ctilde_ab,3,0,2,517.7116519673209,590.98185457661066,73.270202609289754,6.0447917152664044
0.084513888888888888,4,nlo,ctilde_ab,3,0,2,510.41275087005715,588.2499336507467,77.837182780689545,6.578323016951332
0.086527777777777773,4,nlo,ctilde_ab,3,0,2,504.15520865838289,586.64744229880625,82.492233640423365,7.1378696608310772
0.088541666666666657,4,nlo,ctilde_ab,3,0,2,498.89051694916952,586.14063905864373,87.250122109474205,7.7252712284430274
0.090555555555555542,4,nlo,ctilde_ab,3,0,2,494.55303458540243,586.68300590503964,92.129971319637207,8.342880736167146
0.09256944444444444,4,nlo,ctilde_ab,3,0,2,491.05215108970378,588.20512765830199,97.152976568598206,8.9933970670792647
0.094583333333333325,4,nlo,ctilde_ab,3,0,2,488.28289665358807,590.62577484094459,102.34287818735652,9.6799305618874705
0.096597222222222209,4,nlo,ctilde_ab,3,0,2,486.1326234926978,593.85684063488634,107.72421714218854,10.405860141998906
0.098611111111111108,4,nlo,ctilde_ab,3,0,2,484.48139118412337,597.80083426800934,113.31944308388597,11.174556192994311
0.10062499999999999,4,nlo,ctilde_ab,3,0,2,483.2122927177038,602.36436222088332,119.15206950317952,11.989676993757438
0.10263888888888888,4,nlo,ctilde_ab,3,0,2,482.22064550062032,607.46046209630617,125.23981659568585,12.854475620029421
0.10465277777777778,4,nlo,ctilde_ab,3,0,2,481.41166719581634,613.00917606250209,131.59750886668576,13.772044851534405
0.10666666666666666,4,nlo,ctilde_ab,3,0,2,480.70576177752787,618.94301268607796,138.2372509085501,14.745306763578675
0.10868055555555554,4,nlo,ctilde_ab,3,0,2,480.05266333696068,625.21482156944649,145.16215823248581,15.776304002350019
0.11069444444444444,4,nlo,ctilde_ab,3,0,2,479.41313083640284,631.78553131821582,152.37240048181297,16.866778220000686
0.11270833333333333,4,nlo,ctilde_ab,3,0,2,478.77181054078892,638.63429421329829,159.86248367250937,18.017834097255744
0.11472222222222221,4,nlo,ctilde_ab,3,0,2,478.14274985478323,645.76116771572674,167.61841786094351,19.229557382380463
0.11673611111111111,4,nlo,ctilde_ab,3,0,2,477.54810841986728,653.17069048150051,175.62258206163324,20.501497253167045
0.11874999999999999,4,nlo,ctilde_ab,3,0,2,477.02321424902561,660.87706087134666,183.85384662232104,21.832644286400622
0.12076388888888888,4,nlo,ctilde_ab,3,0,2,476.61492704022453,668.90230959029623,192.2873825500717,23.221372101012129
0.12277777777777778,4,nlo,ctilde_ab,3,0,2,476.37353707000921,677.26898241852768,200.89544534851848,24.665496345568101
0.12479166666666666,4,nlo,ctilde_ab,3,0,2,476.34588115556471,685.99723123147419,209.65135007590948,26.162741394889537
0.12680555555555556,4,nlo,ctilde_ab,3,0,2,476.56924457273317,695.10104713316946,218.53180256043629,27.711046630233103
0.12881944444444443,4,nlo,ctilde_ab,3,0,2,477.07962126180814,704.59209448288084,227.5124732210727,29.308030404520125
0.13083333333333333,4,nlo,ctilde_ab,3,0,2,477.90493017320068,714.47669597763638,236.5717658044357,30.951472692747004
0.13284722222222223,4,nlo,ctilde_ab,3,0,2,479.04817362774133,724.74717351592994,245.69899988818861,32.640429637923944
0.1348611111111111,4,nlo,ctilde_ab,3,0,2,480.50581950575031,735.39126715182965,254.88544764607934,34.374134675603194
0.136875,4,nlo,ctilde_ab,3,0,2,482.270942938247,746.39402544610425,264.12308250785725,36.151846918262962
0.1388888888888889,4,nlo,ctilde_ab,3,0,2,484.31980198941142,757.7338553455636,273.41405335615218,37.974174077243362
0.14090277777777779,4,nlo,ctilde_ab,3,0,2,486.61812659746647,769.3851055817147,282.76697898424823,39.842652802711093
0.14291666666666666,4,nlo,ctilde_ab,3,0,2,489.13048315167453,781.32067544131405,292.19019228963953,41.758848314727651
0.14493055555555556,4,nlo,ctilde_ab,3,0,2,491.81827051044866,793.51200703596305,301.6937365255144,43.724640842274205
0.14694444444444446,4,nlo,ctilde_ab,3,0,2,494.63583538963587,805.93134314776944,311.29550775813357,45.743145445570185
0.14895833333333333,4,nlo,ctilde_ab,3,0,2,497.53709266127112,818.55192961875014,321.01483695747902,47.817835088457812
0.15097222222222223,4,nlo,ctilde_ab,3,0,2,500.47687273897043,831.34713758630983,330.8702648473394,49.952219151258049
0.15298611111111113,4,nlo,ctilde_ab,3,0,2,503.40952979837709,844.28998227487432,340.88045247649723,52.149974778175242
0.155,4,nlo,ctilde_ab,3,0,2,506.28807662731413,857.35445285099718,351.06637622368305,54.415288314670875
0.1570138888888889,4,nlo,ctilde_ab,3,0,2,509.06662090573866,870.51656056584852,361.44993966010986,56.752660664688086
0.1590277777777778,4,nlo,ctilde_ab,3,0,2,511.70063120603822,883.75413893531982,372.05350772928159,59.166842548614923
0.16104166666666667,4,nlo,ctilde_ab,3,0,2,514.15694312069297,897.05163203099016,382.89468891029719,61.661998859929113
0.16305555555555556,4,nlo,ctilde_ab,3,0,2,516.42230844095889,910.40415338436185,393.98184494340296,64.240928606049323
0.16506944444444446,4,nlo,ctilde_ab,3,0,2,518.48650693521267,923.80892151703222,405.32241458181954,66.906345795901743
0.16708333333333333,4,nlo,ctilde_ab,3,0,2,520.34021065078286,937.26417085776552,416.92396020698266,69.661045017916692
0.16909722222222223,4,nlo,ctilde_ab,3,0,2,521.9844223211993,950.77425832630286,428.78983600510355,72.507170185585224
0.1711111111111111,4,nlo,ctilde_ab,3,0,2,523.45383129453899,964.36151333838461,440.90768204384563,75.444203371946912
0.173125,4,nlo,ctilde_ab,3,0,2,524.7908361381709,978.05088720450021,453.26005106632931,78.470646340858266
0.1751388888888889,4,nlo,ctilde_ab,3,0,2,526.03830879441489,991.8657972890062,465.82748849459131,81.584508748844399
0.17715277777777777,4,nlo,ctilde_ab,3,0,2,527.23880114355643,1005.8275043847638,478.58870324120733,84.783318192244437
0.17916666666666667,4,nlo,ctilde_ab,3,0,2,528.42522601161261,1019.9491691200715,491.52394310845887,88.064706473598875
0.18118055555555557,4,nlo,ctilde_ab,3,0,2,529.62250285740834,1034.2378086540743,504.61530579666601,91.426481446076508
0.18319444444444444,4,nlo,ctilde_ab,3,0,2,530.85446896024098,1048.6991568531357,517.84468789289474,94.866269907045577
0.18520833333333334,4,nlo,ctilde_ab,3,0,2,532.14390265763973,1063.3376800352694,531.19377737762966,98.38151418514849
0.18722222222222223,4,nlo,ctilde_ab,3,0,2,533.51005480688298,1078.1552480026921,544.64519319580916,101.96968339277095
0.1892361111111111,4,nlo,ctilde_ab,3,0,2,534.95952699351096,1093.1466386815669,558.18711168805589,105.62915828819114
0.19125,4,nlo,ctilde_ab,3,0,2,536.49465560249598,1108.3041990599202,571.80954345742418,109.35857518623237
0.1932638888888889,4,nlo,ctilde_ab,3,0,2,538.11723333237308,1123.6197627553963,585.50252942302325,113.15649579057457
0.19527777777777777,4,nlo,ctilde_ab,3,0,2,539.82844108453764,1139.0845330134589,599.25609192892125,117.02139795167545
0.19729166666666667,4,nlo,ctilde_ab,3,0,2,541.62202592705819,1154.6864773000884,613.06445137303024,120.95250738547075
0.19930555555555557,4,nlo,ctilde_ab,3,0,2,543.46300722906051,1170.4033114178787,626.94030418881823,124.95268562652141
0.20131944444444444,4,nlo,ctilde_ab,3,0,2,545.30895336137996,1186.2117727987775,640.90281943739751,129.02619955201496
0.20333333333333334,4,nlo,ctilde_ab,3,0,2,547.11753499544841,1202.0907363048759,654.97320130942751,133.17788426625026
0.20534722222222224,4,nlo,ctilde_ab,3,0,2,548.84664102146508,1218.0214250788517,669.17478405738666,137.41318308733975
0.20736111111111111,4,nlo,ctilde_ab,3,0,2,550.45794820719209,1233.9895694741722,683.5316212669801,141.73787646550016
0.20937500000000001,4,nlo,ctilde_ab,3,0,2,551.94046180750456,1249.9979158353028,698.05745402779826,146.15577943707027
0.2113888888888889,4,nlo,ctilde_ab,3,0,2,553.29671514774213,1266.0563678319618,712.75965268421965,150.66947102574755
0.21340277777777777,4,nlo,ctilde_ab,3,0,2,554.53059646275938,1282.1746181157619,727.64402165300248,155.2812554541442
0.21541666666666667,4,nlo,ctilde_ab,3,0,2,555.64747516770854,1298.3622004706331,742.71472530292453,159.993130409005
0.21743055555555557,4,nlo,ctilde_ab,3,0,2,556.6544734734756,1314.6286431120234,757.97416963854778,164.80674480127036
0.21944444444444444,4,nlo,ctilde_ab,3,0,2,557.56520581661084,1330.9864037518844,773.42119793527354,169.72298510246281
0.22145833333333334,4,nlo,ctilde_ab,3,0,2,558.40216586007762,1347.4520522366702,789.04988637659255,174.74167275381623
0.22347222222222224,4,nlo,ctilde_ab,3,0,2,559.18910770363084,1364.0412054526541,804.8520977490233,179.86208684419148
0.22548611111111111,4,nlo,ctilde_ab,3,0,2,559.95035229326311,1380.7679955581518,820.81764326488872,185.08297831118705
0.22750000000000001,4,nlo,ctilde_ab,3,0,2,560.71086746815911,1397.6450344626285,836.93416699446936,190.4025229912418
0.22951388888888891,4,nlo,ctilde_ab,3,0,2,561.49553156285458,1414.6829709304402,853.18743936758563,195.81836716040769
0.23152777777777778,4,nlo,ctilde_ab,3,0,2,562.31380843034606,1431.8831508609273,869.56934243058129,201.32945747663598
0.23354166666666668,4,nlo,ctilde_ab,3,0,2,563.16043482247005,1449.2393910200283,886.07895619755823,206.93635622863809
0.23555555555555557,4,nlo,ctilde_ab,3,0,2,564.02915099172969,1466.7453754720545,902.71622448032485,212.63982176647653
0.23756944444444444,4,nlo,ctilde_ab,3,0,2,564.91316656586218,1484.3948590016685,919.48169243580628,218.44075484881202
0.23958333333333334,4,nlo,ctilde_ab,3,0,2,565.80510139231569,1502.1815958540597,936.37649446174396,224.34020179812617
0.24159722222222221,4,nlo,ctilde_ab,3,0,2,566.69686460834782,1520.0991872683337,953.40232265998588,230.33935281486742
0.24361111111111111,4,nlo,ctilde_ab,3,0,2,567.57783864274779,1538.1388413090485,970.56100266630074,236.43944426065158
0.24562500000000001,4,nlo,ctilde_ab,3,0,2,568.43507759756778,1556.2894919843102,987.85441438674241,242.64174053374362
0.24763888888888888,4,nlo,ctilde_ab,3,0,2,569.25552624297279,1574.5404187320341,1005.2848924890613,248.94763379277725
0.24965277777777778,4,nlo,ctilde_ab,3,0,2,570.02604964794295,1592.8812452863226,1022.8551956383797,255.3586408555538
0.25166666666666665,4,nlo,ctilde_ab,3,0,2,570.73334650642596,1611.3017922703184,1040.5684457638924,261.87639218391291
0.25368055555555552,4,nlo,ctilde_ab,3,0,2,571.36387094932843,1629.7919339593607,1058.4280630100322,268.50261903997551
0.25569444444444445,4,nlo,ctilde_ab,3,0,2,571.90690741206856,1648.3437385779666,1076.4368311658982,275.2389175245026
0.25770833333333332,4,nlo,ctilde_ab,3,0,2,572.36262803710019,1666.9570372095418,1094.5944091724416,282.08610086381464
0.25972222222222219,4,nlo,ctilde_ab,3,0,2,572.73404665206795,1685.633225755023,1112.899179102955,289.04464790590634
0.26173611111111111,4,nlo,ctilde_ab,3,0,2,573.02469751959711,1704.3734766129039,1131.3487790933068,296.11482975018566
0.26374999999999998,4,nlo,ctilde_ab,3,0,2,573.23861594435868,1723.1786538175397,1149.9400378731812,303.29668498905153
0.26576388888888891,4,nlo,ctilde_ab,3,0,2,573.3803185696753,1742.0492260576711,1168.668907487996,310.58999367753893
0.26777777777777778,4,nlo,ctilde_ab,3,0,2,573.45481396117373,1760.9852217918233,1187.5304078306494,317.99425365242945
0.26979166666666665,4,nlo,ctilde_ab,3,0,2,573.46993395806385,1779.9895938201021,1206.5196598620382,325.50894990027905
0.27180555555555558,4,nlo,ctilde_ab,3,0,2,573.43786101990997,1799.0706511122048,1225.6327900922947,333.13380141814179
0.27381944444444445,4,nlo,ctilde_ab,3,0,2,573.3713316679673,1818.2366755394919,1244.8653438715246,340.86833686704318
0.27583333333333332,4,nlo,ctilde_ab,3,0,2,573.28327242997284,1837.4953636684745,1264.2120912385017,348.71183516662001
0.27784722222222225,4,nlo,ctilde_ab,3,0,2,573.18683797863639,1856.8538467028923,1283.667008724256,356.66331263234366
0.27986111111111112,4,nlo,ctilde_ab,3,0,2,573.09544164804129,1876.3187009217581,1303.2232592737168,364.72150936618607
0.28187499999999999,4,nlo,ctilde_ab,3,0,2,573.02275745276791,1895.8959421896957,1322.8731847369277,372.88487894772146
0.28388888888888891,4,nlo,ctilde_ab,3,0,2,572.97722803926183,1915.5894695328134,1342.6122414935517,381.15269744622498
0.28590277777777778,4,nlo,ctilde_ab,3,0,2,572.95441283727428,1935.3993867441959,1362.4449739069216,389.52680260936086
0.28791666666666665,4,nlo,ctilde_ab,3,0,2,572.94772771412056,1955.3256414866173,1382.3779137724969,398.00964100699804
0.28993055555555558,4,nlo,ctilde_ab,3,0,2,572.95028488941011,1975.3686514279698,1402.4183665385597,406.60393613183936
0.29194444444444445,4,nlo,ctilde_ab,3,0,2,572.95492344550189,1995.5293700635366,1422.5744466180347,415.31270649876512
0.29395833333333332,4,nlo,ctilde_ab,3,0,2,572.95423697595561,2015.8093496178353,1442.8551126418797,424.13928415368588
0.29597222222222225,4,nlo,ctilde_ab,3,0,2,572.94059834635777,2036.210800977505,1463.2702026311472,433.08733358430209
0.29798611111111112,4,nlo,ctilde_ab,3,0,2,572.90660005708094,2056.7363536121325,1483.8297535550514,442.16065781282816
0.29999999999999999,4,nlo,ctilde_ab,3,0,2,572.84917573319808,2077.3859695500655,1504.5367938168674,451.36103814506021
0.01,0,stochastic,alphashot0_ab,4,0.01,0.050000000000000003,37523.630499326566,37703.630499326566,180,1.8
0.01201388888888889,0,stochastic,alphashot0_ab,4,0.01,0.050000000000000003,39965.052992701596,40145.052992701596,180,2.1625000000000001
0.014027777777777778,0,stochastic,alphashot0_ab,4,0.01,0.050000000000000003,41372.126022042401,41552.126022042401,180,2.5249999999999999
0.016041666666666666,0,stochastic,alphashot0_ab,4,0.01,0.050000000000000003,41936.090163900888,42116.090163900888,180,2.8874999999999997
0.018055555555555554,0,stochastic,alphashot0_ab,4,0.01,0.050000000000000003,41820.331620354191,42000.331620354184,179.99999999999272,3.2499999999998681
0.020069444444444445,0,stochastic,alphashot0_ab,4,0.01,0.050000000000000003,41168.025524457466,41348.025524457466,180,3.6125000000000003
0.022083333333333333,0,stochastic,alphashot0_ab,4,0.01,0.050000000000000003,40103.665521216128,40283.665521216128,180,3.9750000000000001
0.024097222222222221,0,stochastic,alphashot0_ab,4,0.01,0.050000000000000003,38741.103005943245,38921.103005943245,180,4.3374999999999995
0.026111111111111113,0,stochastic,alphashot0_ab,4,0.01,0.050000000000000003,37178.341918562975,37358.341918562975,180,4.7000000000000002
0.028124999999999997,0,stochastic,alphashot0_ab,4,0.01,0.050000000000000003,35494.578670905452,35674.578670905452,180,5.0624999999999991
0.030138888888888889,0,stochastic,alphashot0_ab,4,0.01,0.050000000000000003,33766.873872940683,33946.873872940676,179.99999999999272,5.4249999999997804
0.03215277777777778,0,stochastic,alphashot0_ab,4,0.01,0.050000000000000003,32054.434820951014,32234.434820951006,179.99999999999272,5.7874999999997661
0.034166666666666665,0,stochastic,alphashot0_ab,4,0.01,0.050000000000000003,30394.532102968096,30574.532102968096,180,6.1499999999999995
0.036180555555555556,0,stochastic,alphashot0_ab,4,0.01,0.050000000000000003,28819.622802855592,28999.622802855592,180,6.5125000000000002
0.038194444444444448,0,stochastic,alphashot0_ab,4,0.01,0.050000000000000003,27358.020589491964,27538.020589491964,180,6.8750000000000009
0.040208333333333332,0,stochastic,alphashot0_ab,4,0.01,0.050000000000000003,26023.359984122879,26203.359984122882,180.00000000000364,7.2375000000001464
0.042222222222222223,0,stochastic,alphashot0_ab,4,0.01,0.050000000000000003,24818.891885469166,24998.891885469169,180.00000000000364,7.6000000000001542
0.044236111111111115,0,stochastic,alphashot0_ab,4,0.01,0.050000000000000003,23742.001563981416,23922.001563981416,180,7.9625000000000004
0.046249999999999999,0,stochastic,alphashot0_ab,4,0.01,0.050000000000000003,22786.603388547002,22966.603388547006,180.00000000000364,8.325000000000168
0.048263888888888891,0,stochastic,alphashot0_ab,4,0.01,0.050000000000000003,21945.215138483531,22125.215138483531,180,8.6875
0.050277777777777775,0,stochastic,alphashot0_ab,4,0.01,0.050000000000000003,21207.279046306059,21387.279046306059,180,9.0499999999999989
0.052291666666666667,0,stochastic,alphashot0_ab,4,0.01,0.050000000000000003,20557.516333807242,20737.516333807245,180.00000000000364,9.4125000000001897
0.054305555555555558,0,stochastic,alphashot0_ab,4,0.01,0.050000000000000003,19981.614511473068,20161.614511473068,180,9.7750000000000004
0.056319444444444443,0,stochastic,alphashot0_ab,4,0.01,0.050000000000000003,19464.634896756281,19644.634896756281,180,10.137499999999999
0.058333333333333334,0,stochastic,alphashot0_ab,4,0.01,0.050000000000000003,18991.691511088102,19171.691511088102,180,10.5
0.060347222222222226,0,stochastic,alphashot0_ab,4,0.01,0.050000000000000003,18549.256631069773,18729.256631069773,180,10.862500000000001
0.06236111111111111,0,stochastic,alphashot0_ab,4,0.01,0.050000000000000003,18125.081149470621,18305.081149470621,180,11.225
0.064375000000000002,0,stochastic,alphashot0_ab,4,0.01,0.050000000000000003,17708.408831647514,17888.408831647517,180.00000000000364,11.587500000000235
0.066388888888888886,0,stochastic,alphashot0_ab,4,0.01,0.050000000000000003,17290.597273455809,17470.597273455809,180,11.949999999999999
0.068402777777777771,0,stochastic,alphashot0_ab,4,0.01,0.050000000000000003,16865.234210765084,17045.234210765087,180.00000000000364,12.312500000000247
0.070416666666666669,0,stochastic,alphashot0_ab,4,0.01,0.050000000000000003,16427.908106552262,16607.908106552266,180.00000000000364,12.675000000000257
0.072430555555555554,0,stochastic,alphashot0_ab,4,0.01,0.050000000000000003,15976.741747577064,16156.741747577064,180,13.0375
0.074444444444444438,0,stochastic,alphashot0_ab,4,0.01,0.050000000000000003,15511.435726888223,15691.435726888225,180.00000000000182,13.400000000000134
0.076458333333333323,0,stochastic,alphashot0_ab,4,0.01,0.050000000000000003,15033.963183946358,15213.963183946358,180,13.762499999999998
0.078472222222222221,0,stochastic,alphashot0_ab,4,0.01,0.050000000000000003,14547.312156379023,14727.312156379021,179.99999999999818,14.124999999999858
0.080486111111111105,0,stochastic,alphashot0_ab,4,0.01,0.050000000000000003,14055.960782062382,14235.960782062384,180.00000000000182,14.487500000000145
0.08249999999999999,0,stochastic,alphashot0_ab,4,0.01,0.050000000000000003,13564.805352205651,13744.805352205651,180,14.849999999999998
0.084513888888888888,0,stochastic,alphashot0_ab,4,0.01,0.050000000000000003,13079.260030608719,13259.260030608719,180,15.2125
0.086527777777777773,0,stochastic,alphashot0_ab,4,0.01,0.050000000000000003,12604.717354492932,12784.717354492932,180,15.574999999999999
0.088541666666666657,0,stochastic,alphashot0_ab,4,0.01,0.050000000000000003,12146.03919741754,12326.03919741754,180,15.937499999999998
0.090555555555555542,0,stochastic,alphashot0_ab,4,0.01,0.050000000000000003,11707.802021048044,11887.802021048044,180,16.299999999999997
0.09256944444444444,0,stochastic,alphashot0_ab,4,0.01,0.050000000000000003,11293.506420438127,11473.506420438127,180,16.662499999999998
0.094583333333333325,0,stochastic,alphashot0_ab,4,0.01,0.050000000000000003,10905.933260694259,11085.933260694259,180,17.024999999999999
0.096597222222222209,0,stochastic,alphashot0_ab,4,0.01,0.050000000000000003,10547.062828581997,10727.062828581997,180,17.387499999999999
0.098611111111111108,0,stochastic,alphashot0_ab,4,0.01,0.050000000000000003,10217.506885527357,10397.506885527357,180,17.75
0.10062499999999999,0,stochastic,alphashot0_ab,4,0.01,0.050000000000000003,9917.5747185926975,10097.574718592698,180,18.112499999999997
0.10263888888888888,0,stochastic,alphashot0_ab,4,0.01,0.050000000000000003,9646.3289064114288,9826.3289064114269,179.99999999999818,18.47499999999981
0.10465277777777778,0,stochastic,alphashot0_ab,4,0.01,0.050000000000000003,9402.2514957171061,9582.2514957171061,180,18.837499999999999
0.10666666666666666,0,stochastic,alphashot0_ab,4,0.01,0.050000000000000003,9183.526535192188,9363.526535192188,180,19.199999999999999
0.10868055555555554,0,stochastic,alphashot0_ab,4,0.01,0.050000000000000003,8987.5439967850725,9167.5439967850725,180,19.562499999999996
0.11069444444444444,0,stochastic,alphashot0_ab,4,0.01,0.050000000000000003,8811.5845059017847,8991.5845059017865,180.00000000000182,19.9250000000002
0.11270833333333333,0,stochastic,alphashot0_ab,4,0.01,0.050000000000000003,8652.787739910098,8832.787739910098,180,20.287499999999998
0.11472222222222221,0,stochastic,alphashot0_ab,4,0.01,0.050000000000000003,8508.0786220863047,8688.0786220863047,180,20.649999999999999
0.11673611111111111,0,stochastic,alphashot0_ab,4,0.01,0.050000000000000003,8374.4015170252314,8554.4015170252314,180,21.012499999999999
0.11874999999999999,0,stochastic,alphashot0_ab,4,0.01,0.050000000000000003,8248.9191830401505,8428.9191830401505,180,21.375
0.12076388888888888,0,stochastic,alphashot0_ab,4,0.01,0.050000000000000003,8129.0377739333462,8309.0377739333471,180.00000000000091,21.737500000000107
0.12277777777777778,0,stochastic,alphashot0_ab,4,0.01,0.050000000000000003,8012.2116942904086,8192.2116942904104,180.00000000000182,22.100000000000222
0.12479166666666666,0,stochastic,alphashot0_ab,4,0.01,0.050000000000000003,7896.3513444439322,8076.3513444439313,179.99999999999909,22.462499999999885
0.12680555555555556,0,stochastic,alphashot0_ab,4,0.01,0.050000000000000003,7780.0112914265119,7960.0112914265119,180,22.824999999999999
0.12881944444444443,0,stochastic,alphashot0_ab,4,0.01,0.050000000000000003,7661.8091533312418,7841.8091533312418,180,23.187499999999996
0.13083333333333333,0,stochastic,alphashot0_ab,4,0.01,0.050000000000000003,7540.691203943079,7720.6912039430799,180.00000000000091,23.550000000000118
0.13284722222222223,0,stochastic,alphashot0_ab,4,0.01,0.050000000000000003,7416.5316145480829,7596.531614548082,179.99999999999909,23.912499999999881
0.1348611111111111,0,stochastic,alphashot0_ab,4,0.01,0.050000000000000003,7289.3678813959777,7469.3678813959777,180,24.274999999999999
0.136875,0,stochastic,alphashot0_ab,4,0.01,0.050000000000000003,7159.2838754400727,7339.2838754400746,180.00000000000182,24.637500000000248
0.1388888888888889,0,stochastic,alphashot0_ab,4,0.01,0.050000000000000003,7026.9375624183385,7206.9375624183385,180,25
0.14090277777777779,0,stochastic,alphashot0_ab,4,0.01,0.050000000000000003,6893.3349353474969,7073.3349353474969,180,25.362500000000004
0.14291666666666666,0,stochastic,alphashot0_ab,4,0.01,0.050000000000000003,6759.4685587178719,6939.4685587178719,180,25.724999999999998
0.14493055555555556,0,stochastic,alphashot0_ab,4,0.01,0.050000000000000003,6626.3349044740789,6806.3349044740789,180,26.087500000000002
0.14694444444444446,0,stochastic,alphashot0_ab,4,0.01,0.050000000000000003,6494.9934515505402,6674.9934515505411,180.00000000000091,26.450000000000138
0.14895833333333333,0,stochastic,alphashot0_ab,4,0.01,0.050000000000000003,6366.5041537536435,6546.5041537536426,179.99999999999909,26.812499999999865
0.15097222222222223,0,stochastic,alphashot0_ab,4,0.01,0.050000000000000003,6241.9057960348564,6421.9057960348564,180,27.175000000000001
0.15298611111111113,0,stochastic,alphashot0_ab,4,0.01,0.050000000000000003,6122.0238478451192,6302.0238478451192,180,27.537500000000001
0.155,0,stochastic,alphashot0_ab,4,0.01,0.050000000000000003,6007.3200085147637,6187.3200085147637,180,27.899999999999999
0.1570138888888889,0,stochastic,alphashot0_ab,4,0.01,0.050000000000000003,5898.2119404442592,6078.2119404442601,180.00000000000091,28.262500000000145
0.1590277777777778,0,stochastic,alphashot0_ab,4,0.01,0.050000000000000003,5795.1066777933456,5975.1066777933456,180,28.625000000000004
0.16104166666666667,0,stochastic,alphashot0_ab,4,0.01,0.050000000000000003,5698.1838443566803,5878.1838443566803,180,28.987500000000001
0.16305555555555556,0,stochastic,alphashot0_ab,4,0.01,0.050000000000000003,5607.2177409970172,5787.2177409970172,180,29.350000000000001
0.16506944444444446,0,stochastic,alphashot0_ab,4,0.01,0.050000000000000003,5521.9432920314466,5701.9432920314466,180,29.712500000000002
0.16708333333333333,0,stochastic,alphashot0_ab,4,0.01,0.050000000000000003,5442.0998796182066,5622.0998796182066,180,30.074999999999999
0.16909722222222223,0,stochastic,alphashot0_ab,4,0.01,0.050000000000000003,5367.3749404502341,5547.3749404502341,180,30.4375
0.1711111111111111,0,stochastic,alphashot0_ab,4,0.01,0.050000000000000003,5297.2674530839213,5477.2674530839213,180,30.799999999999997
0.173125,0,stochastic,alphashot0_ab,4,0.01,0.050000000000000003,5231.2441796428566,5411.2441796428566,180,31.162500000000001
0.1751388888888889,0,stochastic,alphashot0_ab,4,0.01,0.050000000000000003,5168.7833712644679,5348.7833712644679,180,31.525000000000002
0.17715277777777777,0,stochastic,alphashot0_ab,4,0.01,0.050000000000000003,5109.3771854689658,5289.3771854689658,180,31.887499999999999
0.17916666666666667,0,stochastic,alphashot0_ab,4,0.01,0.050000000000000003,5052.5480906483817,5232.5480906483817,180,32.25
0.18118055555555557,0,stochastic,alphashot0_ab,4,0.01,0.050000000000000003,4997.8406339338644,5177.8406339338635,179.99999999999909,32.612499999999834
0.18319444444444444,0,stochastic,alphashot0_ab,4,0.01,0.050000000000000003,4944.8078933590868,5124.8078933590859,179.99999999999909,32.974999999999831
0.18520833333333334,0,stochastic,alphashot0_ab,4,0.01,0.050000000000000003,4893.0128050309158,5073.0128050309158,180,33.337499999999999
0.18722222222222223,0,stochastic,alphashot0_ab,4,0.01,0.050000000000000003,4842.0643429895163,5022.0643429895154,179.99999999999909,33.699999999999832
0.1892361111111111,0,stochastic,alphashot0_ab,4,0.01,0.050000000000000003,4791.7567738539874,4971.7567738539874,180,34.0625
0.19125,0,stochastic,alphashot0_ab,4,0.01,0.050000000000000003,4741.9421938238993,4921.9421938238993,180,34.424999999999997
0.1932638888888889,0,stochastic,alphashot0_ab,4,0.01,0.050000000000000003,4692.4740488173338,4872.4740488173338,180,34.787500000000001
0.19527777777777777,0,stochastic,alphashot0_ab,4,0.01,0.050000000000000003,4643.208140864087,4823.2081408640879,180.00000000000091,35.150000000000176
0.19729166666666667,0,stochastic,alphashot0_ab,4,0.01,0.050000000000000003,4594.0402789685031,4774.0402789685022,179.99999999999909,35.512499999999818
0.19930555555555557,0,stochastic,alphashot0_ab,4,0.01,0.050000000000000003,4545.0209025263894,4725.0209025263894,180,35.875
0.20131944444444444,0,stochastic,alphashot0_ab,4,0.01,0.050000000000000003,4496.2358664649746,4676.2358664649746,180,36.237499999999997
0.20333333333333334,0,stochastic,alphashot0_ab,4,0.01,0.050000000000000003,4447.7649930923199,4627.7649930923199,180,36.600000000000001
0.20534722222222224,0,stochastic,alphashot0_ab,4,0.01,0.050000000000000003,4399.6817664588498,4579.6817664588489,179.99999999999909,36.962499999999814
0.20736111111111111,0,stochastic,alphashot0_ab,4,0.01,0.050000000000000003,4352.0589069701819,4532.0589069701828,180.00000000000091,37.325000000000188
0.20937500000000001,0,stochastic,alphashot0_ab,4,0.01,0.050000000000000003,4305.00890447038,4485.00890447038,180,37.6875
0.2113888888888889,0,stochastic,alphashot0_ab,4,0.01,0.050000000000000003,4258.6626583458074,4438.6626583458074,180,38.050000000000004
0.21340277777777777,0,stochastic,alphashot0_ab,4,0.01,0.050000000000000003,4213.1483122408117,4393.1483122408117,180,38.412500000000001
0.21541666666666667,0,stochastic,alphashot0_ab,4,0.01,0.050000000000000003,4168.5902529104014,4348.5902529104014,180,38.774999999999999
0.21743055555555557,0,stochastic,alphashot0_ab,4,0.01,0.050000000000000003,4125.1078410636756,4305.1078410636756,180,39.137500000000003
0.21944444444444444,0,stochastic,alphashot0_ab,4,0.01,0.050000000000000003,4082.781947999933,4262.7819479999325,179.99999999999955,39.499999999999901
0.22145833333333334,0,stochastic,alphashot0_ab,4,0.01,0.050000000000000003,4041.6365633163855,4221.6365633163859,180.00000000000045,39.862500000000104
0.22347222222222224,0,stochastic,alphashot0_ab,4,0.01,0.050000000000000003,4001.6923281999279,4181.6923281999279,180,40.225000000000001
0.22548611111111111,0,stochastic,alphashot0_ab,4,0.01,0.050000000000000003,3962.9715347825299,4142.9715347825304,180.00000000000045,40.587500000000105
0.22750000000000001,0,stochastic,alphashot0_ab,4,0.01,0.050000000000000003,3925.4977059658809,4105.4977059658804,179.99999999999955,40.949999999999896
0.22951388888888891,0,stochastic,alphashot0_ab,4,0.01,0.050000000000000003,3889.2920361670203,4069.2920361670203,180,41.3125
0.23152777777777778,0,stochastic,alphashot0_ab,4,0.01,0.050000000000000003,3854.3142846667838,4034.3142846667838,180,41.674999999999997
0.23354166666666668,0,stochastic,alphashot0_ab,4,0.01,0.050000000000000003,3820.4691490860296,4000.46914908603,180.00000000000045,42.037500000000108
0.23555555555555557,0,stochastic,alphashot0_ab,4,0.01,0.050000000000000003,3787.6614487248089,3967.6614487248094,180.00000000000045,42.400000000000112
0.23756944444444444,0,stochastic,alphashot0_ab,4,0.01,0.050000000000000003,3755.798398972559,3935.798398972559,180,42.762500000000003
0.23958333333333334,0,stochastic,alphashot0_ab,4,0.01,0.050000000000000003,3724.7897821112051,3904.7897821112056,180.00000000000045,43.125000000000114
0.24159722222222221,0,stochastic,alphashot0_ab,4,0.01,0.050000000000000003,3694.5483229496031,3874.5483229496031,180,43.487499999999997
0.24361111111111111,0,stochastic,alphashot0_ab,4,0.01,0.050000000000000003,3664.9957017512688,3844.9957017512684,179.99999999999955,43.849999999999888
0.24562500000000001,0,stochastic,alphashot0_ab,4,0.01,0.050000000000000003,3636.0616446124495,3816.0616446124495,180,44.212499999999999
0.24763888888888888,0,stochastic,alphashot0_ab,4,0.01,0.050000000000000003,3607.6764520453798,3787.6764520453803,180.00000000000045,44.575000000000109
0.24965277777777778,0,stochastic,alphashot0_ab,4,0.01,0.050000000000000003,3579.7710007771675,3759.7710007771675,180,44.9375
0.25166666666666665,0,stochastic,alphashot0_ab,4,0.01,0.050000000000000003,3552.2771218367707,3732.2771218367707,180,45.299999999999997
0.25368055555555552,0,stochastic,alphashot0_ab,4,0.01,0.050000000000000003,3525.127941667959,3705.127941667959,180,45.662499999999994
0.25569444444444445,0,stochastic,alphashot0_ab,4,0.01,0.050000000000000003,3498.2728446841916,3678.2728446841916,180,46.024999999999999
0.25770833333333332,0,stochastic,alphashot0_ab,4,0.01,0.050000000000000003,3471.712850898396,3651.712850898396,180,46.387499999999996
0.25972222222222219,0,stochastic,alphashot0_ab,4,0.01,0.050000000000000003,3445.4590935140532,3625.4590935140532,180,46.749999999999993
0.26173611111111111,0,stochastic,alphashot0_ab,4,0.01,0.050000000000000003,3419.5216668956914,3599.5216668956914,180,47.112499999999997
0.26374999999999998,0,stochastic,alphashot0_ab,4,0.01,0.050000000000000003,3393.9097447091644,3573.9097447091644,180,47.474999999999994
0.26576388888888891,0,stochastic,alphashot0_ab,4,0.01,0.050000000000000003,3368.6316913848746,3548.631691384875,180.00000000000045,47.837500000000126
0.26777777777777778,0,stochastic,alphashot0_ab,4,0.01,0.050000000000000003,3343.6952433928604,3523.69524339286,179.99999999999955,48.199999999999882
0.26979166666666665,0,stochastic,alphashot0_ab,4,0.01,0.050000000000000003,3319.1136512149651,3499.1136512149651,180,48.5625
0.27180555555555558,0,stochastic,alphashot0_ab,4,0.01,0.050000000000000003,3294.9103402966357,3474.9103402966352,179.99999999999955,48.924999999999883
0.27381944444444445,0,stochastic,alphashot0_ab,4,0.01,0.050000000000000003,3271.1096134029176,3451.1096134029176,180,49.287500000000001
0.27583333333333332,0,stochastic,alphashot0_ab,4,0.01,0.050000000000000003,3247.735479308255,3427.735479308255,180,49.649999999999999
0.27784722222222225,0,stochastic,alphashot0_ab,4,0.01,0.050000000000000003,3224.8115094687728,3404.8115094687728,180,50.012500000000003
0.27986111111111112,0,stochastic,alphashot0_ab,4,0.01,0.050000000000000003,3202.3607131025065,3382.3607131025069,180.00000000000045,50.375000000000128
0.28187499999999999,0,stochastic,alphashot0_ab,4,0.01,0.050000000000000003,3180.4053678066675,3360.4053678066675,180,50.737499999999997
0.28388888888888891,0,stochastic,alphashot0_ab,4,0.01,0.050000000000000003,3158.9508712465472,3338.9508712465476,180.00000000000045,51.100000000000136
0.28590277777777778,0,stochastic,alphashot0_ab,4,0.01,0.050000000000000003,3137.9648510459365,3317.9648510459365,180,51.462499999999999
0.28791666666666665,0,stochastic,alphashot0_ab,4,0.01,0.050000000000000003,3117.4101805672572,3297.4101805672572,180,51.824999999999996
0.28993055555555558,0,stochastic,alphashot0_ab,4,0.01,0.050000000000000003,3097.2503068108463,3277.2503068108463,180,52.187500000000007
0.29194444444444445,0,stochastic,alphashot0_ab,4,0.01,0.050000000000000003,3077.4491539465116,3257.4491539465112,179.99999999999955,52.549999999999869
0.29395833333333332,0,stochastic,alphashot0_ab,4,0.01,0.050000000000000003,3057.9710349496213,3237.9710349496213,180,52.912499999999994
0.29597222222222225,0,stochastic,alphashot0_ab,4,0.01,0.050000000000000003,3038.7805709089298,3218.7805709089298,180,53.275000000000006
0.29798611111111112,0,stochastic,alphashot0_ab,4,0.01,0.050000000000000003,3019.8441264740777,3199.8441264740773,179.99999999999955,53.637499999999868
0.29999999999999999,0,stochastic,alphashot0_ab,4,0.01,0.050000000000000003,3001.1444588806617,3181.1444588806617,180,54
0.01,2,stochastic,alphashot0_ab,4,0.01,0.050000000000000003,22498.582541345102,22498.582541345102,0,0
0.01201388888888889,2,stochastic,alphashot0_ab,4,0.01,0.050000000000000003,23920.531433096512,23920.531433096519,7.2759576141834259e-12,8.7412546337064777e-14
0.014027777777777778,2,stochastic,alphashot0_ab,4,0.01,0.050000000000000003,24713.471640471122,24713.471640471125,3.637978807091713e-12,5.103275826614764e-14
0.016041666666666666,2,stochastic,alphashot0_ab,4,0.01,0.050000000000000003,24995.195511899707,24995.195511899703,-3.637978807091713e-12,-5.8359243363762892e-14
0.018055555555555554,2,stochastic,alphashot0_ab,4,0.01,0.050000000000000003,24866.712030895986,24866.712030895986,0,0
0.020069444444444445,2,stochastic,alphashot0_ab,4,0.01,0.050000000000000003,24416.659746769139,24416.659746769139,0,0
0.022083333333333333,2,stochastic,alphashot0_ab,4,0.01,0.050000000000000003,23722.103297916627,23722.10329791663,3.637978807091713e-12,8.0338698656608661e-14
0.024097222222222221,2,stochastic,alphashot0_ab,4,0.01,0.050000000000000003,22853.197149190146,22853.197149190146,0,0
0.026111111111111113,2,stochastic,alphashot0_ab,4,0.01,0.050000000000000003,21870.049619898102,21870.049619898105,3.637978807091713e-12,9.4991668851839177e-14
0.028124999999999997,2,stochastic,alphashot0_ab,4,0.01,0.050000000000000003,20821.016366970951,20821.016366970951,0,0
0.030138888888888889,2,stochastic,alphashot0_ab,4,0.01,0.050000000000000003,19752.440748276353,19752.440748276349,-3.637978807091713e-12,-1.0964463904706968e-13
0.03215277777777778,2,stochastic,alphashot0_ab,4,0.01,0.050000000000000003,18699.514578351133,18699.514578351133,0,0
0.034166666666666665,2,stochastic,alphashot0_ab,4,0.01,0.050000000000000003,17684.135013329054,17684.135013329051,-3.637978807091713e-12,-1.2429760924230019e-13
0.036180555555555556,2,stochastic,alphashot0_ab,4,0.01,0.050000000000000003,16724.904374432801,16724.904374432801,0,0
0.038194444444444448,2,stochastic,alphashot0_ab,4,0.01,0.050000000000000003,15837.530580307242,15837.530580307242,0,0
0.040208333333333332,2,stochastic,alphashot0_ab,4,0.01,0.050000000000000003,15028.971231937339,15028.971231937343,3.637978807091713e-12,1.4627706453514595e-13
0.042222222222222223,2,stochastic,alphashot0_ab,4,0.01,0.050000000000000003,14300.090524640027,14300.090524640025,-1.8189894035458565e-12,-7.6801774816380609e-14
0.044236111111111115,2,stochastic,alphashot0_ab,4,0.01,0.050000000000000003,13648.353178967731,13648.353178967733,1.8189894035458565e-12,8.0465017365188241e-14
0.046249999999999999,2,stochastic,alphashot0_ab,4,0.01,0.050000000000000003,13069.26132902377,13069.261329023768,-1.8189894035458565e-12,-8.4128259913995861e-14
0.048263888888888891,2,stochastic,alphashot0_ab,4,0.01,0.050000000000000003,12557.541584782964,12557.541584782963,-1.8189894035458565e-12,-8.7791502462803493e-14
0.050277777777777775,2,stochastic,alphashot0_ab,4,0.01,0.050000000000000003,12106.312725618023,12106.312725618021,-1.8189894035458565e-12,-9.1454745011611113e-14
0.052291666666666667,2,stochastic,alphashot0_ab,4,0.01,0.050000000000000003,11706.306247292496,11706.306247292498,1.8189894035458565e-12,9.5117987560418745e-14
0.054305555555555558,2,stochastic,alphashot0_ab,4,0.01,0.050000000000000003,11348.975364193488,11348.975364193486,-1.8189894035458565e-12,-9.8781230109226377e-14
0.056319444444444443,2,stochastic,alphashot0_ab,4,0.01,0.050000000000000003,11025.685789254338,11025.685789254338,0,0
0.058333333333333334,2,stochastic,alphashot0_ab,4,0.01,0.050000000000000003,10728.086325528253,10728.086325528255,1.8189894035458565e-12,1.0610771520684163e-13
0.060347222222222226,2,stochastic,alphashot0_ab,4,0.01,0.050000000000000003,10448.800217265511,10448.800217265511,0,0
0.06236111111111111,2,stochastic,alphashot0_ab,4,0.01,0.050000000000000003,10181.378214704237,10181.378214704237,0,0
0.064375000000000002,2,stochastic,alphashot0_ab,4,0.01,0.050000000000000003,9920.3591103592662,9920.3591103592662,0,0
0.066388888888888886,2,stochastic,alphashot0_ab,4,0.01,0.050000000000000003,9661.5694269499782,9661.5694269499818,3.637978807091713e-12,2.4152137080414427e-13
0.068402777777777771,2,stochastic,alphashot0_ab,4,0.01,0.050000000000000003,9402.1062548971058,9402.1062548971113,5.4569682106375694e-12,3.7327178385263928e-13
0.070416666666666669,2,stochastic,alphashot0_ab,4,0.01,0.050000000000000003,9140.1702328568426,9140.1702328568444,1.8189894035458565e-12,1.280871704996874e-13
0.072430555555555554,2,stochastic,alphashot0_ab,4,0.01,0.050000000000000003,8875.2644005176062,8875.2644005176062,0,0
0.074444444444444438,2,stochastic,alphashot0_ab,4,0.01,0.050000000000000003,8607.6645904414945,8607.6645904414927,-1.8189894035458565e-12,-1.3541365559730264e-13
0.076458333333333323,2,stochastic,alphashot0_ab,4,0.01,0.050000000000000003,8338.6891442425804,8338.6891442425804,0,0
0.078472222222222221,2,stochastic,alphashot0_ab,4,0.01,0.050000000000000003,8070.0655054307044,8070.0655054307063,1.8189894035458565e-12,1.427401406949179e-13
0.080486111111111105,2,stochastic,alphashot0_ab,4,0.01,0.050000000000000003,7804.0863936292562,7804.0863936292571,9.0949470177292824e-13,7.3201691621862761e-14
0.08249999999999999,2,stochastic,alphashot0_ab,4,0.01,0.050000000000000003,7543.1233393907605,7543.1233393907587,-1.8189894035458565e-12,-1.5006662579253314e-13
0.084513888888888888,2,stochastic,alphashot0_ab,4,0.01,0.050000000000000003,7289.5979188749798,7289.5979188749807,9.0949470177292824e-13,7.6864934170670393e-14
0.086527777777777773,2,stochastic,alphashot0_ab,4,0.01,0.050000000000000003,7045.8020191714322,7045.8020191714295,-2.7284841053187847e-12,-2.3608966633522262e-13
0.088541666666666657,2,stochastic,alphashot0_ab,4,0.01,0.050000000000000003,6813.6027105908561,6813.6027105908561,0,0
0.090555555555555542,2,stochastic,alphashot0_ab,4,0.01,0.050000000000000003,6594.6343070738549,6594.6343070738549,0,0
0.09256944444444444,2,stochastic,alphashot0_ab,4,0.01,0.050000000000000003,6389.9258271035651,6389.9258271035633,-1.8189894035458565e-12,-1.6838283853657129e-13
0.094583333333333325,2,stochastic,alphashot0_ab,4,0.01,0.050000000000000003,6200.1018080686581,6200.101808068659,9.0949470177292824e-13,8.6023040542689455e-14
0.096597222222222209,2,stochastic,alphashot0_ab,4,0.01,0.050000000000000003,6025.3950864709886,6025.3950864709896,9.0949470177292824e-13,8.7854661817093265e-14
0.098611111111111108,2,stochastic,alphashot0_ab,4,0.01,0.050000000000000003,5865.4143006973381,5865.4143006973372,-9.0949470177292824e-13,-8.9686283091497087e-14
0.10062499999999999,2,stochastic,alphashot0_ab,4,0.01,0.050000000000000003,5719.6387860208933,5719.6387860208924,-9.0949470177292824e-13,-9.1517904365900897e-14
0.10263888888888888,2,stochastic,alphashot0_ab,4,0.01,0.050000000000000003,5587.0859264957544,5587.0859264957544,0,0
0.10465277777777778,2,stochastic,alphashot0_ab,4,0.01,0.050000000000000003,5466.5751894937375,5466.5751894937384,9.0949470177292824e-13,9.5181146914708529e-14
0.10666666666666666,2,stochastic,alphashot0_ab,4,0.01,0.050000000000000003,5356.8743530068023,5356.8743530068023,0,0
0.10868055555555554,2,stochastic,alphashot0_ab,4,0.01,0.050000000000000003,5256.5810414847765,5256.5810414847765,0,0
0.11069444444444444,2,stochastic,alphashot0_ab,4,0.01,0.050000000000000003,5164.3074286275587,5164.3074286275569,-1.8189894035458565e-12,-2.0135202147583994e-13
0.11270833333333333,2,stochastic,alphashot0_ab,4,0.01,0.050000000000000003,5078.7435563925492,5078.7435563925492,0,0
0.11472222222222221,2,stochastic,alphashot0_ab,4,0.01,0.050000000000000003,4998.6671665962485,4998.6671665962476,-9.0949470177292824e-13,-1.0433925328672759e-13
0.11673611111111111,2,stochastic,alphashot0_ab,4,0.01,0.050000000000000003,4922.9208041304901,4922.9208041304901,0,0
0.11874999999999999,2,stochastic,alphashot0_ab,4,0.01,0.050000000000000003,4850.5466280978726,4850.5466280978717,-9.0949470177292824e-13,-1.0800249583553522e-13
0.12076388888888888,2,stochastic,alphashot0_ab,4,0.01,0.050000000000000003,4780.798091509072,4780.7980915090711,-9.0949470177292824e-13,-1.0983411710993903e-13
0.12277777777777778,2,stochastic,alphashot0_ab,4,0.01,0.050000000000000003,4712.9889484997584,4712.9889484997593,9.0949470177292824e-13,1.1166573838434286e-13
0.12479166666666666,2,stochastic,alphashot0_ab,4,0.01,0.050000000000000003,4646.64061724782,4646.6406172478191,-9.0949470177292824e-13,-1.1349735965874667e-13
0.12680555555555556,2,stochastic,alphashot0_ab,4,0.01,0.050000000000000003,4581.535298816163,4581.535298816163,0,0
0.12881944444444443,2,stochastic,alphashot0_ab,4,0.01,0.050000000000000003,4517.4949037718725,4517.4949037718707,-1.8189894035458565e-12,-2.3432120441510857e-13
0.13083333333333333,2,stochastic,alphashot0_ab,4,0.01,0.050000000000000003,4454.4399249406079,4454.4399249406079,0,0
0.13284722222222223,2,stochastic,alphashot0_ab,4,0.01,0.050000000000000003,4392.5179584621656,4392.5179584621646,-9.0949470177292824e-13,-1.2082384475636193e-13
0.1348611111111111,2,stochastic,alphashot0_ab,4,0.01,0.050000000000000003,4331.9080461635613,4331.9080461635594,-1.8189894035458565e-12,-2.4531093206153145e-13
0.136875,2,stochastic,alphashot0_ab,4,0.01,0.050000000000000003,4272.7860246873752,4272.7860246873743,-9.0949470177292824e-13,-1.2448708730516955e-13
0.1388888888888889,2,stochastic,alphashot0_ab,4,0.01,0.050000000000000003,4215.3836139617943,4215.3836139617943,0,0
0.14090277777777779,2,stochastic,alphashot0_ab,4,0.01,0.050000000000000003,4159.9526626210936,4159.9526626210936,0,0
0.14291666666666666,2,stochastic,alphashot0_ab,4,0.01,0.050000000000000003,4106.7178605407826,4106.7178605407817,-9.0949470177292824e-13,-1.2998195112838099e-13
0.14493055555555556,2,stochastic,alphashot0_ab,4,0.01,0.050000000000000003,4055.8499638004687,4055.8499638004687,0,0
0.14694444444444446,2,stochastic,alphashot0_ab,4,0.01,0.050000000000000003,4007.417436854123,4007.4174368541226,-4.5474735088646412e-13,-6.6822596838594318e-14
0.14895833333333333,2,stochastic,alphashot0_ab,4,0.01,0.050000000000000003,3961.450650867499,3961.4506508674981,-9.0949470177292824e-13,-1.3547681495159243e-13
0.15097222222222223,2,stochastic,alphashot0_ab,4,0.01,0.050000000000000003,3917.9528488464948,3917.9528488464939,-9.0949470177292824e-13,-1.3730843622599626e-13
0.15298611111111113,2,stochastic,alphashot0_ab,4,0.01,0.050000000000000003,3876.8332986294381,3876.8332986294376,-4.5474735088646412e-13,-6.9570028750200039e-14
0.155,2,stochastic,alphashot0_ab,4,0.01,0.050000000000000003,3837.8644148208468,3837.8644148208468,0,0
0.1570138888888889,2,stochastic,alphashot0_ab,4,0.01,0.050000000000000003,3800.7964431077771,3800.7964431077771,0,0
0.1590277777777778,2,stochastic,alphashot0_ab,4,0.01,0.050000000000000003,3765.3681396701377,3765.3681396701377,0,0
0.16104166666666667,2,stochastic,alphashot0_ab,4,0.01,0.050000000000000003,3731.3085556428896,3731.3085556428905,9.0949470177292824e-13,1.4646654259801532e-13
0.16305555555555556,2,stochastic,alphashot0_ab,4,0.01,0.050000000000000003,3698.3499571180678,3698.3499571180673,-4.5474735088646412e-13,-7.414908193620957e-14
0.16506944444444446,2,stochastic,alphashot0_ab,4,0.01,0.050000000000000003,3666.2316782174667,3666.2316782174662,-4.5474735088646412e-13,-7.5064892573411481e-14
0.16708333333333333,2,stochastic,alphashot0_ab,4,0.01,0.050000000000000003,3634.6996775381499,3634.6996775381494,-4.5474735088646412e-13,-7.598070321061338e-14
0.16909722222222223,2,stochastic,alphashot0_ab,4,0.01,0.050000000000000003,3603.5492290721731,3603.5492290721731,0,0
0.1711111111111111,2,stochastic,alphashot0_ab,4,0.01,0.050000000000000003,3572.7340088195992,3572.7340088195983,-9.0949470177292824e-13,-1.5562464897003438e-13
0.173125,2,stochastic,alphashot0_ab,4,0.01,0.050000000000000003,3542.2550516270476,3542.2550516270467,-9.0949470177292824e-13,-1.574562702444382e-13
0.1751388888888889,2,stochastic,alphashot0_ab,4,0.01,0.050000000000000003,3512.1302688963647,3512.1302688963638,-9.0949470177292824e-13,-1.5928789151884202e-13
0.17715277777777777,2,stochastic,alphashot0_ab,4,0.01,0.050000000000000003,3482.3968220019178,3482.3968220019178,0,0
0.17916666666666667,2,stochastic,alphashot0_ab,4,0.01,0.050000000000000003,3453.1292499969236,3453.1292499969231,-4.5474735088646412e-13,-8.1475567033824822e-14
0.18118055555555557,2,stochastic,alphashot0_ab,4,0.01,0.050000000000000003,3424.4291985961499,3424.4291985961499,0,0
0.18319444444444444,2,stochastic,alphashot0_ab,4,0.01,0.050000000000000003,3396.4093651779599,3396.4093651779599,0,0
0.18520833333333334,2,stochastic,alphashot0_ab,4,0.01,0.050000000000000003,3369.1944419407964,3369.1944419407964,0,0
0.18722222222222223,2,stochastic,alphashot0_ab,4,0.01,0.050000000000000003,3342.918009456524,3342.918009456524,0,0
0.1892361111111111,2,stochastic,alphashot0_ab,4,0.01,0.050000000000000003,3317.7019814098671,3317.7019814098667,-4.5474735088646412e-13,-8.6054620219834353e-14
0.19125,2,stochastic,alphashot0_ab,4,0.01,0.050000000000000003,3293.6637072055037,3293.6637072055041,4.5474735088646412e-13,8.6970430857036264e-14
0.1932638888888889,2,stochastic,alphashot0_ab,4,0.01,0.050000000000000003,3270.9223042257186,3270.922304225719,4.5474735088646412e-13,8.7886241494238175e-14
0.19527777777777777,2,stochastic,alphashot0_ab,4,0.01,0.050000000000000003,3249.5995064218823,3249.5995064218823,0,0
0.19729166666666667,2,stochastic,alphashot0_ab,4,0.01,0.050000000000000003,3229.7747479984937,3229.7747479984937,0,0
0.19930555555555557,2,stochastic,alphashot0_ab,4,0.01,0.050000000000000003,3211.3364528273769,3211.3364528273769,0,0
0.20131944444444444,2,stochastic,alphashot0_ab,4,0.01,0.050000000000000003,3194.11660924328,3194.1166092432791,-9.0949470177292824e-13,-1.8309896808609159e-13
0.20333333333333334,2,stochastic,alphashot0_ab,4,0.01,0.050000000000000003,3177.9397788344208,3177.9397788344208,0,0
0.20534722222222224,2,stochastic,alphashot0_ab,4,0.01,0.050000000000000003,3162.6230642460268,3162.6230642460259,-9.0949470177292824e-13,-1.8676221063489924e-13
0.20736111111111111,2,stochastic,alphashot0_ab,4,0.01,0.050000000000000003,3147.9824366634857,3147.9824366634857,0,0
0.20937500000000001,2,stochastic,alphashot0_ab,4,0.01,0.050000000000000003,3133.8769227376806,3133.8769227376806,0,0
0.2113888888888889,2,stochastic,alphashot0_ab,4,0.01,0.050000000000000003,3120.1864370032163,3120.1864370032158,-4.5474735088646412e-13,-9.6128537229055339e-14
0.21340277777777777,2,stochastic,alphashot0_ab,4,0.01,0.050000000000000003,3106.7896080601677,3106.7896080601672,-4.5474735088646412e-13,-9.7044347866257237e-14
0.21541666666666667,2,stochastic,alphashot0_ab,4,0.01,0.050000000000000003,3093.5633018794124,3093.5633018794124,0,0
0.21743055555555557,2,stochastic,alphashot0_ab,4,0.01,0.050000000000000003,3080.3830358928826,3080.3830358928817,-9.0949470177292824e-13,-1.9775193828132212e-13
0.21944444444444444,2,stochastic,alphashot0_ab,4,0.01,0.050000000000000003,3067.1682405227957,3067.1682405227953,-4.5474735088646412e-13,-9.9791779777862958e-14
0.22145833333333334,2,stochastic,alphashot0_ab,4,0.01,0.050000000000000003,3053.9153483157943,3053.9153483157938,-4.5474735088646412e-13,-1.0070759041506487e-13
0.22347222222222224,2,stochastic,alphashot0_ab,4,0.01,0.050000000000000003,3040.6309368823486,3040.630936882349,4.5474735088646412e-13,1.0162340105226678e-13
0.22548611111111111,2,stochastic,alphashot0_ab,4,0.01,0.050000000000000003,3027.3244137447205,3027.32441374472,-4.5474735088646412e-13,-1.0253921168946868e-13
0.22750000000000001,2,stochastic,alphashot0_ab,4,0.01,0.050000000000000003,3014.0078299870925,3014.0078299870929,4.5474735088646412e-13,1.0345502232667059e-13
0.22951388888888891,2,stochastic,alphashot0_ab,4,0.01,0.050000000000000003,3000.6954557602239,3000.695455760223,-9.0949470177292824e-13,-2.08741665927745e-13
0.23152777777777778,2,stochastic,alphashot0_ab,4,0.01,0.050000000000000003,2987.3979580952728,2987.3979580952728,0,0
0.23354166666666668,2,stochastic,alphashot0_ab,4,0.01,0.050000000000000003,2974.1221785187081,2974.1221785187086,4.5474735088646412e-13,1.0620245423827631e-13
0.23555555555555557,2,stochastic,alphashot0_ab,4,0.01,0.050000000000000003,2960.876001830155,2960.8760018301546,-4.5474735088646412e-13,-1.0711826487547822e-13
0.23756944444444444,2,stochastic,alphashot0_ab,4,0.01,0.050000000000000003,2947.66852088836,2947.6685208883596,-4.5474735088646412e-13,-1.0803407551268012e-13
0.23958333333333334,2,stochastic,alphashot0_ab,4,0.01,0.050000000000000003,2934.5099811315986,2934.509981131599,4.5474735088646412e-13,1.0894988614988203e-13
0.24159722222222221,2,stochastic,alphashot0_ab,4,0.01,0.050000000000000003,2921.4118885826015,2921.411888582601,-4.5474735088646412e-13,-1.0986569678708393e-13
0.24361111111111111,2,stochastic,alphashot0_ab,4,0.01,0.050000000000000003,2908.3920650865698,2908.3920650865693,-4.5474735088646412e-13,-1.1078150742428584e-13
0.24562500000000001,2,stochastic,alphashot0_ab,4,0.01,0.050000000000000003,2895.4747788666341,2895.4747788666346,4.5474735088646412e-13,1.1169731806148775e-13
0.24763888888888888,2,stochastic,alphashot0_ab,4,0.01,0.050000000000000003,2882.6847918253079,2882.6847918253079,0,0
0.24965277777777778,2,stochastic,alphashot0_ab,4,0.01,0.050000000000000003,2870.0471385123124,2870.0471385123124,0,0
0.25166666666666665,2,stochastic,alphashot0_ab,4,0.01,0.050000000000000003,2857.587189339547,2857.5871893395461,-9.0949470177292824e-13,-2.2888949994618692e-13
0.25368055555555552,2,stochastic,alphashot0_ab,4,0.01,0.050000000000000003,2845.3306679600937,2845.3306679600928,-9.0949470177292824e-13,-2.3072112122059072e-13
0.25569444444444445,2,stochastic,alphashot0_ab,4,0.01,0.050000000000000003,2833.3000692309929,2833.3000692309924,-4.5474735088646412e-13,-1.1627637124749728e-13
0.25770833333333332,2,stochastic,alphashot0_ab,4,0.01,0.050000000000000003,2821.5058448016002,2821.5058448015998,-4.5474735088646412e-13,-1.1719218188469918e-13
0.25972222222222219,2,stochastic,alphashot0_ab,4,0.01,0.050000000000000003,2809.9561817163544,2809.9561817163549,4.5474735088646412e-13,1.1810799252190108e-13
0.26173611111111111,2,stochastic,alphashot0_ab,4,0.01,0.050000000000000003,2798.659804432456,2798.6598044324555,-4.5474735088646412e-13,-1.1902380315910301e-13
0.26374999999999998,2,stochastic,alphashot0_ab,4,0.01,0.050000000000000003,2787.6260814360785,2787.6260814360785,0,0
0.26576388888888891,2,stochastic,alphashot0_ab,4,0.01,0.050000000000000003,2776.8651207199791,2776.8651207199791,0,0
0.26777777777777778,2,stochastic,alphashot0_ab,4,0.01,0.050000000000000003,2766.3877448729959,2766.3877448729954,-4.5474735088646412e-13,-1.2177123507070873e-13
0.26979166666666665,2,stochastic,alphashot0_ab,4,0.01,0.050000000000000003,2756.1968866813663,2756.1968866813659,-4.5474735088646412e-13,-1.2268704570791063e-13
0.27180555555555558,2,stochastic,alphashot0_ab,4,0.01,0.050000000000000003,2746.2812596110907,2746.2812596110903,-4.5474735088646412e-13,-1.2360285634511255e-13
0.27381944444444445,2,stochastic,alphashot0_ab,4,0.01,0.050000000000000003,2736.6288290602238,2736.6288290602238,0,0
0.27583333333333332,2,stochastic,alphashot0_ab,4,0.01,0.050000000000000003,2727.2283267124499,2727.2283267124499,0,0
0.27784722222222225,2,stochastic,alphashot0_ab,4,0.01,0.050000000000000003,2718.0693132893784,2718.069313289378,-4.5474735088646412e-13,-1.2635028825671827e-13
0.27986111111111112,2,stochastic,alphashot0_ab,4,0.01,0.050000000000000003,2709.1422536678729,2709.1422536678724,-4.5474735088646412e-13,-1.2726609889392017e-13
0.28187499999999999,2,stochastic,alphashot0_ab,4,0.01,0.050000000000000003,2700.4385589277963,2700.4385589277963,0,0
0.28388888888888891,2,stochastic,alphashot0_ab,4,0.01,0.050000000000000003,2691.9393305595145,2691.939330559514,-4.5474735088646412e-13,-1.2909772016832399e-13
0.28590277777777778,2,stochastic,alphashot0_ab,4,0.01,0.050000000000000003,2683.599598429465,2683.599598429465,0,0
0.28791666666666665,2,stochastic,alphashot0_ab,4,0.01,0.050000000000000003,2675.3703456876469,2675.3703456876465,-4.5474735088646412e-13,-1.3092934144272779e-13
0.28993055555555558,2,stochastic,alphashot0_ab,4,0.01,0.050000000000000003,2667.2022042339222,2667.2022042339222,0,0
0.29194444444444445,2,stochastic,alphashot0_ab,4,0.01,0.050000000000000003,2659.0454381596774,2659.0454381596769,-4.5474735088646412e-13,-1.3276096271713161e-13
0.29395833333333332,2,stochastic,alphashot0_ab,4,0.01,0.050000000000000003,2650.8499343540052,2650.8499343540047,-4.5474735088646412e-13,-1.3367677335433351e-13
0.29597222222222225,2,stochastic,alphashot0_ab,4,0.01,0.050000000000000003,2642.5651992856779,2642.5651992856774,-4.5474735088646412e-13,-1.3459258399153543e-13
0.29798611111111112,2,stochastic,alphashot0_ab,4,0.01,0.050000000000000003,2634.144679699084,2634.1446796990836,-4.5474735088646412e-13,-1.3550839462873733e-13
0.29999999999999999,2,stochastic,alphashot0_ab,4,0.01,0.050000000000000003,2625.5877628509243,2625.5877628509243,0,0
0.01,4,stochastic,alphashot0_ab,4,0.01,0.050000000000000003,1570.6779308426894,1570.6779308426885,-9.0949470177292824e-13,-9.0949470177292826e-15
0.01201388888888889,4,stochastic,alphashot0_ab,4,0.01,0.050000000000000003,1661.931030021381,1661.931030021382,9.0949470177292824e-13,1.0926568292133097e-14
0.014027777777777778,4,stochastic,alphashot0_ab,4,0.01,0.050000000000000003,1707.7487239237907,1707.7487239237944,3.637978807091713e-12,5.103275826614764e-14
0.016041666666666666,4,stochastic,alphashot0_ab,4,0.01,0.050000000000000003,1716.9944114981618,1716.9944114981627,9.0949470177292824e-13,1.4589810840940723e-14
0.018055555555555554,4,stochastic,alphashot0_ab,4,0.01,0.050000000000000003,1697.3418652032742,1697.3418652032815,7.2759576141834259e-12,1.3137145692275629e-13
0.020069444444444445,4,stochastic,alphashot0_ab,4,0.01,0.050000000000000003,1655.5446055003786,1655.5446055003886,1.0004441719502211e-11,2.0078358728723187e-13
0.022083333333333333,4,stochastic,alphashot0_ab,4,0.01,0.050000000000000003,1597.4650380413532,1597.4650380413541,9.0949470177292824e-13,2.0084674664152165e-14
0.024097222222222221,4,stochastic,alphashot0_ab,4,0.01,0.050000000000000003,1528.3675191740685,1528.3675191740649,-3.637978807091713e-12,-8.7665183754223913e-14
0.026111111111111113,4,stochastic,alphashot0_ab,4,0.01,0.050000000000000003,1452.697980013997,1452.6979800139943,-2.7284841053187847e-12,-7.1243751638879383e-14
0.028124999999999997,4,stochastic,alphashot0_ab,4,0.01,0.050000000000000003,1373.9802876334043,1373.9802876334006,-3.637978807091713e-12,-1.0231815394945442e-13
0.030138888888888889,4,stochastic,alphashot0_ab,4,0.01,0.050000000000000003,1295.4462667507496,1295.4462667507541,4.5474735088646412e-12,1.370557988088371e-13
0.03215277777777778,4,stochastic,alphashot0_ab,4,0.01,0.050000000000000003,1219.4585806227979,1219.4585806227997,1.8189894035458565e-12,5.8485562072342473e-14
0.034166666666666665,4,stochastic,alphashot0_ab,4,0.01,0.050000000000000003,1147.4256643255176,1147.4256643255167,-9.0949470177292824e-13,-3.1074402310575046e-14
0.036180555555555556,4,stochastic,alphashot0_ab,4,0.01,0.050000000000000003,1080.4477300531653,1080.4477300531653,0,0
0.038194444444444448,4,stochastic,alphashot0_ab,4,0.01,0.050000000000000003,1019.3456596189344,1019.3456596189344,0,0
0.040208333333333332,4,stochastic,alphashot0_ab,4,0.01,0.050000000000000003,964.34627640597682,964.34627640597409,-2.7284841053187847e-12,-1.0970779840135947e-13
0.042222222222222223,4,stochastic,alphashot0_ab,4,0.01,0.050000000000000003,915.28485187583419,915.28485187582964,-4.5474735088646412e-12,-1.9200443704095152e-13
0.044236111111111115,4,stochastic,alphashot0_ab,4,0.01,0.050000000000000003,871.79031301548775,871.79031301548412,-3.637978807091713e-12,-1.6093003473037648e-13
0.046249999999999999,4,stochastic,alphashot0_ab,4,0.01,0.050000000000000003,833.38513232936793,833.38513232936839,4.5474735088646412e-13,2.1032064978498965e-14
0.048263888888888891,4,stochastic,alphashot0_ab,4,0.01,0.050000000000000003,799.55512797359506,799.55512797359506,0,0
0.050277777777777775,4,stochastic,alphashot0_ab,4,0.01,0.050000000000000003,769.72457599134259,769.72457599134486,2.2737367544323206e-12,1.1431843126451389e-13
0.052291666666666667,4,stochastic,alphashot0_ab,4,0.01,0.050000000000000003,743.24147459456708,743.24147459456481,-2.2737367544323206e-12,-1.1889748445052344e-13
0.054305555555555558,4,stochastic,alphashot0_ab,4,0.01,0.050000000000000003,719.53090180437584,719.53090180437448,-1.3642420526593924e-12,-7.4085922581919786e-14
0.056319444444444443,4,stochastic,alphashot0_ab,4,0.01,0.050000000000000003,698.06574181713268,698.06574181713404,1.3642420526593924e-12,7.6833354493525495e-14
0.058333333333333334,4,stochastic,alphashot0_ab,4,0.01,0.050000000000000003,678.38334205641786,678.3833420564174,-4.5474735088646412e-13,-2.6526928801710407e-14
0.060347222222222226,4,stochastic,alphashot0_ab,4,0.01,0.050000000000000003,660.11331594123067,660.11331594123203,1.3642420526593924e-12,8.2328218316736949e-14
0.06236111111111111,4,stochastic,alphashot0_ab,4,0.01,0.050000000000000003,642.9728035109033,642.9728035109033,0,0
0.064375000000000002,4,stochastic,alphashot0_ab,4,0.01,0.050000000000000003,626.75693445060642,626.75693445060506,-1.3642420526593924e-12,-8.7823082139948379e-14
0.066388888888888886,4,stochastic,alphashot0_ab,4,0.01,0.050000000000000003,611.34409129582809,611.34409129582673,-1.3642420526593924e-12,-9.05705140515541e-14
0.068402777777777771,4,stochastic,alphashot0_ab,4,0.01,0.050000000000000003,596.67897338031116,596.67897338031071,-4.5474735088646412e-13,-3.1105981987719938e-14
0.070416666666666669,4,stochastic,alphashot0_ab,4,0.01,0.050000000000000003,582.75632641764332,582.75632641764332,0,0
0.072430555555555554,4,stochastic,alphashot0_ab,4,0.01,0.050000000000000003,569.61437222962468,569.61437222962286,-1.8189894035458565e-12,-1.3175041304849502e-13
0.074444444444444438,4,stochastic,alphashot0_ab,4,0.01,0.050000000000000003,557.30878248947283,557.30878248947238,-4.5474735088646412e-13,-3.3853413899325659e-14
0.076458333333333323,4,stochastic,alphashot0_ab,4,0.01,0.050000000000000003,545.90908302982371,545.90908302982371,0,0
0.078472222222222221,4,stochastic,alphashot0_ab,4,0.01,0.050000000000000003,535.47839209375343,535.47839209375388,4.5474735088646412e-13,3.5685035173729475e-14
0.080486111111111105,4,stochastic,alphashot0_ab,4,0.01,0.050000000000000003,526.06842450536806,526.0684245053676,-4.5474735088646412e-13,-3.660084581093138e-14
0.08249999999999999,4,stochastic,alphashot0_ab,4,0.01,0.050000000000000003,517.7116519673209,517.71165196731863,-2.2737367544323206e-12,-1.8758328224066644e-13
0.084513888888888888,4,stochastic,alphashot0_ab,4,0.01,0.050000000000000003,510.41275087005715,510.41275087005579,-1.3642420526593924e-12,-1.1529740125600559e-13
0.086527777777777773,4,stochastic,alphashot0_ab,4,0.01,0.050000000000000003,504.15520865838289,504.15520865838016,-2.7284841053187847e-12,-2.3608966633522262e-13
0.088541666666666657,4,stochastic,alphashot0_ab,4,0.01,0.050000000000000003,498.89051694916952,498.89051694917202,2.5011104298755527e-12,2.2145248597856454e-13
0.090555555555555542,4,stochastic,alphashot0_ab,4,0.01,0.050000000000000003,494.55303458540243,494.55303458540106,-1.3642420526593924e-12,-1.2353969699082273e-13
0.09256944444444444,4,stochastic,alphashot0_ab,4,0.01,0.050000000000000003,491.05215108970378,491.05215108970333,-4.5474735088646412e-13,-4.2095709634142822e-14
0.094583333333333325,4,stochastic,alphashot0_ab,4,0.01,0.050000000000000003,488.28289665358807,488.28289665358784,-2.2737367544323206e-13,-2.1505760135672364e-14
0.096597222222222209,4,stochastic,alphashot0_ab,4,0.01,0.050000000000000003,486.1326234926978,486.13262349269712,-6.8212102632969618e-13,-6.5890996362819945e-14
0.098611111111111108,4,stochastic,alphashot0_ab,4,0.01,0.050000000000000003,484.48139118412337,484.48139118412314,-2.2737367544323206e-13,-2.2421570772874272e-14
0.10062499999999999,4,stochastic,alphashot0_ab,4,0.01,0.050000000000000003,483.2122927177038,483.21229271770358,-2.2737367544323206e-13,-2.2879476091475224e-14
0.10263888888888888,4,stochastic,alphashot0_ab,4,0.01,0.050000000000000003,482.22064550062032,482.22064550061964,-6.8212102632969618e-13,-7.0012144230228527e-14
0.10465277777777778,4,stochastic,alphashot0_ab,4,0.01,0.050000000000000003,481.41166719581634,481.41166719581474,-1.5916157281026244e-12,-1.6656700710073992e-13
0.10666666666666666,4,stochastic,alphashot0_ab,4,0.01,0.050000000000000003,480.70576177752787,480.70576177752559,-2.2737367544323206e-12,-2.4253192047278086e-13
0.10868055555555554,4,stochastic,alphashot0_ab,4,0.01,0.050000000000000003,480.05266333696068,480.05266333696045,-2.2737367544323206e-13,-2.4711097365879037e-14
0.11069444444444444,4,stochastic,alphashot0_ab,4,0.01,0.050000000000000003,479.41313083640284,479.41313083640057,-2.2737367544323206e-12,-2.5169002684479995e-13
0.11270833333333333,4,stochastic,alphashot0_ab,4,0.01,0.050000000000000003,478.77181054078892,478.77181054078892,0,0
0.11472222222222221,4,stochastic,alphashot0_ab,4,0.01,0.050000000000000003,478.14274985478323,478.14274985478278,-4.5474735088646412e-13,-5.2169626643363795e-14
0.11673611111111111,4,stochastic,alphashot0_ab,4,0.01,0.050000000000000003,477.54810841986728,477.54810841986659,-6.8212102632969618e-13,-7.9628155920848563e-14
0.11874999999999999,4,stochastic,alphashot0_ab,4,0.01,0.050000000000000003,477.02321424902561,477.02321424902584,2.2737367544323206e-13,2.7000623958883806e-14
0.12076388888888888,4,stochastic,alphashot0_ab,4,0.01,0.050000000000000003,476.61492704022453,476.6149270402243,-2.2737367544323206e-13,-2.7458529277484758e-14
0.12277777777777778,4,stochastic,alphashot0_ab,4,0.01,0.050000000000000003,476.37353707000921,476.37353707000875,-4.5474735088646412e-13,-5.5832869192171428e-14
0.12479166666666666,4,stochastic,alphashot0_ab,4,0.01,0.050000000000000003,476.34588115556471,476.34588115556357,-1.1368683772161603e-12,-1.4187169957343333e-13
0.12680555555555556,4,stochastic,alphashot0_ab,4,0.01,0.050000000000000003,476.56924457273317,476.56924457273249,-6.8212102632969618e-13,-8.6496735699862866e-14
0.12881944444444443,4,stochastic,alphashot0_ab,4,0.01,0.050000000000000003,477.07962126180814,477.07962126180837,2.2737367544323206e-13,2.9290150551888571e-14
0.13083333333333333,4,stochastic,alphashot0_ab,4,0.01,0.050000000000000003,477.90493017320068,477.90493017319977,-9.0949470177292824e-13,-1.1899222348195811e-13
0.13284722222222223,4,stochastic,alphashot0_ab,4,0.01,0.050000000000000003,479.04817362774133,479.04817362774156,2.2737367544323206e-13,3.0205961189090482e-14
0.1348611111111111,4,stochastic,alphashot0_ab,4,0.01,0.050000000000000003,480.50581950575031,480.50581950574997,-3.4106051316484809e-13,-4.5995799761537148e-14
0.136875,4,stochastic,alphashot0_ab,4,0.01,0.050000000000000003,482.270942938247,482.27094293824666,-3.4106051316484809e-13,-4.6682657739438584e-14
0.1388888888888889,4,stochastic,alphashot0_ab,4,0.01,0.050000000000000003,484.31980198941142,484.31980198941017,-1.2505552149377763e-12,-1.7368822429691339e-13
0.14090277777777779,4,stochastic,alphashot0_ab,4,0.01,0.050000000000000003,486.61812659746647,486.61812659746545,-1.0231815394945443e-12,-1.4416912108572435e-13
0.14291666666666666,4,stochastic,alphashot0_ab,4,0.01,0.050000000000000003,489.13048315167453,489.13048315167453,0,0
0.14493055555555556,4,stochastic,alphashot0_ab,4,0.01,0.050000000000000003,491.81827051044866,491.8182705104482,-4.5474735088646412e-13,-6.5906786201392407e-14
0.14694444444444446,4,stochastic,alphashot0_ab,4,0.01,0.050000000000000003,494.63583538963587,494.63583538963542,-4.5474735088646412e-13,-6.6822596838594318e-14
0.14895833333333333,4,stochastic,alphashot0_ab,4,0.01,0.050000000000000003,497.53709266127112,497.53709266127032,-7.9580786405131221e-13,-1.1854221308264338e-13
0.15097222222222223,4,stochastic,alphashot0_ab,4,0.01,0.050000000000000003,500.47687273897043,500.47687273896986,-5.6843418860808015e-13,-8.5817772641247666e-14
0.15298611111111113,4,stochastic,alphashot0_ab,4,0.01,0.050000000000000003,503.40952979837709,503.40952979837573,-1.3642420526593924e-12,-2.0871008625060011e-13
0.155,4,stochastic,alphashot0_ab,4,0.01,0.050000000000000003,506.28807662731413,506.2880766273139,-2.2737367544323206e-13,-3.5242919693700969e-14
0.1570138888888889,4,stochastic,alphashot0_ab,4,0.01,0.050000000000000003,509.06662090573866,509.06662090573843,-2.2737367544323206e-13,-3.5700825012301925e-14
0.1590277777777778,4,stochastic,alphashot0_ab,4,0.01,0.050000000000000003,511.70063120603822,511.70063120603686,-1.3642420526593924e-12,-2.1695238198541729e-13
0.16104166666666667,4,stochastic,alphashot0_ab,4,0.01,0.050000000000000003,514.15694312069297,514.15694312069229,-6.8212102632969618e-13,-1.0984990694851149e-13
0.16305555555555556,4,stochastic,alphashot0_ab,4,0.01,0.050000000000000003,516.42230844095889,516.42230844095866,-2.2737367544323206e-13,-3.7074540968104785e-14
0.16506944444444446,4,stochastic,alphashot0_ab,4,0.01,0.050000000000000003,518.48650693521267,518.48650693521211,-5.6843418860808015e-13,-9.3831115716764355e-14
0.16708333333333333,4,stochastic,alphashot0_ab,4,0.01,0.050000000000000003,520.34021065078286,520.34021065078218,-6.8212102632969618e-13,-1.1397105481592006e-13
0.16909722222222223,4,stochastic,alphashot0_ab,4,0.01,0.050000000000000003,521.9844223211993,521.98442232119851,-7.9580786405131221e-13,-1.3456889923367676e-13
0.1711111111111111,4,stochastic,alphashot0_ab,4,0.01,0.050000000000000003,523.45383129453899,523.4538312945391,1.1368683772161603e-13,1.9453081121254297e-14
0.173125,4,stochastic,alphashot0_ab,4,0.01,0.050000000000000003,524.7908361381709,524.79083613817022,-6.8212102632969618e-13,-1.1809220268332866e-13
0.1751388888888889,4,stochastic,alphashot0_ab,4,0.01,0.050000000000000003,526.03830879441489,526.03830879441398,-9.0949470177292824e-13,-1.5928789151884202e-13
0.17715277777777777,4,stochastic,alphashot0_ab,4,0.01,0.050000000000000003,527.23880114355643,527.23880114355541,-1.0231815394945443e-12,-1.8125945189240154e-13
0.17916666666666667,4,stochastic,alphashot0_ab,4,0.01,0.050000000000000003,528.42522601161261,528.42522601161158,-1.0231815394945443e-12,-1.8332002582610585e-13
0.18118055555555557,4,stochastic,alphashot0_ab,4,0.01,0.050000000000000003,529.62250285740834,529.62250285740811,-2.2737367544323206e-13,-4.1195688835513367e-14
0.18319444444444444,4,stochastic,alphashot0_ab,4,0.01,0.050000000000000003,530.85446896024098,530.85446896024064,-3.4106051316484809e-13,-6.2480391231171474e-14
0.18520833333333334,4,stochastic,alphashot0_ab,4,0.01,0.050000000000000003,532.14390265763973,532.14390265763859,-1.1368683772161603e-12,-2.1055749736357635e-13
0.18722222222222223,4,stochastic,alphashot0_ab,4,0.01,0.050000000000000003,533.51005480688298,533.51005480688241,-5.6843418860808015e-13,-1.0642351197829056e-13
0.1892361111111111,4,stochastic,alphashot0_ab,4,0.01,0.050000000000000003,534.95952699351096,534.95952699351119,2.2737367544323206e-13,4.3027310109917177e-14
0.19125,4,stochastic,alphashot0_ab,4,0.01,0.050000000000000003,536.49465560249598,536.49465560249553,-4.5474735088646412e-13,-8.6970430857036264e-14
0.1932638888888889,4,stochastic,alphashot0_ab,4,0.01,0.050000000000000003,538.11723333237308,538.11723333237228,-7.9580786405131221e-13,-1.5380092261491681e-13
0.19527777777777777,4,stochastic,alphashot0_ab,4,0.01,0.050000000000000003,539.82844108453764,539.82844108453764,0,0
0.19729166666666667,4,stochastic,alphashot0_ab,4,0.01,0.050000000000000003,541.62202592705819,541.62202592705785,-3.4106051316484809e-13,-6.7288397076481492e-14
0.19930555555555557,4,stochastic,alphashot0_ab,4,0.01,0.050000000000000003,543.46300722906051,543.46300722906005,-4.5474735088646412e-13,-9.0633673405843897e-14
0.20131944444444444,4,stochastic,alphashot0_ab,4,0.01,0.050000000000000003,545.30895336137996,545.30895336137928,-6.8212102632969618e-13,-1.3732422606456871e-13
0.20333333333333334,4,stochastic,alphashot0_ab,4,0.01,0.050000000000000003,547.11753499544841,547.11753499544693,-1.4779288903810084e-12,-3.0051220771080506e-13
0.20534722222222224,4,stochastic,alphashot0_ab,4,0.01,0.050000000000000003,548.84664102146508,548.84664102146508,0,0
0.20736111111111111,4,stochastic,alphashot0_ab,4,0.01,0.050000000000000003,550.45794820719209,550.45794820719198,-1.1368683772161603e-13,-2.3574228988662879e-14
0.20937500000000001,4,stochastic,alphashot0_ab,4,0.01,0.050000000000000003,551.94046180750456,551.94046180750411,-4.5474735088646412e-13,-9.5212726591853427e-14
0.2113888888888889,4,stochastic,alphashot0_ab,4,0.01,0.050000000000000003,553.29671514774213,553.29671514774145,-6.8212102632969618e-13,-1.4419280584358302e-13
0.21340277777777777,4,stochastic,alphashot0_ab,4,0.01,0.050000000000000003,554.53059646275938,554.53059646275813,-1.2505552149377763e-12,-2.668719566322074e-13
0.21541666666666667,4,stochastic,alphashot0_ab,4,0.01,0.050000000000000003,555.64747516770854,555.64747516770797,-5.6843418860808015e-13,-1.2245019812932394e-13
0.21743055555555557,4,stochastic,alphashot0_ab,4,0.01,0.050000000000000003,556.6544734734756,556.65447347347504,-5.6843418860808015e-13,-1.2359496142582632e-13
0.21944444444444444,4,stochastic,alphashot0_ab,4,0.01,0.050000000000000003,557.56520581661084,557.56520581661039,-4.5474735088646412e-13,-9.9791779777862958e-14
0.22145833333333334,4,stochastic,alphashot0_ab,4,0.01,0.050000000000000003,558.40216586007762,558.40216586007728,-3.4106051316484809e-13,-7.5530692811298655e-14
0.22347222222222224,4,stochastic,alphashot0_ab,4,0.01,0.050000000000000003,559.18910770363084,559.18910770362993,-9.0949470177292824e-13,-2.0324680210453356e-13
0.22548611111111111,4,stochastic,alphashot0_ab,4,0.01,0.050000000000000003,559.95035229326311,559.95035229326197,-1.1368683772161603e-12,-2.5634802922367169e-13
0.22750000000000001,4,stochastic,alphashot0_ab,4,0.01,0.050000000000000003,560.71086746815911,560.71086746815843,-6.8212102632969618e-13,-1.5518253349000588e-13
0.22951388888888891,4,stochastic,alphashot0_ab,4,0.01,0.050000000000000003,561.49553156285458,561.4955315628539,-6.8212102632969618e-13,-1.5655624944580875e-13
0.23152777777777778,4,stochastic,alphashot0_ab,4,0.01,0.050000000000000003,562.31380843034606,562.31380843034549,-5.6843418860808015e-13,-1.31608304501343e-13
0.23354166666666668,4,stochastic,alphashot0_ab,4,0.01,0.050000000000000003,563.16043482247005,563.16043482246971,-3.4106051316484809e-13,-7.9651840678707237e-14
0.23555555555555557,4,stochastic,alphashot0_ab,4,0.01,0.050000000000000003,564.02915099172969,564.02915099172924,-4.5474735088646412e-13,-1.0711826487547822e-13
0.23756944444444444,4,stochastic,alphashot0_ab,4,0.01,0.050000000000000003,564.91316656586218,564.91316656586162,-5.6843418860808015e-13,-1.3504259439085016e-13
0.23958333333333334,4,stochastic,alphashot0_ab,4,0.01,0.050000000000000003,565.80510139231569,565.80510139231455,-1.1368683772161603e-12,-2.7237471537470509e-13
0.24159722222222221,4,stochastic,alphashot0_ab,4,0.01,0.050000000000000003,566.69686460834782,566.69686460834737,-4.5474735088646412e-13,-1.0986569678708393e-13
0.24361111111111111,4,stochastic,alphashot0_ab,4,0.01,0.050000000000000003,567.57783864274779,567.57783864274711,-6.8212102632969618e-13,-1.6617226113642876e-13
0.24562500000000001,4,stochastic,alphashot0_ab,4,0.01,0.050000000000000003,568.43507759756778,568.43507759756665,-1.1368683772161603e-12,-2.792432951537194e-13
0.24763888888888888,4,stochastic,alphashot0_ab,4,0.01,0.050000000000000003,569.25552624297279,569.25552624297245,-3.4106051316484809e-13,-8.4459846524017242e-14
0.24965277777777778,4,stochastic,alphashot0_ab,4,0.01,0.050000000000000003,570.02604964794295,570.02604964794273,-2.2737367544323206e-13,-5.6764469667945782e-14
0.25166666666666665,4,stochastic,alphashot0_ab,4,0.01,0.050000000000000003,570.73334650642596,570.73334650642551,-4.5474735088646412e-13,-1.1444474997309346e-13
0.25368055555555552,4,stochastic,alphashot0_ab,4,0.01,0.050000000000000003,571.36387094932843,571.36387094932752,-9.0949470177292824e-13,-2.3072112122059072e-13
0.25569444444444445,4,stochastic,alphashot0_ab,4,0.01,0.050000000000000003,571.90690741206856,571.90690741206777,-7.9580786405131221e-13,-2.0348364968312025e-13
0.25770833333333332,4,stochastic,alphashot0_ab,4,0.01,0.050000000000000003,572.36262803710019,572.36262803709974,-4.5474735088646412e-13,-1.1719218188469918e-13
0.25972222222222219,4,stochastic,alphashot0_ab,4,0.01,0.050000000000000003,572.73404665206795,572.73404665206772,-2.2737367544323206e-13,-5.9053996260950541e-14
0.26173611111111111,4,stochastic,alphashot0_ab,4,0.01,0.050000000000000003,573.02469751959711,573.02469751959688,-2.2737367544323206e-13,-5.9511901579551503e-14
0.26374999999999998,4,stochastic,alphashot0_ab,4,0.01,0.050000000000000003,573.23861594435868,573.238615944358,-6.8212102632969618e-13,-1.7990942069445737e-13
0.26576388888888891,4,stochastic,alphashot0_ab,4,0.01,0.050000000000000003,573.3803185696753,573.3803185696745,-7.9580786405131221e-13,-2.1149699275863695e-13
0.26777777777777778,4,stochastic,alphashot0_ab,4,0.01,0.050000000000000003,573.45481396117373,573.45481396117384,1.1368683772161603e-13,3.0442808767677182e-14
0.26979166666666665,4,stochastic,alphashot0_ab,4,0.01,0.050000000000000003,573.46993395806385,573.46993395806385,0,0
0.27180555555555558,4,stochastic,alphashot0_ab,4,0.01,0.050000000000000003,573.43786101990997,573.43786101990941,-5.6843418860808015e-13,-1.5450357043139069e-13
0.27381944444444445,4,stochastic,alphashot0_ab,4,0.01,0.050000000000000003,573.3713316679673,573.37133166796639,-9.0949470177292824e-13,-2.490373339646289e-13
0.27583333333333332,4,stochastic,alphashot0_ab,4,0.01,0.050000000000000003,573.28327242997284,573.2832724299725,-3.4106051316484809e-13,-9.4075858214637254e-14
0.27784722222222225,4,stochastic,alphashot0_ab,4,0.01,0.050000000000000003,573.18683797863639,573.18683797863594,-4.5474735088646412e-13,-1.2635028825671827e-13
0.27986111111111112,4,stochastic,alphashot0_ab,4,0.01,0.050000000000000003,573.09544164804129,573.09544164804083,-4.5474735088646412e-13,-1.2726609889392017e-13
0.28187499999999999,4,stochastic,alphashot0_ab,4,0.01,0.050000000000000003,573.02275745276791,573.02275745276734,-5.6843418860808015e-13,-1.6022738691390257e-13
0.28388888888888891,4,stochastic,alphashot0_ab,4,0.01,0.050000000000000003,572.97722803926183,572.97722803926115,-6.8212102632969618e-13,-1.93646580252486e-13
0.28590277777777778,4,stochastic,alphashot0_ab,4,0.01,0.050000000000000003,572.95441283727428,572.95441283727371,-5.6843418860808015e-13,-1.6251691350690737e-13
0.28791666666666665,4,stochastic,alphashot0_ab,4,0.01,0.050000000000000003,572.94772771412056,572.94772771412033,-2.2737367544323206e-13,-6.5464670721363894e-14
0.28993055555555558,4,stochastic,alphashot0_ab,4,0.01,0.050000000000000003,572.95028488941011,572.95028488941,-1.1368683772161603e-13,-3.2961288019982428e-14
0.29194444444444445,4,stochastic,alphashot0_ab,4,0.01,0.050000000000000003,572.95492344550189,572.95492344550109,-7.9580786405131221e-13,-2.3233168475498033e-13
0.29395833333333332,4,stochastic,alphashot0_ab,4,0.01,0.050000000000000003,572.95423697595561,572.95423697595447,-1.1368683772161603e-12,-3.3419193338583377e-13
0.29597222222222225,4,stochastic,alphashot0_ab,4,0.01,0.050000000000000003,572.94059834635777,572.94059834635721,-5.6843418860808015e-13,-1.682407299894193e-13
0.29798611111111112,4,stochastic,alphashot0_ab,4,0.01,0.050000000000000003,572.90660005708094,572.90660005708025,-6.8212102632969618e-13,-2.0326259194310601e-13
0.29999999999999999,4,stochastic,alphashot0_ab,4,0.01,0.050000000000000003,572.84917573319808,572.8491757331974,-6.8212102632969618e-13,-2.0463630789890883e-13
0.01,0,stochastic,alphashot2_ab,5,-0.20000000000000001,1,37523.630499326566,37523.750499326568,0.12000000000261934,0.0012000000000261936
0.01201388888888889,0,stochastic,alphashot2_ab,5,-0.20000000000000001,1,39965.052992701596,39965.226192933078,0.173200231482042,0.002080808336555088
0.014027777777777778,0,stochastic,alphashot2_ab,5,-0.20000000000000001,1,41372.126022042401,41372.362156301657,0.23613425925577758,0.0033124389145602132
0.016041666666666666,0,stochastic,alphashot2_ab,5,-0.20000000000000001,1,41936.090163900888,41936.398965984219,0.30880208333110204,0.0049537000867697616
0.018055555555555554,0,stochastic,alphashot2_ab,5,-0.20000000000000001,1,41820.331620354191,41820.722824057884,0.39120370369346347,0.0070634002055764231
0.020069444444444445,0,stochastic,alphashot2_ab,5,-0.20000000000000001,1,41168.025524457466,41168.508863577837,0.48333912037196569,0.009700347624131812
0.022083333333333333,0,stochastic,alphashot2_ab,5,-0.20000000000000001,1,40103.665521216128,40104.250729549458,0.58520833333022892,0.012923350694375889
0.024097222222222221,0,stochastic,alphashot2_ab,5,-0.20000000000000001,1,38741.103005943245,38741.799817285835,0.69681134259008104,0.016791217769358203
0.026111111111111113,0,stochastic,alphashot2_ab,5,-0.20000000000000001,1,37178.341918562975,37179.160066711127,0.81814814815152204,0.021362757201734188
0.028124999999999997,0,stochastic,alphashot2_ab,5,-0.20000000000000001,1,35494.578670905452,35495.527889655452,0.94921875,0.026696777343749999
0.030138888888888889,0,stochastic,alphashot2_ab,5,-0.20000000000000001,1,33766.873872940683,33767.963896088826,1.0900231481427909,0.032852086548192445
0.03215277777777778,0,stochastic,alphashot2_ab,5,-0.20000000000000001,1,32054.434820951014,32055.675382293601,1.2405613425871707,0.039887493167906948
0.034166666666666665,0,stochastic,alphashot2_ab,5,-0.20000000000000001,1,30394.532102968096,30395.932936301429,1.4008333333331393,0.047861805555548927
0.036180555555555556,0,stochastic,alphashot2_ab,5,-0.20000000000000001,1,28819.622802855592,28821.193641975966,1.5708391203734209,0.056833832063510573
0.038194444444444448,0,stochastic,alphashot2_ab,5,-0.20000000000000001,1,27358.020589491964,27359.771168195668,1.7505787037043774,0.066862381044264424
0.040208333333333332,0,stochastic,alphashot2_ab,5,-0.20000000000000001,1,26023.359984122879,26025.300036206216,1.9400520833369228,0.078006260850838768
0.042222222222222223,0,stochastic,alphashot2_ab,5,-0.20000000000000001,1,24818.891885469166,24821.031144728426,2.1392592592601432,0.090324279835428276
0.044236111111111115,0,stochastic,alphashot2_ab,5,-0.20000000000000001,1,23742.001563981416,23744.349764212893,2.3482002314776764,0.10387524635078334
0.046249999999999999,0,stochastic,alphashot2_ab,5,-0.20000000000000001,1,22786.603388547002,22789.170263547003,2.5668750000004366,0.11871796875002019
0.048263888888888891,0,stochastic,alphashot2_ab,5,-0.20000000000000001,1,21945.215138483531,21948.010422048341,2.7952835648102337,0.13491125538493837
0.050277777777777775,0,stochastic,alphashot2_ab,5,-0.20000000000000001,1,21207.279046306059,21210.312472231984,3.0334259259252576,0.15251391460901989
0.052291666666666667,0,stochastic,alphashot2_ab,5,-0.20000000000000001,1,20557.516333807242,20560.79763589058,3.2813020833382325,0.17158475477456175
0.054305555555555558,0,stochastic,alphashot2_ab,5,-0.20000000000000001,1,19981.614511473068,19985.153423510106,3.5389120370382443,0.19218258423360465
0.056319444444444443,0,stochastic,alphashot2_ab,5,-0.20000000000000001,1,19464.634896756281,19468.441152543313,3.8062557870325691,0.21436621133912592
0.058333333333333334,0,stochastic,alphashot2_ab,5,-0.20000000000000001,1,18991.691511088102,18995.774844421438,4.0833333333357587,0.23819444444458593
0.060347222222222226,0,stochastic,alphashot2_ab,5,-0.20000000000000001,1,18549.256631069773,18553.626775745703,4.3701446759296232,0.2637260919015863
0.06236111111111111,0,stochastic,alphashot2_ab,5,-0.20000000000000001,1,18125.081149470621,18129.747839285439,4.6666898148178007,0.29101996206294339
0.064375000000000002,0,stochastic,alphashot2_ab,5,-0.20000000000000001,1,17708.408831647514,17713.381800397514,4.972968750000291,0.32013486328126872
0.066388888888888886,0,stochastic,alphashot2_ab,5,-0.20000000000000001,1,17290.597273455809,17295.88625493729,5.2889814814807323,0.35112960390941528
0.068402777777777771,0,stochastic,alphashot2_ab,5,-0.20000000000000001,1,16865.234210765084,16870.848938774347,5.6147280092627625,0.3840629923002653
0.070416666666666669,0,stochastic,alphashot2_ab,5,-0.20000000000000001,1,16427.908106552262,16433.858314885598,5.9502083333354676,0.41899383680570584
0.072430555555555554,0,stochastic,alphashot2_ab,5,-0.20000000000000001,1,15976.741747577064,15983.037170030766,6.2954224537024857,0.45598094577858977
0.074444444444444438,0,stochastic,alphashot2_ab,5,-0.20000000000000001,1,15511.435726888223,15518.086097258594,6.6503703703710926,0.49508312757207018
0.076458333333333323,0,stochastic,alphashot2_ab,5,-0.20000000000000001,1,15033.963183946358,15040.978236029692,7.0150520833340124,0.53635919053824632
0.078472222222222221,0,stochastic,alphashot2_ab,5,-0.20000000000000001,1,14547.312156379023,14554.701623971614,7.3894675925912452,0.57986794302972966
0.080486111111111105,0,stochastic,alphashot2_ab,5,-0.20000000000000001,1,14055.960782062382,14063.734398960532,7.7736168981500668,0.62566819339971713
0.08249999999999999,0,stochastic,alphashot2_ab,5,-0.20000000000000001,1,13564.805352205651,13572.97285220565,8.1674999999995634,0.67381874999996394
0.084513888888888888,0,stochastic,alphashot2_ab,5,-0.20000000000000001,1,13079.260030608719,13087.831147506866,8.5711168981470109,0.72437842118367446
0.086527777777777773,0,stochastic,alphashot2_ab,5,-0.20000000000000001,1,12604.717354492932,12613.701822085524,8.9844675925924093,0.77740601530348208
0.088541666666666657,0,stochastic,alphashot2_ab,5,-0.20000000000000001,1,12146.03919741754,12155.446749500872,9.4075520833321207,0.83296034071169811
0.090555555555555542,0,stochastic,alphashot2_ab,5,-0.20000000000000001,1,11707.802021048044,11717.642391418412,9.8403703703679639,0.89110020576109883
0.09256944444444444,0,stochastic,alphashot2_ab,5,-0.20000000000000001,1,11293.506420438127,11303.789342891831,10.282922453703577,0.95188441880464358
0.094583333333333325,0,stochastic,alphashot2_ab,5,-0.20000000000000001,1,10905.933260694259,10916.668469027592,10.735208333333503,1.0153717881944604
0.096597222222222209,0,stochastic,alphashot2_ab,5,-0.20000000000000001,1,10547.062828581997,10558.260056591256,11.197228009259561,1.0816211222833367
0.098611111111111108,0,stochastic,alphashot2_ab,5,-0.20000000000000001,1,10217.506885527357,10229.175867008838,11.668981481481751,1.1506912294238949
0.10062499999999999,0,stochastic,alphashot2_ab,5,-0.20000000000000001,1,9917.5747185926975,9929.7251873426976,12.150468750000073,1.2226409179687572
0.10263888888888888,0,stochastic,alphashot2_ab,5,-0.20000000000000001,1,9646.3289064114288,9658.9705962262415,12.641689814812707,1.2975289962703598
0.10465277777777778,0,stochastic,alphashot2_ab,5,-0.20000000000000001,1,9402.2514957171061,9415.394140393033,13.142644675926931,1.3754142726820753
0.10666666666666666,0,stochastic,alphashot2_ab,5,-0.20000000000000001,1,9183.526535192188,9197.1798685255199,13.65333333333183,1.4563555555553951
0.10868055555555554,0,stochastic,alphashot2_ab,5,-0.20000000000000001,1,8987.5439967850725,9001.7177525721108,14.173755787038317,1.5404116532440948
0.11069444444444444,0,stochastic,alphashot2_ab,5,-0.20000000000000001,1,8811.5845059017847,8826.288417938822,14.703912037037298,1.6276413740998232
0.11270833333333333,0,stochastic,alphashot2_ab,5,-0.20000000000000001,1,8652.787739910098,8668.0315419934323,15.243802083334231,1.7181035264757956
0.11472222222222221,0,stochastic,alphashot2_ab,5,-0.20000000000000001,1,8508.0786220863047,8523.8720480122302,15.793425925925476,1.8118569187242279
0.11673611111111111,0,stochastic,alphashot2_ab,5,-0.20000000000000001,1,8374.4015170252314,8390.7543005900461,16.352783564814672,1.9089603591981572
0.11874999999999999,0,stochastic,alphashot2_ab,5,-0.20000000000000001,1,8248.9191830401505,8265.8410580401505,16.921875,2.0094726562499998
0.12076388888888888,0,stochastic,alphashot2_ab,5,-0.20000000000000001,1,8129.0377739333462,8146.5384741648277,17.50070023148146,2.1134526182323787
0.12277777777777778,0,stochastic,alphashot2_ab,5,-0.20000000000000001,1,8012.2116942904086,8030.3009535496676,18.089259259259052,2.2209590534979169
0.12479166666666666,0,stochastic,alphashot2_ab,5,-0.20000000000000001,1,7896.3513444439322,7915.038896527265,18.687552083332776,2.3320507703992357
0.12680555555555556,0,stochastic,alphashot2_ab,5,-0.20000000000000001,1,7780.0112914265119,7799.3068701302163,19.29557870370445,2.4467865772891892
0.12881944444444443,0,stochastic,alphashot2_ab,5,-0.20000000000000001,1,7661.8091533312418,7681.7224924516122,19.913339120370438,2.5652252825199415
0.13083333333333333,0,stochastic,alphashot2_ab,5,-0.20000000000000001,1,7540.691203943079,7561.2320372764116,20.540833333332557,2.6874256944443426
0.13284722222222223,0,stochastic,alphashot2_ab,5,-0.20000000000000001,1,7416.5316145480829,7437.7096758906746,21.178061342591718,2.8134466214151361
0.1348611111111111,0,stochastic,alphashot2_ab,5,-0.20000000000000001,1,7289.3678813959777,7311.1929045441257,21.82502314814792,2.9433468717849482
0.136875,0,stochastic,alphashot2_ab,5,-0.20000000000000001,1,7159.2838754400727,7181.765594190073,22.481718750000255,3.0771852539062849
0.1388888888888889,0,stochastic,alphashot2_ab,5,-0.20000000000000001,1,7026.9375624183385,7050.0857105664873,23.148148148148721,3.2150205761317667
0.14090277777777779,0,stochastic,alphashot2_ab,5,-0.20000000000000001,1,6893.3349353474969,6917.1592466900893,23.824311342592409,3.3569116468138893
0.14291666666666666,0,stochastic,alphashot2_ab,5,-0.20000000000000001,1,6759.4685587178719,6783.9787670512051,24.510208333333139,3.5029172743055277
0.14493055555555556,0,stochastic,alphashot2_ab,5,-0.20000000000000001,1,6626.3349044740789,6651.5407435944489,25.205839120370001,3.6530962669591802
0.14694444444444446,0,stochastic,alphashot2_ab,5,-0.20000000000000001,1,6494.9934515505402,6520.9046552542441,25.911203703703904,3.807507433127602
0.14895833333333333,0,stochastic,alphashot2_ab,5,-0.20000000000000001,1,6366.5041537536435,6393.1304558369757,26.626302083332121,3.9662095811630138
0.15097222222222223,0,stochastic,alphashot2_ab,5,-0.20000000000000001,1,6241.9057960348564,6269.2569302941156,27.351134259259197,4.1292615194187148
0.15298611111111113,0,stochastic,alphashot2_ab,5,-0.20000000000000001,1,6122.0238478451192,6150.1095480765998,28.085700231480587,4.2967220562466482
0.155,0,stochastic,alphashot2_ab,5,-0.20000000000000001,1,6007.3200085147637,6036.1500085147627,28.829999999999018,4.4686499999998475
0.1570138888888889,0,stochastic,alphashot2_ab,5,-0.20000000000000001,1,5898.2119404442592,5927.7959740090746,29.5840335648154,4.6451041590310851
0.1590277777777778,0,stochastic,alphashot2_ab,5,-0.20000000000000001,1,5795.1066777933456,5825.4544787192717,30.347800925926094,4.826143341692414
0.16104166666666667,0,stochastic,alphashot2_ab,5,-0.20000000000000001,1,5698.1838443566803,5729.3051464400141,31.121302083333831,5.0118263563368854
0.16305555555555556,0,stochastic,alphashot2_ab,5,-0.20000000000000001,1,5607.2177409970172,5639.122278034054,31.904537037036789,5.2022120113168322
0.16506944444444446,0,stochastic,alphashot2_ab,5,-0.20000000000000001,1,5521.9432920314466,5554.6407978184834,32.697505787036789,5.3973591149851705
0.16708333333333333,0,stochastic,alphashot2_ab,5,-0.20000000000000001,1,5442.0998796182066,5475.6000879515395,33.500208333332921,5.5973264756943752
0.16909722222222223,0,stochastic,alphashot2_ab,5,-0.20000000000000001,1,5367.3749404502341,5401.6875851261593,34.312644675925185,5.8021729017970713
0.1711111111111111,0,stochastic,alphashot2_ab,5,-0.20000000000000001,1,5297.2674530839213,5332.4022678987358,35.13481481481449,6.0119572016460348
0.173125,0,stochastic,alphashot2_ab,5,-0.20000000000000001,1,5231.2441796428566,5267.2108983928565,35.966718749999927,6.2267381835937377
0.1751388888888889,0,stochastic,alphashot2_ab,5,-0.20000000000000001,1,5168.7833712644679,5205.5917277459484,36.808356481480587,6.4465746559926425
0.17715277777777777,0,stochastic,alphashot2_ab,5,-0.20000000000000001,1,5109.3771854689658,5147.036913478225,37.659728009259197,6.6715254271958475
0.17916666666666667,0,stochastic,alphashot2_ab,5,-0.20000000000000001,1,5052.5480906483817,5091.0689239817148,38.52083333333303,6.9016493055555017
0.18118055555555557,0,stochastic,alphashot2_ab,5,-0.20000000000000001,1,4997.8406339338644,5037.2323063875683,39.391672453703904,7.137005099424548
0.18319444444444444,0,stochastic,alphashot2_ab,5,-0.20000000000000001,1,4944.8078933590868,4985.0801387294568,40.272245370370001,7.3776516171552817
0.18520833333333334,0,stochastic,alphashot2_ab,5,-0.20000000000000001,1,4893.0128050309158,4934.175357114249,41.162552083333139,7.6236476671006583
0.18722222222222223,0,stochastic,alphashot2_ab,5,-0.20000000000000001,1,4842.0643429895163,4884.1269355821078,42.0625925925915,7.8750520576129643
0.1892361111111111,0,stochastic,alphashot2_ab,5,-0.20000000000000001,1,4791.7567738539874,4834.7291407521352,42.972366898147811,8.1319235970453327
0.19125,0,stochastic,alphashot2_ab,5,-0.20000000000000001,1,4741.9421938238993,4785.8340688238986,43.891874999999345,8.3943210937498751
0.1932638888888889,0,stochastic,alphashot2_ab,5,-0.20000000000000001,1,4692.4740488173338,4737.2951657154808,44.821116898147011,8.6623033560793843
0.19527777777777777,0,stochastic,alphashot2_ab,5,-0.20000000000000001,1,4643.208140864087,4688.9682334566787,45.760092592591718,8.9359291923866611
0.19729166666666667,0,stochastic,alphashot2_ab,5,-0.20000000000000001,1,4594.0402789685031,4640.7490810518357,46.708802083332557,9.2152574110241527
0.19930555555555557,0,stochastic,alphashot2_ab,5,-0.20000000000000001,1,4545.0209025263894,4592.6881478967598,47.667245370370438,9.5003468203446637
0.20131944444444444,0,stochastic,alphashot2_ab,5,-0.20000000000000001,1,4496.2358664649746,4544.8712889186791,48.63542245370445,9.7912562287006395
0.20333333333333334,0,stochastic,alphashot2_ab,5,-0.20000000000000001,1,4447.7649930923199,4497.3783264256535,49.613333333333685,10.088044444444517
0.20534722222222224,0,stochastic,alphashot2_ab,5,-0.20000000000000001,1,4399.6817664588498,4450.2827444681088,50.600978009259052,10.3907702759291
0.20736111111111111,0,stochastic,alphashot2_ab,5,-0.20000000000000001,1,4352.0589069701819,4403.6572634516633,51.59835648148146,10.699492531507197
0.20937500000000001,0,stochastic,alphashot2_ab,5,-0.20000000000000001,1,4305.00890447038,4357.61437322038,52.60546875,11.014270019531251
0.2113888888888889,0,stochastic,alphashot2_ab,5,-0.20000000000000001,1,4258.6626583458074,4312.284973160622,53.622314814814672,11.335161548353881
0.21340277777777777,0,stochastic,alphashot2_ab,5,-0.20000000000000001,1,4213.1483122408117,4267.7972069167372,54.648894675925476,11.662225926327707
0.21541666666666667,0,stochastic,alphashot2_ab,5,-0.20000000000000001,1,4168.5902529104014,4224.2754612437348,55.685208333333321,11.995521961805553
0.21743055555555557,0,stochastic,alphashot2_ab,5,-0.20000000000000001,1,4125.1078410636756,4181.8390968507119,56.731255787036389,12.335108463139649
0.21944444444444444,0,stochastic,alphashot2_ab,5,-0.20000000000000001,1,4082.781947999933,4140.568985036969,57.787037037036043,12.68104423868291
0.22145833333333334,0,stochastic,alphashot2_ab,5,-0.20000000000000001,1,4041.6365633163855,4100.4891153997187,58.852552083333194,13.033388096788164
0.22347222222222224,0,stochastic,alphashot2_ab,5,-0.20000000000000001,1,4001.6923281999279,4061.6201291258535,59.927800925925567,13.392198845807535
0.22548611111111111,0,stochastic,alphashot2_ab,5,-0.20000000000000001,1,3962.9715347825299,4023.9843183473449,61.012783564814981,13.757535294094044
0.22750000000000001,0,stochastic,alphashot2_ab,5,-0.20000000000000001,1,3925.4977059658809,3987.6052059658805,62.107499999999618,14.129456249999913
0.22951388888888891,0,stochastic,alphashot2_ab,5,-0.20000000000000001,1,3889.2920361670203,3952.5039863985016,63.211950231481296,14.508020521878173
0.23152777777777778,0,stochastic,alphashot2_ab,5,-0.20000000000000001,1,3854.3142846667838,3918.6404189260429,64.326134259259106,14.893286918081241
0.23354166666666668,0,stochastic,alphashot2_ab,5,-0.20000000000000001,1,3820.4691490860296,3885.9192011693626,65.450052083333048,15.28531424696174
0.23555555555555557,0,stochastic,alphashot2_ab,5,-0.20000000000000001,1,3787.6614487248089,3854.2451524285134,66.583703703704487,15.684161316872613
0.23756944444444444,0,stochastic,alphashot2_ab,5,-0.20000000000000001,1,3755.798398972559,3823.5254880929297,67.727089120370692,16.089886936165843
0.23958333333333334,0,stochastic,alphashot2_ab,5,-0.20000000000000001,1,3724.7897821112051,3793.6699904445386,68.880208333333485,16.502549913194482
0.24159722222222221,0,stochastic,alphashot2_ab,5,-0.20000000000000001,1,3694.5483229496031,3764.5913842921959,70.043061342592864,16.92220905631115
0.24361111111111111,0,stochastic,alphashot2_ab,5,-0.20000000000000001,1,3664.9957017512688,3736.2113498994167,71.21564814814792,17.348923173868258
0.24562500000000001,0,stochastic,alphashot2_ab,5,-0.20000000000000001,1,3636.0616446124495,3708.45961336245,72.397968750000473,17.782751074218869
0.24763888888888888,0,stochastic,alphashot2_ab,5,-0.20000000000000001,1,3607.6764520453798,3681.2664751935281,73.590023148148248,18.223751565715045
0.24965277777777778,0,stochastic,alphashot2_ab,5,-0.20000000000000001,1,3579.7710007771675,3654.5628121197597,74.791811342592155,18.67198345670964
0.25166666666666665,0,stochastic,alphashot2_ab,5,-0.20000000000000001,1,3552.2771218367707,3628.2804551701038,76.003333333333103,19.127505555555498
0.25368055555555552,0,stochastic,alphashot2_ab,5,-0.20000000000000001,1,3525.127941667959,3602.3525307883292,77.224589120370183,19.590376670605018
0.25569444444444445,0,stochastic,alphashot2_ab,5,-0.20000000000000001,1,3498.2728446841916,3576.7284233878954,78.45557870370385,20.060655610210944
0.25770833333333332,0,stochastic,alphashot2_ab,5,-0.20000000000000001,1,3471.712850898396,3551.4091529817297,79.696302083333649,20.538401182725774
0.25972222222222219,0,stochastic,alphashot2_ab,5,-0.20000000000000001,1,3445.4590935140532,3526.4058527733123,80.946759259259125,21.023672196502019
0.26173611111111111,0,stochastic,alphashot2_ab,5,-0.20000000000000001,1,3419.5216668956914,3501.7286171271726,82.206950231481187,21.51652745989254
0.26374999999999998,0,stochastic,alphashot2_ab,5,-0.20000000000000001,1,3393.9097447091644,3477.3866197091647,83.476875000000291,22.017025781250076
0.26576388888888891,0,stochastic,alphashot2_ab,5,-0.20000000000000001,1,3368.6316913848746,3453.3882249496892,84.756533564814617,22.525225968926776
0.26777777777777778,0,stochastic,alphashot2_ab,5,-0.20000000000000001,1,3343.6952433928604,3429.741169318786,86.04592592592553,23.041186831275613
0.26979166666666665,0,stochastic,alphashot2_ab,5,-0.20000000000000001,1,3319.1136512149651,3406.4587032982986,87.345052083333485,23.564967176649347
0.27180555555555558,0,stochastic,alphashot2_ab,5,-0.20000000000000001,1,3294.9103402966357,3383.5642523336719,88.653912037036207,24.096625813399982
0.27381944444444445,0,stochastic,alphashot2_ab,5,-0.20000000000000001,1,3271.1096134029176,3361.082119189954,89.972505787036425,24.636221549880876
0.27583333333333332,0,stochastic,alphashot2_ab,5,-0.20000000000000001,1,3247.735479308255,3339.0363126415887,91.300833333333685,25.183813194444539
0.27784722222222225,0,stochastic,alphashot2_ab,5,-0.20000000000000001,1,3224.8115094687728,3317.450404144699,92.638894675926167,25.739459555443098
0.27986111111111112,0,stochastic,alphashot2_ab,5,-0.20000000000000001,1,3202.3607131025065,3296.3474029173217,93.986689814815236,26.303219441229544
0.28187499999999999,0,stochastic,alphashot2_ab,5,-0.20000000000000001,1,3180.4053678066675,3275.7495865566671,95.344218749999527,26.875151660156117
0.28388888888888891,0,stochastic,alphashot2_ab,5,-0.20000000000000001,1,3158.9508712465472,3255.6623527280285,96.711481481481314,27.455315020576087
0.28590277777777778,0,stochastic,alphashot2_ab,5,-0.20000000000000001,1,3137.9648510459365,3236.0533290551957,98.088478009259234,28.043768330841687
0.28791666666666665,0,stochastic,alphashot2_ab,5,-0.20000000000000001,1,3117.4101805672572,3216.8853889005904,99.475208333333285,28.640570399305542
0.28993055555555558,0,stochastic,alphashot2_ab,5,-0.20000000000000001,1,3097.2503068108463,3198.1219792645497,100.87167245370347,29.24578003432028
0.29194444444444445,0,stochastic,alphashot2_ab,5,-0.20000000000000001,1,3077.4491539465116,3179.7270243168819,102.27787037037024,29.859456044238645
0.29395833333333332,0,stochastic,alphashot2_ab,5,-0.20000000000000001,1,3057.9710349496213,3161.6648370329549,103.69380208333359,30.48165723741327
0.29597222222222225,0,stochastic,alphashot2_ab,5,-0.20000000000000001,1,3038.7805709089298,3143.9000385015224,105.11946759259263,31.112442422196516
0.29798611111111112,0,stochastic,alphashot2_ab,5,-0.20000000000000001,1,3019.8441264740777,3126.398993372225,106.55486689814734,31.751870406940988
0.29999999999999999,0,stochastic,alphashot2_ab,5,-0.20000000000000001,1,3001.1444588806617,3109.1444588806617,108,32.399999999999999
0.01,2,stochastic,alphashot2_ab,5,-0.20000000000000001,1,22498.582541345102,22498.8225413451,0.23999999999796273,0.0023999999999796272
0.01201388888888889,2,stochastic,alphashot2_ab,5,-0.20000000000000001,1,23920.531433096512,23920.87783355948,0.34640046296772198,0.0041616166731538824
0.014027777777777778,2,stochastic,alphashot2_ab,5,-0.20000000000000001,1,24713.471640471122,24713.94390898964,0.47226851851883112,0.0066248778292224923
0.016041666666666666,2,stochastic,alphashot2_ab,5,-0.20000000000000001,1,24995.195511899707,24995.813116066372,0.61760416666584206,0.0099074001735978828
0.018055555555555554,2,stochastic,alphashot2_ab,5,-0.20000000000000001,1,24866.712030895986,24867.494438303391,0.78240740740511683,0.014126800411481275
0.020069444444444445,2,stochastic,alphashot2_ab,5,-0.20000000000000001,1,24416.659746769139,24417.626425009883,0.96667824074393138,0.019400695248263624
0.022083333333333333,2,stochastic,alphashot2_ab,5,-0.20000000000000001,1,23722.103297916627,23723.273714583294,1.1704166666677338,0.025846701388912454
0.024097222222222221,2,stochastic,alphashot2_ab,5,-0.20000000000000001,1,22853.197149190146,22854.590771875333,1.393622685187438,0.033582435538891738
0.026111111111111113,2,stochastic,alphashot2_ab,5,-0.20000000000000001,1,21870.049619898102,21871.685916194398,1.6362962962957681,0.042725514403278389
0.028124999999999997,2,stochastic,alphashot2_ab,5,-0.20000000000000001,1,20821.016366970951,20822.914804470951,1.8984375,0.053393554687499997
0.030138888888888889,2,stochastic,alphashot2_ab,5,-0.20000000000000001,1,19752.440748276353,19754.620794572649,2.1800462962964957,0.065704173096713822
0.03215277777777778,2,stochastic,alphashot2_ab,5,-0.20000000000000001,1,18699.514578351133,18701.995701036318,2.4811226851852552,0.07977498633616481
0.034166666666666665,2,stochastic,alphashot2_ab,5,-0.20000000000000001,1,17684.135013329054,17686.936679995717,2.8016666666626406,0.09572361111097355
0.036180555555555556,2,stochastic,alphashot2_ab,5,-0.20000000000000001,1,16724.904374432801,16728.046052673544,3.1416782407432038,0.11366766412688953
0.038194444444444448,2,stochastic,alphashot2_ab,5,-0.20000000000000001,1,15837.530580307242,15841.031737714649,3.5011574074069358,0.13372476208845938
0.040208333333333332,2,stochastic,alphashot2_ab,5,-0.20000000000000001,1,15028.971231937339,15032.851336104006,3.8801041666665697,0.15601252170138499
0.042222222222222223,2,stochastic,alphashot2_ab,5,-0.20000000000000001,1,14300.090524640027,14304.369043158547,4.2785185185202863,0.18064855967085655
0.044236111111111115,2,stochastic,alphashot2_ab,5,-0.20000000000000001,1,13648.353178967731,13653.049579430695,4.6964004629644478,0.20775049270196899
0.046249999999999999,2,stochastic,alphashot2_ab,5,-0.20000000000000001,1,13069.26132902377,13074.395079023769,5.1337499999990541,0.23743593749995626
0.048263888888888891,2,stochastic,alphashot2_ab,5,-0.20000000000000001,1,12557.541584782964,12563.132151912592,5.5905671296277433,0.2698225107702279
0.050277777777777775,2,stochastic,alphashot2_ab,5,-0.20000000000000001,1,12106.312725618023,12112.379577469874,6.0668518518505152,0.30502782921803978
0.052291666666666667,2,stochastic,alphashot2_ab,5,-0.20000000000000001,1,11706.306247292496,11712.868851459163,6.56260416666737,0.34316950954864789
0.054305555555555558,2,stochastic,alphashot2_ab,5,-0.20000000000000001,1,11348.975364193488,11356.05318826756,7.0778240740728506,0.38436516846701174
0.056319444444444443,2,stochastic,alphashot2_ab,5,-0.20000000000000001,1,11025.685789254338,11033.298300828412,7.6125115740742331,0.4287324226787641
0.058333333333333334,2,stochastic,alphashot2_ab,5,-0.20000000000000001,1,10728.086325528253,10736.252992194921,8.1666666666678793,0.47638888888895964
0.060347222222222226,2,stochastic,alphashot2_ab,5,-0.20000000000000001,1,10448.800217265511,10457.540506617363,8.7402893518519704,0.52745218380273351
0.06236111111111111,2,stochastic,alphashot2_ab,5,-0.20000000000000001,1,10181.378214704237,10190.711594333869,9.3333796296319633,0.58203992412565997
0.064375000000000002,2,stochastic,alphashot2_ab,5,-0.20000000000000001,1,9920.3591103592662,9930.3050478592668,9.9459375000005821,0.64026972656253744
0.066388888888888886,2,stochastic,alphashot2_ab,5,-0.20000000000000001,1,9661.5694269499782,9672.1473899129433,10.577962962965103,0.70225920781907203
0.068402777777777771,2,stochastic,alphashot2_ab,5,-0.20000000000000001,1,9402.1062548971058,9413.3357109156295,11.229456018523706,0.76812598460040615
0.070416666666666669,2,stochastic,alphashot2_ab,5,-0.20000000000000001,1,9140.1702328568426,9152.0706495235099,11.900416666667297,0.83798767361115556
0.072430555555555554,2,stochastic,alphashot2_ab,5,-0.20000000000000001,1,8875.2644005176062,8887.855245425013,12.59084490740679,0.91196189155731122
0.074444444444444438,2,stochastic,alphashot2_ab,5,-0.20000000000000001,1,8607.6645904414945,8620.9653311822367,13.300740740742185,0.99016625514414036
0.076458333333333323,2,stochastic,alphashot2_ab,5,-0.20000000000000001,1,8338.6891442425804,8352.7192484092484,14.030104166668025,1.0727183810764926
0.078472222222222221,2,stochastic,alphashot2_ab,5,-0.20000000000000001,1,8070.0655054307044,8084.8444406158887,14.778935185184309,1.1597358860596021
0.080486111111111105,2,stochastic,alphashot2_ab,5,-0.20000000000000001,1,7804.0863936292562,7819.6336274255518,15.547233796295586,1.2513363867990683
0.08249999999999999,2,stochastic,alphashot2_ab,5,-0.20000000000000001,1,7543.1233393907605,7559.4583393907606,16.335000000000036,1.3476375000000029
0.084513888888888888,2,stochastic,alphashot2_ab,5,-0.20000000000000001,1,7289.5979188749798,7306.7401526712756,17.142233796295841,1.4487568423675026
0.086527777777777773,2,stochastic,alphashot2_ab,5,-0.20000000000000001,1,7045.8020191714322,7063.7709543566143,17.96893518518209,1.5548120306067279
0.088541666666666657,2,stochastic,alphashot2_ab,5,-0.20000000000000001,1,6813.6027105908561,6832.4178147575221,18.81510416666606,1.6659206814235572
0.090555555555555542,2,stochastic,alphashot2_ab,5,-0.20000000000000001,1,6594.6343070738549,6614.3150478145972,19.680740740742294,1.7822004115227741
0.09256944444444444,2,stochastic,alphashot2_ab,5,-0.20000000000000001,1,6389.9258271035651,6410.4916720109713,20.565844907406245,1.903768837609203
0.094583333333333325,2,stochastic,alphashot2_ab,5,-0.20000000000000001,1,6200.1018080686581,6221.5722247353242,21.470416666666097,2.0307435763888346
0.096597222222222209,2,stochastic,alphashot2_ab,5,-0.20000000000000001,1,6025.3950864709886,6047.7895424895069,22.394456018518213,2.1632422445665855
0.098611111111111108,2,stochastic,alphashot2_ab,5,-0.20000000000000001,1,5865.4143006973381,5888.7522636603007,23.337962962962592,2.3013824588477001
0.10062499999999999,2,stochastic,alphashot2_ab,5,-0.20000000000000001,1,5719.6387860208933,5743.9397235208935,24.300937500000146,2.4452818359375144
0.10263888888888888,2,stochastic,alphashot2_ab,5,-0.20000000000000001,1,5587.0859264957544,5612.3693061253844,25.283379629629962,2.5950579925411863
0.10465277777777778,2,stochastic,alphashot2_ab,5,-0.20000000000000001,1,5466.5751894937375,5492.8604788455905,26.285289351852953,2.7508285453640555
0.10666666666666666,2,stochastic,alphashot2_ab,5,-0.20000000000000001,1,5356.8743530068023,5384.1810196734677,27.306666666665478,2.9127111111109842
0.10868055555555554,2,stochastic,alphashot2_ab,5,-0.20000000000000001,1,5256.5810414847765,5284.9285530588495,28.347511574072996,3.0808233064877939
0.11069444444444444,2,stochastic,alphashot2_ab,5,-0.20000000000000001,1,5164.3074286275587,5193.7152527016324,29.407824074073687,3.2552827481995457
0.11270833333333333,2,stochastic,alphashot2_ab,5,-0.20000000000000001,1,5078.7435563925492,5109.2311605592158,30.487604166666642,3.436207052951386
0.11472222222222221,2,stochastic,alphashot2_ab,5,-0.20000000000000001,1,4998.6671665962485,5030.2540184481004,31.586851851851861,3.6237138374485602
0.11673611111111111,2,stochastic,alphashot2_ab,5,-0.20000000000000001,1,4922.9208041304901,4955.6263712601194,32.705567129629344,3.8179207183963144
0.11874999999999999,2,stochastic,alphashot2_ab,5,-0.20000000000000001,1,4850.5466280978726,4884.3903780978726,33.84375,4.0189453124999996
0.12076388888888888,2,stochastic,alphashot2_ab,5,-0.20000000000000001,1,4780.798091509072,4815.799491972035,35.00140046296292,4.2269052364647575
0.12277777777777778,2,stochastic,alphashot2_ab,5,-0.20000000000000001,1,4712.9889484997584,4749.1674670182783,36.178518518519923,4.4419181069960567
0.12479166666666666,2,stochastic,alphashot2_ab,5,-0.20000000000000001,1,4646.64061724782,4684.0157214144865,37.375104166666461,4.6641015407985851
0.12680555555555556,2,stochastic,alphashot2_ab,5,-0.20000000000000001,1,4581.535298816163,4620.126456223571,38.591157407407991,4.893573154578263
0.12881944444444443,2,stochastic,alphashot2_ab,5,-0.20000000000000001,1,4517.4949037718725,4557.3215820126115,39.826678240739056,5.1304505650396486
0.13083333333333333,2,stochastic,alphashot2_ab,5,-0.20000000000000001,1,4454.4399249406079,4495.5215916072748,41.081666666666933,5.3748513888889233
0.13284722222222223,2,stochastic,alphashot2_ab,5,-0.20000000000000001,1,4392.5179584621656,4434.8740811473508,42.356122685185255,5.6268932428305138
0.1348611111111111,2,stochastic,alphashot2_ab,5,-0.20000000000000001,1,4331.9080461635613,4375.5580924598553,43.650046296294022,5.8866937435696514
0.136875,2,stochastic,alphashot2_ab,5,-0.20000000000000001,1,4272.7860246873752,4317.7494621873748,44.9634374999996,6.1543705078124447
0.1388888888888889,2,stochastic,alphashot2_ab,5,-0.20000000000000001,1,4215.3836139617943,4261.6799102580899,46.296296296295623,6.4300411522632812
0.14090277777777779,2,stochastic,alphashot2_ab,5,-0.20000000000000001,1,4159.9526626210936,4207.6012853062794,47.648622685185728,6.7138232936279065
0.14291666666666666,2,stochastic,alphashot2_ab,5,-0.20000000000000001,1,4106.7178605407826,4155.7382772074479,49.020416666665369,7.0058345486109257
0.14493055555555556,2,stochastic,alphashot2_ab,5,-0.20000000000000001,1,4055.8499638004687,4106.2616420412087,50.411678240740002,7.3061925339183604
0.14694444444444446,2,stochastic,alphashot2_ab,5,-0.20000000000000001,1,4007.417436854123,4059.2398442615299,51.822407407406899,7.6150148662550698
0.14895833333333333,2,stochastic,alphashot2_ab,5,-0.20000000000000001,1,3961.450650867499,4014.703255034166,53.25260416666697,7.9324191623264335
0.15097222222222223,2,stochastic,alphashot2_ab,5,-0.20000000000000001,1,3917.9528488464948,3972.6551173650132,54.702268518518395,8.2585230388374296
0.15298611111111113,2,stochastic,alphashot2_ab,5,-0.20000000000000001,1,3876.8332986294381,3933.0046990924011,56.171400462962993,8.5934441124935752
0.155,2,stochastic,alphashot2_ab,5,-0.20000000000000001,1,3837.8644148208468,3895.5244148208467,57.659999999999854,8.9372999999999774
0.1570138888888889,2,stochastic,alphashot2_ab,5,-0.20000000000000001,1,3800.7964431077771,3859.964510237407,59.16806712962989,9.2902083180620263
0.1590277777777778,2,stochastic,alphashot2_ab,5,-0.20000000000000001,1,3765.3681396701377,3826.0637415219899,60.695601851852189,9.652286683384828
0.16104166666666667,2,stochastic,alphashot2_ab,5,-0.20000000000000001,1,3731.3085556428896,3793.5511598095563,62.242604166666752,10.023652712673625
0.16305555555555556,2,stochastic,alphashot2_ab,5,-0.20000000000000001,1,3698.3499571180678,3762.1590311921414,63.809074074073578,10.404424022633664
0.16506944444444446,2,stochastic,alphashot2_ab,5,-0.20000000000000001,1,3666.2316782174667,3731.6266897915407,65.395011574074033,10.794718229970416
0.16708333333333333,2,stochastic,alphashot2_ab,5,-0.20000000000000001,1,3634.6996775381499,3701.7000942048167,67.000416666666752,11.194652951388903
0.16909722222222223,2,stochastic,alphashot2_ab,5,-0.20000000000000001,1,3603.5492290721731,3672.1745184240249,68.625289351851734,11.604345803594374
0.1711111111111111,2,stochastic,alphashot2_ab,5,-0.20000000000000001,1,3572.7340088195992,3643.0036384492282,70.26962962962898,12.02391440329207
0.173125,2,stochastic,alphashot2_ab,5,-0.20000000000000001,1,3542.2550516270476,3614.1884891270465,71.933437499998945,12.453476367187317
0.1751388888888889,2,stochastic,alphashot2_ab,5,-0.20000000000000001,1,3512.1302688963647,3585.7469818593272,73.616712962962538,12.893149311985523
0.17715277777777777,2,stochastic,alphashot2_ab,5,-0.20000000000000001,1,3482.3968220019178,3557.7162780204362,75.319456018518395,13.343050854391695
0.17916666666666667,2,stochastic,alphashot2_ab,5,-0.20000000000000001,1,3453.1292499969236,3530.1709166635901,77.041666666666515,13.803298611111083
0.18118055555555557,2,stochastic,alphashot2_ab,5,-0.20000000000000001,1,3424.4291985961499,3503.2125435035578,78.783344907407809,14.274010198849096
0.18319444444444444,2,stochastic,alphashot2_ab,5,-0.20000000000000001,1,3396.4093651779599,3476.9538559187008,80.544490740740912,14.75530323431073
0.18520833333333334,2,stochastic,alphashot2_ab,5,-0.20000000000000001,1,3369.1944419407964,3451.5195461074636,82.325104166667188,15.247295334201485
0.18722222222222223,2,stochastic,alphashot2_ab,5,-0.20000000000000001,1,3342.918009456524,3427.0431946417093,84.125185185185273,15.750104115226355
0.1892361111111111,2,stochastic,alphashot2_ab,5,-0.20000000000000001,1,3317.7019814098671,3403.6467152061632,85.944733796296077,16.263847194090751
0.19125,2,stochastic,alphashot2_ab,5,-0.20000000000000001,1,3293.6637072055037,3381.4474572055037,87.783750000000055,16.78864218750001
0.1932638888888889,2,stochastic,alphashot2_ab,5,-0.20000000000000001,1,3270.9223042257186,3360.5645380220149,89.642233796296296,17.324606712159209
0.19527777777777777,2,stochastic,alphashot2_ab,5,-0.20000000000000001,1,3249.5995064218823,3341.1196916070671,91.520185185184801,17.871858384773589
0.19729166666666667,2,stochastic,alphashot2_ab,5,-0.20000000000000001,1,3229.7747479984937,3323.1923521651602,93.417604166666479,18.430514822048575
0.19930555555555557,2,stochastic,alphashot2_ab,5,-0.20000000000000001,1,3211.3364528273769,3306.6709435681178,95.334490740740875,19.000693640689327
0.20131944444444444,2,stochastic,alphashot2_ab,5,-0.20000000000000001,1,3194.11660924328,3291.3874541506871,97.270844907407081,19.58251245740091
0.20333333333333334,2,stochastic,alphashot2_ab,5,-0.20000000000000001,1,3177.9397788344208,3277.1664455010878,99.226666666666915,20.176088888888941
0.20534722222222224,2,stochastic,alphashot2_ab,5,-0.20000000000000001,1,3162.6230642460268,3263.8250202645449,101.2019560185181,20.7815405518582
0.20736111111111111,2,stochastic,alphashot2_ab,5,-0.20000000000000001,1,3147.9824366634857,3251.1791496264482,103.19671296296247,21.398985063014301
0.20937500000000001,2,stochastic,alphashot2_ab,5,-0.20000000000000001,1,3133.8769227376806,3239.0878602376797,105.21093749999909,22.02854003906231
0.2113888888888889,2,stochastic,alphashot2_ab,5,-0.20000000000000001,1,3120.1864370032163,3227.4310666328456,107.24462962962934,22.670323096707762
0.21340277777777777,2,stochastic,alphashot2_ab,5,-0.20000000000000001,1,3106.7896080601677,3216.0873974120195,109.29778935185186,23.32445185265561
0.21541666666666667,2,stochastic,alphashot2_ab,5,-0.20000000000000001,1,3093.5633018794124,3204.933718546079,111.37041666666664,23.991043923611105
0.21743055555555557,2,stochastic,alphashot2_ab,5,-0.20000000000000001,1,3080.3830358928826,3193.8455474669554,113.46251157407278,24.670216926279299
0.21944444444444444,2,stochastic,alphashot2_ab,5,-0.20000000000000001,1,3067.1682405227957,3182.7423145968696,115.57407407407391,25.362088477366218
0.22145833333333334,2,stochastic,alphashot2_ab,5,-0.20000000000000001,1,3053.9153483157943,3171.6204524824602,117.70510416666593,26.066776193576228
0.22347222222222224,2,stochastic,alphashot2_ab,5,-0.20000000000000001,1,3040.6309368823486,3160.4865387342006,119.85560185185204,26.784397691615272
0.22548611111111111,2,stochastic,alphashot2_ab,5,-0.20000000000000001,1,3027.3244137447205,3149.3499808743504,122.02556712962996,27.515070588188088
0.22750000000000001,2,stochastic,alphashot2_ab,5,-0.20000000000000001,1,3014.0078299870925,3138.2228299870922,124.21499999999969,28.25891249999993
0.22951388888888891,2,stochastic,alphashot2_ab,5,-0.20000000000000001,1,3000.6954557602239,3127.1193562231861,126.42390046296214,29.016041043756243
0.23152777777777778,2,stochastic,alphashot2_ab,5,-0.20000000000000001,1,2987.3979580952728,3116.050226613791,128.65226851851821,29.786573836162482
0.23354166666666668,2,stochastic,alphashot2_ab,5,-0.20000000000000001,1,2974.1221785187081,3105.0222826853751,130.90010416666701,30.570628493923692
0.23555555555555557,2,stochastic,alphashot2_ab,5,-0.20000000000000001,1,2960.876001830155,3094.0434092375617,133.1674074074067,31.368322633744693
0.23756944444444444,2,stochastic,alphashot2_ab,5,-0.20000000000000001,1,2947.66852088836,3083.1226991291005,135.45417824074048,32.179773872331467
0.23958333333333334,2,stochastic,alphashot2_ab,5,-0.20000000000000001,1,2934.5099811315986,3072.2703977982651,137.76041666666652,33.005099826388857
0.24159722222222221,2,stochastic,alphashot2_ab,5,-0.20000000000000001,1,2921.4118885826015,3061.4980112677863,140.08612268518482,33.84441811262208
0.24361111111111111,2,stochastic,alphashot2_ab,5,-0.20000000000000001,1,2908.3920650865698,3050.8233613828652,142.43129629629539,34.697846347736402
0.24562500000000001,2,stochastic,alphashot2_ab,5,-0.20000000000000001,1,2895.4747788666341,3040.2707163666346,144.79593750000049,35.565502148437623
0.24763888888888888,2,stochastic,alphashot2_ab,5,-0.20000000000000001,1,2882.6847918253079,3029.8648381216044,147.1800462962965,36.447503131430089
0.24965277777777778,2,stochastic,alphashot2_ab,5,-0.20000000000000001,1,2870.0471385123124,3019.6307611974976,149.58362268518522,37.343966913419507
0.25166666666666665,2,stochastic,alphashot2_ab,5,-0.20000000000000001,1,2857.587189339547,3009.5938560062132,152.00666666666621,38.255011111110996
0.25368055555555552,2,stochastic,alphashot2_ab,5,-0.20000000000000001,1,2845.3306679600937,2999.7798462008336,154.44917824073991,39.180753341209915
0.25569444444444445,2,stochastic,alphashot2_ab,5,-0.20000000000000001,1,2833.3000692309929,2990.2112266384001,156.91115740740725,40.121311220421767
0.25770833333333332,2,stochastic,alphashot2_ab,5,-0.20000000000000001,1,2821.5058448016002,2980.8984489682662,159.39260416666593,41.076802365451201
0.25972222222222219,2,stochastic,alphashot2_ab,5,-0.20000000000000001,1,2809.9561817163544,2971.8497002348731,161.8935185185187,42.04734439300416
0.26173611111111111,2,stochastic,alphashot2_ab,5,-0.20000000000000001,1,2798.659804432456,2963.0737048954188,164.41390046296283,43.033054919785201
0.26374999999999998,2,stochastic,alphashot2_ab,5,-0.20000000000000001,1,2787.6260814360785,2954.5798314360782,166.95374999999967,44.034051562499911
0.26576388888888891,2,stochastic,alphashot2_ab,5,-0.20000000000000001,1,2776.8651207199791,2946.3781878496088,169.51306712962969,45.050451937853673
0.26777777777777778,2,stochastic,alphashot2_ab,5,-0.20000000000000001,1,2766.3877448729959,2938.4795967248479,172.09185185185197,46.082373662551475
0.26979166666666665,2,stochastic,alphashot2_ab,5,-0.20000000000000001,1,2756.1968866813663,2930.8869908480324,174.69010416666606,47.129934353298445
0.27180555555555558,2,stochastic,alphashot2_ab,5,-0.20000000000000001,1,2746.2812596110907,2923.589083685164,177.30782407407332,48.193251626800212
0.27381944444444445,2,stochastic,alphashot2_ab,5,-0.20000000000000001,1,2736.6288290602238,2916.5738406342975,179.94501157407376,49.272443099762
0.27583333333333332,2,stochastic,alphashot2_ab,5,-0.20000000000000001,1,2727.2283267124499,2909.8299933791163,182.60166666666646,50.36762638888883
0.27784722222222225,2,stochastic,alphashot2_ab,5,-0.20000000000000001,1,2718.0693132893784,2903.3471026412299,185.27778935185142,51.478919110885947
0.27986111111111112,2,stochastic,alphashot2_ab,5,-0.20000000000000001,1,2709.1422536678729,2897.1156332975024,187.97337962962956,52.606438882458832
0.28187499999999999,2,stochastic,alphashot2_ab,5,-0.20000000000000001,1,2700.4385589277963,2891.1269964277963,190.68843749999996,53.75030332031249
0.28388888888888891,2,stochastic,alphashot2_ab,5,-0.20000000000000001,1,2691.9393305595145,2885.3622935224776,193.42296296296308,54.910630041152302
0.28590277777777778,2,stochastic,alphashot2_ab,5,-0.20000000000000001,1,2683.599598429465,2879.7765544479835,196.17695601851847,56.087536661683373
0.28791666666666665,2,stochastic,alphashot2_ab,5,-0.20000000000000001,1,2675.3703456876469,2874.320762354313,198.95041666666611,57.281140798610949
0.28993055555555558,2,stochastic,alphashot2_ab,5,-0.20000000000000001,1,2667.2022042339222,2868.9455491413291,201.74334490740694,58.49156006864056
0.29194444444444445,2,stochastic,alphashot2_ab,5,-0.20000000000000001,1,2659.0454381596774,2863.6011789004174,204.55574074074002,59.718912088477154
0.29395833333333332,2,stochastic,alphashot2_ab,5,-0.20000000000000001,1,2650.8499343540052,2858.2375385206706,207.38760416666537,60.963314474826007
0.29597222222222225,2,stochastic,alphashot2_ab,5,-0.20000000000000001,1,2642.5651992856779,2852.8041344708622,210.23893518518435,62.224884844392761
0.29798611111111112,2,stochastic,alphashot2_ab,5,-0.20000000000000001,1,2634.144679699084,2847.2544134953791,213.10973379629513,63.503740813882111
0.29999999999999999,2,stochastic,alphashot2_ab,5,-0.20000000000000001,1,2625.5877628509243,2841.5877628509243,216,64.799999999999997
0.01,4,stochastic,alphashot2_ab,5,-0.20000000000000001,1,1570.6779308426894,1570.6779308426867,-2.7284841053187847e-12,-2.7284841053187846e-14
0.01201388888888889,4,stochastic,alphashot2_ab,5,-0.20000000000000001,1,1661.931030021381,1661.9310300213792,-1.8189894035458565e-12,-2.1853136584266194e-14
0.014027777777777778,4,stochastic,alphashot2_ab,5,-0.20000000000000001,1,1707.7487239237907,1707.7487239237935,2.7284841053187847e-12,3.827456869961073e-14
0.016041666666666666,4,stochastic,alphashot2_ab,5,-0.20000000000000001,1,1716.9944114981618,1716.9944114981636,1.8189894035458565e-12,2.9179621681881446e-14
0.018055555555555554,4,stochastic,alphashot2_ab,5,-0.20000000000000001,1,1697.3418652032742,1697.3418652032769,2.7284841053187847e-12,4.9264296346033608e-14
0.020069444444444445,4,stochastic,alphashot2_ab,5,-0.20000000000000001,1,1655.5446055003786,1655.5446055003858,7.2759576141834259e-12,1.4602442711798682e-13
0.022083333333333333,4,stochastic,alphashot2_ab,5,-0.20000000000000001,1,1597.4650380413532,1597.4650380413514,-1.8189894035458565e-12,-4.016934932830433e-14
0.024097222222222221,4,stochastic,alphashot2_ab,5,-0.20000000000000001,1,1528.3675191740685,1528.3675191740631,-5.4569682106375694e-12,-1.3149777563133588e-13
0.026111111111111113,4,stochastic,alphashot2_ab,5,-0.20000000000000001,1,1452.697980013997,1452.6979800139952,-1.8189894035458565e-12,-4.7495834425919589e-14
0.028124999999999997,4,stochastic,alphashot2_ab,5,-0.20000000000000001,1,1373.9802876334043,1373.9802876334024,-1.8189894035458565e-12,-5.1159076974727208e-14
0.030138888888888889,4,stochastic,alphashot2_ab,5,-0.20000000000000001,1,1295.4462667507496,1295.446266750756,6.3664629124104977e-12,1.9187811833237195e-13
0.03215277777777778,4,stochastic,alphashot2_ab,5,-0.20000000000000001,1,1219.4585806227979,1219.4585806227988,9.0949470177292824e-13,2.9242781036171236e-14
0.034166666666666665,4,stochastic,alphashot2_ab,5,-0.20000000000000001,1,1147.4256643255176,1147.4256643255167,-9.0949470177292824e-13,-3.1074402310575046e-14
0.036180555555555556,4,stochastic,alphashot2_ab,5,-0.20000000000000001,1,1080.4477300531653,1080.4477300531644,-9.0949470177292824e-13,-3.2906023584978862e-14
0.038194444444444448,4,stochastic,alphashot2_ab,5,-0.20000000000000001,1,1019.3456596189344,1019.3456596189344,0,0
0.040208333333333332,4,stochastic,alphashot2_ab,5,-0.20000000000000001,1,964.34627640597682,964.34627640597819,1.3642420526593924e-12,5.4853899200679733e-14
0.042222222222222223,4,stochastic,alphashot2_ab,5,-0.20000000000000001,1,915.28485187583419,915.28485187583146,-2.7284841053187847e-12,-1.1520266222457092e-13
0.044236111111111115,4,stochastic,alphashot2_ab,5,-0.20000000000000001,1,871.79031301548775,871.79031301548503,-2.7284841053187847e-12,-1.2069752604778236e-13
0.046249999999999999,4,stochastic,alphashot2_ab,5,-0.20000000000000001,1,833.38513232936793,833.38513232936793,0,0
0.048263888888888891,4,stochastic,alphashot2_ab,5,-0.20000000000000001,1,799.55512797359506,799.55512797359233,-2.7284841053187847e-12,-1.3168725369420525e-13
0.050277777777777775,4,stochastic,alphashot2_ab,5,-0.20000000000000001,1,769.72457599134259,769.72457599134214,-4.5474735088646412e-13,-2.2863686252902778e-14
0.052291666666666667,4,stochastic,alphashot2_ab,5,-0.20000000000000001,1,743.24147459456708,743.24147459456844,1.3642420526593924e-12,7.1338490670314053e-14
0.054305555555555558,4,stochastic,alphashot2_ab,5,-0.20000000000000001,1,719.53090180437584,719.53090180437584,0,0
0.056319444444444443,4,stochastic,alphashot2_ab,5,-0.20000000000000001,1,698.06574181713268,698.06574181713313,4.5474735088646412e-13,2.5611118164508499e-14
0.058333333333333334,4,stochastic,alphashot2_ab,5,-0.20000000000000001,1,678.38334205641786,678.38334205641922,1.3642420526593924e-12,7.9580786405131216e-14
0.060347222222222226,4,stochastic,alphashot2_ab,5,-0.20000000000000001,1,660.11331594123067,660.11331594123021,-4.5474735088646412e-13,-2.7442739438912315e-14
0.06236111111111111,4,stochastic,alphashot2_ab,5,-0.20000000000000001,1,642.9728035109033,642.97280351090058,-2.7284841053187847e-12,-1.7015130045668532e-13
0.064375000000000002,4,stochastic,alphashot2_ab,5,-0.20000000000000001,1,626.75693445060642,626.75693445060551,-9.0949470177292824e-13,-5.8548721426632257e-14
0.066388888888888886,4,stochastic,alphashot2_ab,5,-0.20000000000000001,1,611.34409129582809,611.34409129582673,-1.3642420526593924e-12,-9.05705140515541e-14
0.068402777777777771,4,stochastic,alphashot2_ab,5,-0.20000000000000001,1,596.67897338031116,596.6789733803098,-1.3642420526593924e-12,-9.3317945963159821e-14
0.070416666666666669,4,stochastic,alphashot2_ab,5,-0.20000000000000001,1,582.75632641764332,582.75632641764287,-4.5474735088646412e-13,-3.2021792624921849e-14
0.072430555555555554,4,stochastic,alphashot2_ab,5,-0.20000000000000001,1,569.61437222962468,569.61437222962377,-9.0949470177292824e-13,-6.5875206524247509e-14
0.074444444444444438,4,stochastic,alphashot2_ab,5,-0.20000000000000001,1,557.30878248947283,557.30878248947283,0,0
0.076458333333333323,4,stochastic,alphashot2_ab,5,-0.20000000000000001,1,545.90908302982371,545.90908302982325,-4.5474735088646412e-13,-3.4769224536527564e-14
0.078472222222222221,4,stochastic,alphashot2_ab,5,-0.20000000000000001,1,535.47839209375343,535.47839209375297,-4.5474735088646412e-13,-3.5685035173729475e-14
0.080486111111111105,4,stochastic,alphashot2_ab,5,-0.20000000000000001,1,526.06842450536806,526.06842450536806,0,0
0.08249999999999999,4,stochastic,alphashot2_ab,5,-0.20000000000000001,1,517.7116519673209,517.71165196732045,-4.5474735088646412e-13,-3.7516656448133285e-14
0.084513888888888888,4,stochastic,alphashot2_ab,5,-0.20000000000000001,1,510.41275087005715,510.41275087005624,-9.0949470177292824e-13,-7.6864934170670393e-14
0.086527777777777773,4,stochastic,alphashot2_ab,5,-0.20000000000000001,1,504.15520865838289,504.15520865838175,-1.1368683772161603e-12,-9.837069430634275e-14
0.088541666666666657,4,stochastic,alphashot2_ab,5,-0.20000000000000001,1,498.89051694916952,498.8905169491718,2.2737367544323206e-12,2.0132044179869502e-13
0.090555555555555542,4,stochastic,alphashot2_ab,5,-0.20000000000000001,1,494.55303458540243,494.55303458540197,-4.5474735088646412e-13,-4.1179898996940911e-14
0.09256944444444444,4,stochastic,alphashot2_ab,5,-0.20000000000000001,1,491.05215108970378,491.05215108970447,6.8212102632969618e-13,6.3143564451214237e-14
0.094583333333333325,4,stochastic,alphashot2_ab,5,-0.20000000000000001,1,488.28289665358807,488.28289665358784,-2.2737367544323206e-13,-2.1505760135672364e-14
0.096597222222222209,4,stochastic,alphashot2_ab,5,-0.20000000000000001,1,486.1326234926978,486.13262349269826,4.5474735088646412e-13,4.3927330908546632e-14
0.098611111111111108,4,stochastic,alphashot2_ab,5,-0.20000000000000001,1,484.48139118412337,484.48139118412337,0,0
0.10062499999999999,4,stochastic,alphashot2_ab,5,-0.20000000000000001,1,483.2122927177038,483.21229271770358,-2.2737367544323206e-13,-2.2879476091475224e-14
0.10263888888888888,4,stochastic,alphashot2_ab,5,-0.20000000000000001,1,482.22064550062032,482.22064550062009,-2.2737367544323206e-13,-2.3337381410076177e-14
0.10465277777777778,4,stochastic,alphashot2_ab,5,-0.20000000000000001,1,481.41166719581634,481.41166719581588,-4.5474735088646412e-13,-4.7590573457354265e-14
0.10666666666666666,4,stochastic,alphashot2_ab,5,-0.20000000000000001,1,480.70576177752787,480.70576177752582,-2.0463630789890885e-12,-2.1827872842550277e-13
0.10868055555555554,4,stochastic,alphashot2_ab,5,-0.20000000000000001,1,480.05266333696068,480.05266333696181,1.1368683772161603e-12,1.2355548682939518e-13
0.11069444444444444,4,stochastic,alphashot2_ab,5,-0.20000000000000001,1,479.41313083640284,479.41313083640102,-1.8189894035458565e-12,-2.0135202147583994e-13
0.11270833333333333,4,stochastic,alphashot2_ab,5,-0.20000000000000001,1,478.77181054078892,478.7718105407896,6.8212102632969618e-13,7.6880724009242842e-14
0.11472222222222221,4,stochastic,alphashot2_ab,5,-0.20000000000000001,1,478.14274985478323,478.14274985478391,6.8212102632969618e-13,7.825443996504569e-14
0.11673611111111111,4,stochastic,alphashot2_ab,5,-0.20000000000000001,1,477.54810841986728,477.54810841986705,-2.2737367544323206e-13,-2.6542718640282853e-14
0.11874999999999999,4,stochastic,alphashot2_ab,5,-0.20000000000000001,1,477.02321424902561,477.02321424902561,0,0
0.12076388888888888,4,stochastic,alphashot2_ab,5,-0.20000000000000001,1,476.61492704022453,476.61492704022521,6.8212102632969618e-13,8.2375587832454272e-14
0.12277777777777778,4,stochastic,alphashot2_ab,5,-0.20000000000000001,1,476.37353707000921,476.37353707000852,-6.8212102632969618e-13,-8.3749303788257145e-14
0.12479166666666666,4,stochastic,alphashot2_ab,5,-0.20000000000000001,1,476.34588115556471,476.3458811555638,-9.0949470177292824e-13,-1.1349735965874667e-13
0.12680555555555556,4,stochastic,alphashot2_ab,5,-0.20000000000000001,1,476.56924457273317,476.56924457273294,-2.2737367544323206e-13,-2.8832245233287622e-14
0.12881944444444443,4,stochastic,alphashot2_ab,5,-0.20000000000000001,1,477.07962126180814,477.0796212618086,4.5474735088646412e-13,5.8580301103777142e-14
0.13083333333333333,4,stochastic,alphashot2_ab,5,-0.20000000000000001,1,477.90493017320068,477.90493017319955,-1.1368683772161603e-12,-1.4874027935244764e-13
0.13284722222222223,4,stochastic,alphashot2_ab,5,-0.20000000000000001,1,479.04817362774133,479.04817362774156,2.2737367544323206e-13,3.0205961189090482e-14
0.1348611111111111,4,stochastic,alphashot2_ab,5,-0.20000000000000001,1,480.50581950575031,480.50581950575042,1.1368683772161603e-13,1.5331933253845716e-14
0.136875,4,stochastic,alphashot2_ab,5,-0.20000000000000001,1,482.270942938247,482.27094293824621,-7.9580786405131221e-13,-1.0892620139202336e-13
0.1388888888888889,4,stochastic,alphashot2_ab,5,-0.20000000000000001,1,484.31980198941142,484.31980198941005,-1.3642420526593924e-12,-1.8947806286936006e-13
0.14090277777777779,4,stochastic,alphashot2_ab,5,-0.20000000000000001,1,486.61812659746647,486.61812659746511,-1.3642420526593924e-12,-1.9222549478096578e-13
0.14291666666666666,4,stochastic,alphashot2_ab,5,-0.20000000000000001,1,489.13048315167453,489.13048315167464,1.1368683772161603e-13,1.6247743891047624e-14
0.14493055555555556,4,stochastic,alphashot2_ab,5,-0.20000000000000001,1,491.81827051044866,491.81827051044866,0,0
0.14694444444444446,4,stochastic,alphashot2_ab,5,-0.20000000000000001,1,494.63583538963587,494.63583538963599,1.1368683772161603e-13,1.670564920964858e-14
0.14895833333333333,4,stochastic,alphashot2_ab,5,-0.20000000000000001,1,497.53709266127112,497.53709266127089,-2.2737367544323206e-13,-3.3869203737898108e-14
0.15097222222222223,4,stochastic,alphashot2_ab,5,-0.20000000000000001,1,500.47687273897043,500.47687273896986,-5.6843418860808015e-13,-8.5817772641247666e-14
0.15298611111111113,4,stochastic,alphashot2_ab,5,-0.20000000000000001,1,503.40952979837709,503.4095297983763,-7.9580786405131221e-13,-1.2174755031285008e-13
0.155,4,stochastic,alphashot2_ab,5,-0.20000000000000001,1,506.28807662731413,506.28807662731379,-3.4106051316484809e-13,-5.286437954055145e-14
0.1570138888888889,4,stochastic,alphashot2_ab,5,-0.20000000000000001,1,509.06662090573866,509.06662090573911,4.5474735088646412e-13,7.1401650024603849e-14
0.1590277777777778,4,stochastic,alphashot2_ab,5,-0.20000000000000001,1,511.70063120603822,511.70063120603743,-7.9580786405131221e-13,-1.2655555615816008e-13
0.16104166666666667,4,stochastic,alphashot2_ab,5,-0.20000000000000001,1,514.15694312069297,514.15694312069297,0,0
0.16305555555555556,4,stochastic,alphashot2_ab,5,-0.20000000000000001,1,516.42230844095889,516.42230844095934,4.5474735088646412e-13,7.414908193620957e-14
0.16506944444444446,4,stochastic,alphashot2_ab,5,-0.20000000000000001,1,518.48650693521267,518.48650693521256,-1.1368683772161603e-13,-1.876622314335287e-14
0.16708333333333333,4,stochastic,alphashot2_ab,5,-0.20000000000000001,1,520.34021065078286,520.34021065078275,-1.1368683772161603e-13,-1.8995175802653345e-14
0.16909722222222223,4,stochastic,alphashot2_ab,5,-0.20000000000000001,1,521.9844223211993,521.98442232119839,-9.0949470177292824e-13,-1.5379302769563058e-13
0.1711111111111111,4,stochastic,alphashot2_ab,5,-0.20000000000000001,1,523.45383129453899,523.45383129453944,4.5474735088646412e-13,7.781232448501719e-14
0.173125,4,stochastic,alphashot2_ab,5,-0.20000000000000001,1,524.7908361381709,524.7908361381709,0,0
0.1751388888888889,4,stochastic,alphashot2_ab,5,-0.20000000000000001,1,526.03830879441489,526.03830879441455,-3.4106051316484809e-13,-5.9732959319565753e-14
0.17715277777777777,4,stochastic,alphashot2_ab,5,-0.20000000000000001,1,527.23880114355643,527.2388011435562,-2.2737367544323206e-13,-4.0279878198311455e-14
0.17916666666666667,4,stochastic,alphashot2_ab,5,-0.20000000000000001,1,528.42522601161261,528.4252260116117,-9.0949470177292824e-13,-1.6295113406764964e-13
0.18118055555555557,4,stochastic,alphashot2_ab,5,-0.20000000000000001,1,529.62250285740834,529.62250285740788,-4.5474735088646412e-13,-8.2391377671026733e-14
0.18319444444444444,4,stochastic,alphashot2_ab,5,-0.20000000000000001,1,530.85446896024098,530.85446896024098,0,0
0.18520833333333334,4,stochastic,alphashot2_ab,5,-0.20000000000000001,1,532.14390265763973,532.14390265763973,0,0
0.18722222222222223,4,stochastic,alphashot2_ab,5,-0.20000000000000001,1,533.51005480688298,533.51005480688218,-7.9580786405131221e-13,-1.489929167696068e-13
0.1892361111111111,4,stochastic,alphashot2_ab,5,-0.20000000000000001,1,534.95952699351096,534.95952699351051,-4.5474735088646412e-13,-8.6054620219834353e-14
0.19125,4,stochastic,alphashot2_ab,5,-0.20000000000000001,1,536.49465560249598,536.4946556024953,-6.8212102632969618e-13,-1.3045564628555439e-13
0.1932638888888889,4,stochastic,alphashot2_ab,5,-0.20000000000000001,1,538.11723333237308,538.11723333237228,-7.9580786405131221e-13,-1.5380092261491681e-13
0.19527777777777777,4,stochastic,alphashot2_ab,5,-0.20000000000000001,1,539.82844108453764,539.82844108453799,3.4106051316484809e-13,6.6601539098580056e-14
0.19729166666666667,4,stochastic,alphashot2_ab,5,-0.20000000000000001,1,541.62202592705819,541.62202592705762,-5.6843418860808015e-13,-1.1214732846080248e-13
0.19930555555555557,4,stochastic,alphashot2_ab,5,-0.20000000000000001,1,543.46300722906051,543.46300722905971,-7.9580786405131221e-13,-1.5860892846022681e-13
0.20131944444444444,4,stochastic,alphashot2_ab,5,-0.20000000000000001,1,545.30895336137996,545.30895336137928,-6.8212102632969618e-13,-1.3732422606456871e-13
0.20333333333333334,4,stochastic,alphashot2_ab,5,-0.20000000000000001,1,547.11753499544841,547.11753499544716,-1.2505552149377763e-12,-2.542795603706812e-13
0.20534722222222224,4,stochastic,alphashot2_ab,5,-0.20000000000000001,1,548.84664102146508,548.84664102146496,-1.1368683772161603e-13,-2.3345276329362404e-14
0.20736111111111111,4,stochastic,alphashot2_ab,5,-0.20000000000000001,1,550.45794820719209,550.45794820719232,2.2737367544323206e-13,4.7148457977325758e-14
0.20937500000000001,4,stochastic,alphashot2_ab,5,-0.20000000000000001,1,551.94046180750456,551.94046180750388,-6.8212102632969618e-13,-1.4281908988778015e-13
0.2113888888888889,4,stochastic,alphashot2_ab,5,-0.20000000000000001,1,553.29671514774213,553.29671514774111,-1.0231815394945443e-12,-2.1628920876537451e-13
0.21340277777777777,4,stochastic,alphashot2_ab,5,-0.20000000000000001,1,554.53059646275938,554.53059646275915,-2.2737367544323206e-13,-4.8522173933128619e-14
0.21541666666666667,4,stochastic,alphashot2_ab,5,-0.20000000000000001,1,555.64747516770854,555.64747516770854,0,0
0.21743055555555557,4,stochastic,alphashot2_ab,5,-0.20000000000000001,1,556.6544734734756,556.65447347347481,-7.9580786405131221e-13,-1.7303294599615685e-13
0.21944444444444444,4,stochastic,alphashot2_ab,5,-0.20000000000000001,1,557.56520581661084,557.56520581661016,-6.8212102632969618e-13,-1.4968766966679444e-13
0.22145833333333334,4,stochastic,alphashot2_ab,5,-0.20000000000000001,1,558.40216586007762,558.40216586007693,-6.8212102632969618e-13,-1.5106138562259731e-13
0.22347222222222224,4,stochastic,alphashot2_ab,5,-0.20000000000000001,1,559.18910770363084,559.18910770363016,-6.8212102632969618e-13,-1.5243510157840016e-13
0.22548611111111111,4,stochastic,alphashot2_ab,5,-0.20000000000000001,1,559.95035229326311,559.95035229326231,-7.9580786405131221e-13,-1.794436204565702e-13
0.22750000000000001,4,stochastic,alphashot2_ab,5,-0.20000000000000001,1,560.71086746815911,560.71086746815843,-6.8212102632969618e-13,-1.5518253349000588e-13
0.22951388888888891,4,stochastic,alphashot2_ab,5,-0.20000000000000001,1,561.49553156285458,561.49553156285367,-9.0949470177292824e-13,-2.08741665927745e-13
0.23152777777777778,4,stochastic,alphashot2_ab,5,-0.20000000000000001,1,562.31380843034606,562.3138084303456,-4.5474735088646412e-13,-1.052866436010744e-13
0.23354166666666668,4,stochastic,alphashot2_ab,5,-0.20000000000000001,1,563.16043482247005,563.16043482246948,-5.6843418860808015e-13,-1.3275306779784539e-13
0.23555555555555557,4,stochastic,alphashot2_ab,5,-0.20000000000000001,1,564.02915099172969,564.02915099172833,-1.3642420526593924e-12,-3.2135479462643469e-13
0.23756944444444444,4,stochastic,alphashot2_ab,5,-0.20000000000000001,1,564.91316656586218,564.9131665658615,-6.8212102632969618e-13,-1.6205111326902017e-13
0.23958333333333334,4,stochastic,alphashot2_ab,5,-0.20000000000000001,1,565.80510139231569,565.8051013923149,-7.9580786405131221e-13,-1.9066230076229357e-13
0.24159722222222221,4,stochastic,alphashot2_ab,5,-0.20000000000000001,1,566.69686460834782,566.69686460834748,-3.4106051316484809e-13,-8.2399272590312945e-14
0.24361111111111111,4,stochastic,alphashot2_ab,5,-0.20000000000000001,1,567.57783864274779,567.57783864274722,-5.6843418860808015e-13,-1.3847688428035729e-13
0.24562500000000001,4,stochastic,alphashot2_ab,5,-0.20000000000000001,1,568.43507759756778,568.4350775975671,-6.8212102632969618e-13,-1.6754597709223164e-13
0.24763888888888888,4,stochastic,alphashot2_ab,5,-0.20000000000000001,1,569.25552624297279,569.25552624297211,-6.8212102632969618e-13,-1.6891969304803448e-13
0.24965277777777778,4,stochastic,alphashot2_ab,5,-0.20000000000000001,1,570.02604964794295,570.02604964794205,-9.0949470177292824e-13,-2.2705787867178313e-13
0.25166666666666665,4,stochastic,alphashot2_ab,5,-0.20000000000000001,1,570.73334650642596,570.73334650642494,-1.0231815394945443e-12,-2.5750068743946027e-13
0.25368055555555552,4,stochastic,alphashot2_ab,5,-0.20000000000000001,1,571.36387094932843,571.36387094932775,-6.8212102632969618e-13,-1.7304084091544305e-13
0.25569444444444445,4,stochastic,alphashot2_ab,5,-0.20000000000000001,1,571.90690741206856,571.9069074120672,-1.3642420526593924e-12,-3.4882911374249185e-13
0.25770833333333332,4,stochastic,alphashot2_ab,5,-0.20000000000000001,1,572.36262803710019,572.36262803709963,-5.6843418860808015e-13,-1.4649022735587399e-13
0.25972222222222219,4,stochastic,alphashot2_ab,5,-0.20000000000000001,1,572.73404665206795,572.73404665206692,-1.0231815394945443e-12,-2.6574298317427741e-13
0.26173611111111111,4,stochastic,alphashot2_ab,5,-0.20000000000000001,1,573.02469751959711,573.0246975195962,-9.0949470177292824e-13,-2.3804760631820601e-13
0.26374999999999998,4,stochastic,alphashot2_ab,5,-0.20000000000000001,1,573.23861594435868,573.23861594435755,-1.1368683772161603e-12,-2.9984903449076225e-13
0.26576388888888891,4,stochastic,alphashot2_ab,5,-0.20000000000000001,1,573.3803185696753,573.38031856967439,-9.0949470177292824e-13,-2.4171084886701366e-13
0.26777777777777778,4,stochastic,alphashot2_ab,5,-0.20000000000000001,1,573.45481396117373,573.45481396117327,-4.5474735088646412e-13,-1.2177123507070873e-13
0.26979166666666665,4,stochastic,alphashot2_ab,5,-0.20000000000000001,1,573.46993395806385,573.46993395806328,-5.6843418860808015e-13,-1.5335880713488828e-13
0.27180555555555558,4,stochastic,alphashot2_ab,5,-0.20000000000000001,1,573.43786101990997,573.43786101990861,-1.3642420526593924e-12,-3.7080856903533762e-13
0.27381944444444445,4,stochastic,alphashot2_ab,5,-0.20000000000000001,1,573.3713316679673,573.37133166796593,-1.3642420526593924e-12,-3.7355600094694337e-13
0.27583333333333332,4,stochastic,alphashot2_ab,5,-0.20000000000000001,1,573.28327242997284,573.28327242997238,-4.5474735088646412e-13,-1.2543447761951635e-13
0.27784722222222225,4,stochastic,alphashot2_ab,5,-0.20000000000000001,1,573.18683797863639,573.18683797863548,-9.0949470177292824e-13,-2.5270057651343654e-13
0.27986111111111112,4,stochastic,alphashot2_ab,5,-0.20000000000000001,1,573.09544164804129,573.09544164804038,-9.0949470177292824e-13,-2.5453219778784034e-13
0.28187499999999999,4,stochastic,alphashot2_ab,5,-0.20000000000000001,1,573.02275745276791,573.02275745276677,-1.1368683772161603e-12,-3.2045477382780514e-13
0.28388888888888891,4,stochastic,alphashot2_ab,5,-0.20000000000000001,1,572.97722803926183,572.97722803926092,-9.0949470177292824e-13,-2.5819544033664798e-13
0.28590277777777778,4,stochastic,alphashot2_ab,5,-0.20000000000000001,1,572.95441283727428,572.95441283727359,-6.8212102632969618e-13,-1.9502029620828882e-13
0.28791666666666665,4,stochastic,alphashot2_ab,5,-0.20000000000000001,1,572.94772771412056,572.94772771411954,-1.0231815394945443e-12,-2.9459101824613754e-13
0.28993055555555558,4,stochastic,alphashot2_ab,5,-0.20000000000000001,1,572.95028488941011,572.95028488940886,-1.2505552149377763e-12,-3.6257416821980673e-13
0.29194444444444445,4,stochastic,alphashot2_ab,5,-0.20000000000000001,1,572.95492344550189,572.95492344550098,-9.0949470177292824e-13,-2.6552192543426322e-13
0.29395833333333332,4,stochastic,alphashot2_ab,5,-0.20000000000000001,1,572.95423697595561,572.95423697595425,-1.3642420526593924e-12,-4.0103032006300053e-13
0.29597222222222225,4,stochastic,alphashot2_ab,5,-0.20000000000000001,1,572.94059834635777,572.94059834635675,-1.0231815394945443e-12,-3.0283331398095473e-13
0.29798611111111112,4,stochastic,alphashot2_ab,5,-0.20000000000000001,1,572.90660005708094,572.90660005707991,-1.0231815394945443e-12,-3.0489388791465902e-13
0.29999999999999999,4,stochastic,alphashot2_ab,5,-0.20000000000000001,1,572.84917573319808,572.84917573319683,-1.2505552149377763e-12,-3.7516656448133288e-13
