k,mu,case,P_AA,P_AB,P_BB,geometric_mean,r_minus_one,valid_geometric_mean,construction
0.01,0.5,linear_deterministic,48975.64450733758,34282.887484238141,23997.976669420761,34282.887484238141,0,1,Linear deterministic
0.01201388888888889,0.5,linear_deterministic,52215.686548191865,36550.748220559413,25585.361101203205,36550.748220559421,-2.2204460492503131e-16,1,Linear deterministic
0.014027777777777778,0.5,linear_deterministic,54114.450021217323,37879.750206687015,26515.569781424656,37879.750206687015,0,1,Linear deterministic
0.016041666666666666,0.5,linear_deterministic,54917.931159017644,38442.086913725849,26909.135415233042,38442.086913725841,2.2204460492503131e-16,1,Linear deterministic
0.018055555555555554,0.5,linear_deterministic,54835.805526803073,38384.52653502355,26868.792446164771,38384.52653502355,0,1,Linear deterministic
0.020069444444444445,0.5,linear_deterministic,54051.638369666594,37835.560130657374,26484.481388152595,37835.560130657374,0,1,Linear deterministic
0.022083333333333333,0.5,linear_deterministic,52725.042259304508,36906.912294691429,25834.406512735772,36906.912294691429,0,1,Linear deterministic
0.024097222222222221,0.5,linear_deterministic,51002.387240452415,35701.038240877395,24990.283797258671,35701.038240877402,-2.2204460492503131e-16,1,Linear deterministic
0.026111111111111113,0.5,linear_deterministic,49010.024027066815,34306.380129774494,24014.02041669278,34306.380129774494,0,1,Linear deterministic
0.028124999999999997,0.5,linear_deterministic,46850.337945627085,32794.604884614972,22955.78125362052,32794.604884614972,0,1,Linear deterministic
0.030138888888888889,0.5,linear_deterministic,44623.883316381762,31236.097946937964,21864.834309310718,31236.097946937964,0,1,Linear deterministic
0.03215277777777778,0.5,linear_deterministic,42408.47850637701,29685.330065413487,20779.30763208192,29685.330065413487,0,1,Linear deterministic
0.034166666666666665,0.5,linear_deterministic,40253.470609054362,28176.842653109517,19723.379124470062,28176.842653109521,-1.1102230246251565e-16,1,Linear deterministic
0.036180555555555556,0.5,linear_deterministic,38202.475423803146,26741.165438981254,18718.418665336238,26741.165438981257,-1.1102230246251565e-16,1,Linear deterministic
0.038194444444444448,0.5,linear_deterministic,36294.260943715912,25405.434868639335,17783.420961942134,25405.434868639335,0,1,Linear deterministic
0.040208333333333332,0.5,linear_deterministic,34548.365603319689,24183.327076938203,16927.958770182082,24183.327076938203,0,1,Linear deterministic
0.042222222222222223,0.5,linear_deterministic,32970.595198107396,23078.905644754166,16154.876263502832,23078.905644754166,0,1,Linear deterministic
0.044236111111111115,0.5,linear_deterministic,31558.940367628053,22090.763737654925,15463.188460328134,22090.763737654925,0,1,Linear deterministic
0.046249999999999999,0.5,linear_deterministic,30306.69758831077,21214.208741481434,14849.610427390406,21214.208741481434,0,1,Linear deterministic
0.048263888888888891,0.5,linear_deterministic,29205.255867744414,20443.21289400211,14309.922683850509,20443.212894002107,2.2204460492503131e-16,1,Linear deterministic
0.050277777777777775,0.5,linear_deterministic,28241.65421306709,19768.703542774216,13837.774402792398,19768.703542774216,0,1,Linear deterministic
0.052291666666666667,0.5,linear_deterministic,27396.14631086545,19176.858454844358,13423.490151652577,19176.858454844354,2.2204460492503131e-16,1,Linear deterministic
0.054305555555555558,0.5,linear_deterministic,26650.030117612729,18654.586399314867,13057.906208500597,18654.586399314867,0,1,Linear deterministic
0.056319444444444443,0.5,linear_deterministic,25983.35650235806,18187.92322835296,12731.247840533611,18187.923228352956,2.2204460492503131e-16,1,Linear deterministic
0.058333333333333334,0.5,linear_deterministic,25375.866393619723,17762.687860536455,12433.588478783089,17762.687860536455,0,1,Linear deterministic
0.060347222222222226,0.5,linear_deterministic,24808.810117989124,17365.755784413239,12155.741147182658,17365.755784413239,0,1,Linear deterministic
0.06236111111111111,0.5,linear_deterministic,24264.835272623885,16984.98056766031,11889.203517869273,16984.98056766031,0,1,Linear deterministic
0.064375000000000002,0.5,linear_deterministic,23728.375135284252,16609.465734608537,11626.348218800202,16609.465734608537,0,1,Linear deterministic
0.066388888888888886,0.5,linear_deterministic,23186.548927500622,16230.194933370769,11360.863938780614,16230.194933370767,2.2204460492503131e-16,1,Linear deterministic
0.068402777777777771,0.5,linear_deterministic,22629.456357553681,15840.238108626745,11087.899743302341,15840.238108626745,0,1,Linear deterministic
0.070416666666666669,0.5,linear_deterministic,22049.925283778997,15434.574868344789,10803.941432934986,15434.574868344791,-1.1102230246251565e-16,1,Linear deterministic
0.072430555555555554,0.5,linear_deterministic,21444.398542499523,15010.715247116284,10507.246066307544,15010.715247116284,0,1,Linear deterministic
0.074444444444444438,0.5,linear_deterministic,20811.632316459763,14567.788584474041,10197.204189221076,14567.788584474043,-1.1102230246251565e-16,1,Linear deterministic
0.076458333333333323,0.5,linear_deterministic,20153.845084693807,14107.34776976717,9874.9027920385215,14107.347769767168,2.2204460492503131e-16,1,Linear deterministic
0.078472222222222221,0.5,linear_deterministic,19474.892414253252,13632.091626261232,9542.230999477757,13632.091626261232,0,1,Linear deterministic
0.080486111111111105,0.5,linear_deterministic,18781.127367731162,13146.46718162797,9202.3016496107066,13146.46718162797,0,1,Linear deterministic
0.08249999999999999,0.5,linear_deterministic,18079.729206618387,12655.499788169336,8858.6323975319447,12655.49978816934,-3.3306690738754696e-16,1,Linear deterministic
0.084513888888888888,0.5,linear_deterministic,17379.040766655624,12165.02927996998,8515.3110214497356,12165.029279969978,2.2204460492503131e-16,1,Linear deterministic
0.086527777777777773,0.5,linear_deterministic,16687.570957885229,11681.011739696713,8176.5066711796562,11681.011739696714,-1.1102230246251565e-16,1,Linear deterministic
0.088541666666666657,0.5,linear_deterministic,16013.397581518255,11209.101481033847,7846.1772632889724,11209.101481033846,2.2204460492503131e-16,1,Linear deterministic
0.090555555555555542,0.5,linear_deterministic,15364.340991852318,10754.772608926409,7528.1545710975006,10754.772608926407,2.2204460492503131e-16,1,Linear deterministic
0.09256944444444444,0.5,linear_deterministic,14746.810442787741,10322.511482385291,7225.5789628115108,10322.511482385291,0,1,Linear deterministic
0.094583333333333325,0.5,linear_deterministic,14166.269742263137,9916.1426646642649,6941.1275610982511,9916.1426646642631,2.2204460492503131e-16,1,Linear deterministic
0.096597222222222209,0.5,linear_deterministic,13626.99958910751,9538.6625633051044,6676.8977940915447,9538.6625633051044,0,1,Linear deterministic
0.098611111111111108,0.5,linear_deterministic,13131.20613570077,9191.6154397768114,6433.9706131827279,9191.6154397768132,-2.2204460492503131e-16,1,Linear deterministic
0.10062499999999999,0.5,linear_deterministic,12680.614034247525,8876.2085141600637,6213.1910469052345,8876.2085141600619,2.2204460492503131e-16,1,Linear deterministic
0.10263888888888888,0.5,linear_deterministic,12274.833104355821,8592.1686611372406,6014.3679082065401,8592.1686611372406,0,1,Linear deterministic
0.10465277777777778,0.5,linear_deterministic,11912.46833746136,8338.5193937881886,5836.8176695946895,8338.5193937881886,0,1,Linear deterministic
0.10666666666666666,0.5,linear_deterministic,11591.507221248123,8113.8519839373294,5679.5542426582688,8113.8519839373294,0,1,Linear deterministic
0.10868055555555554,0.5,linear_deterministic,11308.331593327568,7915.6337771383032,5540.8048107417944,7915.6337771383041,-1.1102230246251565e-16,1,Linear deterministic
0.11069444444444444,0.5,linear_deterministic,11059.052444973066,7741.1425318615775,5418.6638499788951,7741.1425318615766,2.2204460492503131e-16,1,Linear deterministic
0.11270833333333333,0.5,linear_deterministic,10839.273318739355,7587.3008019881363,5310.9771999498817,7587.3008019881354,2.2204460492503131e-16,1,Linear deterministic
0.11472222222222221,0.5,linear_deterministic,10643.87340962425,7450.5241114493056,5215.2357886081909,7450.5241114493065,-1.1102230246251565e-16,1,Linear deterministic
0.11673611111111111,0.5,linear_deterministic,10467.679386234311,7327.1912171564354,5128.9048080109633,7327.1912171564354,0,1,Linear deterministic
0.11874999999999999,0.5,linear_deterministic,10305.613743330625,7213.7479531587533,5049.4964033926753,7213.7479531587542,-1.1102230246251565e-16,1,Linear deterministic
0.12076388888888888,0.5,linear_deterministic,10152.711921499795,7106.7192140639618,4974.5780613151737,7106.7192140639618,0,1,Linear deterministic
0.12277777777777778,0.5,linear_deterministic,10004.028602481034,7002.6433633267725,4901.7266965613371,7002.6433633267725,0,1,Linear deterministic
0.12479166666666666,0.5,linear_deterministic,9855.2858226408007,6898.5259012163806,4828.846211687166,6898.5259012163797,2.2204460492503131e-16,1,Linear deterministic
0.12680555555555556,0.5,linear_deterministic,9703.1875209728878,6792.0596427874334,4754.3216176611977,6792.0596427874343,-1.1102230246251565e-16,1,Linear deterministic
0.12881944444444443,0.5,linear_deterministic,9544.5167592493181,6680.9927878363542,4676.5766939291334,6680.9927878363542,0,1,Linear deterministic
0.13083333333333333,0.5,linear_deterministic,9376.6722501916192,6563.5044811051603,4594.3368738954423,6563.5044811051594,2.2204460492503131e-16,1,Linear deterministic
0.13284722222222223,0.5,linear_deterministic,9198.8641297130343,6439.0418316248506,4507.215143605792,6439.0418316248506,0,1,Linear deterministic
0.1348611111111111,0.5,linear_deterministic,9010.6340177112124,6307.2839813708424,4414.9869080757753,6307.2839813708424,0,1,Linear deterministic
0.136875,0.5,linear_deterministic,8811.6492024441723,6167.9980379541639,4317.4891467142979,6167.9980379541639,0,1,Linear deterministic
0.1388888888888889,0.5,linear_deterministic,8602.9712262741359,6021.9270621254727,4215.2419888151298,6021.9270621254727,0,1,Linear deterministic
0.14090277777777779,0.5,linear_deterministic,8386.5304856802613,5870.4222970352157,4109.1912805147203,5870.4222970352148,2.2204460492503131e-16,1,Linear deterministic
0.14291666666666666,0.5,linear_deterministic,8164.2705877669341,5714.8442329495465,4000.2893407051565,5714.8442329495465,0,1,Linear deterministic
0.14493055555555556,0.5,linear_deterministic,7938.290186320467,5556.6618899800542,3889.5644571880407,5556.6618899800551,-1.1102230246251565e-16,1,Linear deterministic
0.14694444444444446,0.5,linear_deterministic,7711.1876884384592,5397.6941066002901,3778.2897843493492,5397.6941066002901,0,1,Linear deterministic
0.14895833333333333,0.5,linear_deterministic,7485.6619980507312,5239.8300671879979,3667.7877173931829,5239.8300671879988,-2.2204460492503131e-16,1,Linear deterministic
0.15097222222222223,0.5,linear_deterministic,7264.4087950428748,5084.9566992596192,3559.3790716994849,5084.9566992596192,0,1,Linear deterministic
0.15298611111111113,0.5,linear_deterministic,7049.806037015318,4934.7385303238989,3454.2289865570597,4934.738530323898,2.2204460492503131e-16,1,Linear deterministic
0.155,0.5,linear_deterministic,6843.6501292178582,4790.4330115676839,3353.2176550556833,4790.4330115676839,0,1,Linear deterministic
0.1570138888888889,0.5,linear_deterministic,6647.6753630162357,4653.254115529744,3257.1948359809844,4653.254115529744,0,1,Linear deterministic
0.1590277777777778,0.5,linear_deterministic,6463.6105527933032,4524.4119809252115,3167.0076044871203,4524.4119809252106,2.2204460492503131e-16,1,Linear deterministic
0.16104166666666667,0.5,linear_deterministic,6292.622415762833,4404.7232884661507,3083.2276221366242,4404.7232884661507,0,1,Linear deterministic
0.16305555555555556,0.5,linear_deterministic,6134.8363027102923,4294.2757809724271,3005.9163069924844,4294.2757809724271,0,1,Linear deterministic
0.16506944444444446,0.5,linear_deterministic,5990.2646528561245,4193.0781652085516,2935.0797533070199,4193.0781652085516,0,1,Linear deterministic
0.16708333333333333,0.5,linear_deterministic,5858.9198811193237,4101.1391309512919,2870.7240434574187,4101.1391309512928,-2.2204460492503131e-16,1,Linear deterministic
0.16909722222222223,0.5,linear_deterministic,5740.5617659317068,4018.2905269802432,2812.731474303459,4018.2905269802432,0,1,Linear deterministic
0.1711111111111111,0.5,linear_deterministic,5634.0750618765487,3943.7517010769943,2760.5556029932209,3943.7517010769943,0,1,Linear deterministic
0.173125,0.5,linear_deterministic,5538.1552091015928,3876.6094843576848,2713.5572274164979,3876.6094843576843,2.2204460492503131e-16,1,Linear deterministic
0.1751388888888889,0.5,linear_deterministic,5451.4976480875966,3815.9507082215123,2671.0971456961879,3815.9507082215123,0,1,Linear deterministic
0.17715277777777777,0.5,linear_deterministic,5372.78853686397,3760.8557065651576,2632.5316078528208,3760.8557065651576,0,1,Linear deterministic
0.17916666666666667,0.5,linear_deterministic,5300.576669013376,3710.308660683098,2597.149558842701,3710.308660683098,0,1,Linear deterministic
0.18118055555555557,0.5,linear_deterministic,5233.3058733240132,3663.2202784432952,2564.1885135742646,3663.2202784432948,2.2204460492503131e-16,1,Linear deterministic
0.18319444444444444,0.5,linear_deterministic,5169.4173233993452,3618.4994091759495,2532.8846860435988,3618.499409175949,2.2204460492503131e-16,1,Linear deterministic
0.18520833333333334,0.5,linear_deterministic,5107.3521931174419,3575.0549024446732,2502.47429043901,3575.0549024446732,0,1,Linear deterministic
0.18722222222222223,0.5,linear_deterministic,5045.6380927089476,3531.8561117480726,2472.2358926450579,3531.8561117480726,0,1,Linear deterministic
0.1892361111111111,0.5,linear_deterministic,4983.2436460419895,3488.1810922522341,2441.664144198553,3488.1810922522345,-1.1102230246251565e-16,1,Linear deterministic
0.19125,0.5,linear_deterministic,4919.2777676528576,3443.4061000959405,2410.3224355707207,3443.4061000959405,0,1,Linear deterministic
0.1932638888888889,0.5,linear_deterministic,4852.8494309599391,3396.9074326531072,2377.7741861097475,3396.9074326531068,2.2204460492503131e-16,1,Linear deterministic
0.19527777777777777,0.5,linear_deterministic,4783.0676094992441,3348.0613873976276,2343.5828152461531,3348.0613873976276,0,1,Linear deterministic
0.19729166666666667,0.5,linear_deterministic,4709.2591925169236,3296.3967989014318,2307.4185156498061,3296.3967989014313,2.2204460492503131e-16,1,Linear deterministic
0.19930555555555557,0.5,linear_deterministic,4631.6643493164929,3242.0817813731546,2269.3989642541519,3242.0817813731551,-1.1102230246251565e-16,1,Linear deterministic
0.20131944444444444,0.5,linear_deterministic,4550.7624655414438,3185.4518961526505,2229.7590479698283,3185.451896152651,-1.1102230246251565e-16,1,Linear deterministic
0.20333333333333334,0.5,linear_deterministic,4467.0329276265938,3126.8427051236995,2188.7336540812221,3126.8427051236995,0,1,Linear deterministic
0.20534722222222224,0.5,linear_deterministic,4380.9551219444911,3066.589770117153,2146.5576698291329,3066.5897701171525,2.2204460492503131e-16,1,Linear deterministic
0.20736111111111111,0.5,linear_deterministic,4293.0387655979284,3005.0498839207717,2103.4808437362231,3005.0498839207717,0,1,Linear deterministic
0.20937500000000001,0.5,linear_deterministic,4204.028725893555,2942.744440225887,2059.8681419903392,2942.744440225887,0,1,Linear deterministic
0.2113888888888889,0.5,linear_deterministic,4114.7797232198682,2880.2717278922105,2016.1383560049912,2880.27172789221,2.2204460492503131e-16,1,Linear deterministic
0.21340277777777777,0.5,linear_deterministic,4026.147099092942,2818.230470544333,1972.7105815120108,2818.230470544333,0,1,Linear deterministic
0.21541666666666667,0.5,linear_deterministic,3938.9861949458095,2757.2193917362665,1930.0039141851053,2757.2193917362665,0,1,Linear deterministic
0.21743055555555557,0.5,linear_deterministic,3854.1496646018199,2697.8353337319577,1888.4361328206396,2697.8353337319581,-2.2204460492503131e-16,1,Linear deterministic
0.21944444444444444,0.5,linear_deterministic,3772.2937703662906,2640.5376682612423,1848.3287893109905,2640.5376682612423,0,1,Linear deterministic
0.22145833333333334,0.5,linear_deterministic,3693.7482332072709,2585.5571939966298,1809.8434385234398,2585.5571939966303,-2.2204460492503131e-16,1,Linear deterministic
0.22347222222222224,0.5,linear_deterministic,3618.8119280765782,2533.1031179529118,1773.126521552402,2533.1031179529118,0,1,Linear deterministic
0.22548611111111111,0.5,linear_deterministic,3547.7837299133666,2483.3846471341139,1738.3244794834281,2483.3846471341139,0,1,Linear deterministic
0.22750000000000001,0.5,linear_deterministic,3480.9625136450841,2436.6109885343135,1705.5837533938763,2436.6109885343135,0,1,Linear deterministic
0.22951388888888891,0.5,linear_deterministic,3418.6309839292639,2392.9800302487088,1675.042861334927,2392.9800302487088,0,1,Linear deterministic
0.23152777777777778,0.5,linear_deterministic,3360.7552239155284,2352.4680310281074,1646.6851848143879,2352.4680310281074,0,1,Linear deterministic
0.23354166666666668,0.5,linear_deterministic,3307.0126712834413,2314.8492030057214,1620.3526763556658,2314.8492030057214,0,1,Linear deterministic
0.23555555555555557,0.5,linear_deterministic,3257.0702037114961,2279.8903665109074,1595.882114357292,2279.8903665109069,2.2204460492503131e-16,1,Linear deterministic
0.23756944444444444,0.5,linear_deterministic,3210.5946989191416,2247.3583419078318,1573.1102772464644,2247.3583419078318,0,1,Linear deterministic
0.23958333333333334,0.5,linear_deterministic,3167.2530346648832,2217.0199495938614,1551.8739434777201,2217.0199495938614,0,1,Linear deterministic
0.24159722222222221,0.5,linear_deterministic,3126.7095681328688,2188.6402456154256,1532.0086564957203,2188.6402456154256,0,1,Linear deterministic
0.24361111111111111,0.5,linear_deterministic,3088.5560571059136,2161.9334677548895,1513.3143878820654,2161.9334677548895,0,1,Linear deterministic
0.24562500000000001,0.5,linear_deterministic,3052.3024651092733,2136.5565992980833,1495.5510321093839,2136.5565992980833,0,1,Linear deterministic
0.24763888888888888,0.5,linear_deterministic,3017.4543879262492,2112.1635661969262,1478.4763435763839,2112.1635661969258,2.2204460492503131e-16,1,Linear deterministic
0.24965277777777778,0.5,linear_deterministic,2983.5174213819701,2088.4082944388892,1461.848076711052,2088.4082944388892,0,1,Linear deterministic
0.25166666666666665,0.5,linear_deterministic,2949.9971613414737,2064.9447100453658,1445.4239859693096,2064.9447100453663,-2.2204460492503131e-16,1,Linear deterministic
0.25368055555555552,0.5,linear_deterministic,2916.3992112799137,2041.4267443704073,1428.9618295438408,2041.4267443704073,0,1,Linear deterministic
0.25569444444444445,0.5,linear_deterministic,2882.3120204371053,2017.5663193115918,1412.2599579636137,2017.566319311592,-1.1102230246251565e-16,1,Linear deterministic
0.25770833333333332,0.5,linear_deterministic,2847.6117962802414,1993.2767823289205,1395.2577160136636,1993.2767823289207,-1.1102230246251565e-16,1,Linear deterministic
0.25972222222222219,0.5,linear_deterministic,2812.2371829370818,1968.5151854173807,1377.9250408643511,1968.515185417381,-1.1102230246251565e-16,1,Linear deterministic
0.26173611111111111,0.5,linear_deterministic,2776.1268245393494,1943.2385805753304,1360.2318696888126,1943.2385805753306,-1.1102230246251565e-16,1,Linear deterministic
0.26374999999999998,0.5,linear_deterministic,2739.2193652226006,1917.4040198043847,1342.1481396628669,1917.4040198043845,2.2204460492503131e-16,1,Linear deterministic
0.26576388888888891,0.5,linear_deterministic,2701.4534491260993,1890.9685551093094,1323.6437879649279,1890.9685551093096,-1.1102230246251565e-16,1,Linear deterministic
0.26777777777777778,0.5,linear_deterministic,2662.7691635480851,1863.8902486805921,1304.6894588855198,1863.8902486805921,0,1,Linear deterministic
0.26979166666666665,0.5,linear_deterministic,2623.2214651846389,1836.2075692098488,1285.3120798118441,1836.2075692098488,0,1,Linear deterministic
0.27180555555555558,0.5,linear_deterministic,2583.0618616151851,1808.0965674506399,1265.6348830850498,1808.0965674506397,2.2204460492503131e-16,1,Linear deterministic
0.27381944444444445,0.5,linear_deterministic,2542.5611323001608,1779.7467841222726,1245.7905437766419,1779.7467841222726,0,1,Linear deterministic
0.27583333333333332,0.5,linear_deterministic,2501.9900566844531,1751.3477599308369,1225.9117369472394,1751.3477599308369,0,1,Linear deterministic
0.27784722222222225,0.5,linear_deterministic,2461.6194141981191,1723.0890355698164,1206.1311376470815,1723.0890355698164,0,1,Linear deterministic
0.27986111111111112,0.5,linear_deterministic,2421.7199842570681,1695.1601517206693,1186.581420916503,1695.1601517206695,-1.1102230246251565e-16,1,Linear deterministic
0.28187499999999999,0.5,linear_deterministic,2382.5623603765016,1667.7505189356996,1167.3951707063686,1667.7505189356993,2.2204460492503131e-16,1,Linear deterministic
0.28388888888888891,0.5,linear_deterministic,2344.3683238732415,1641.015380110317,1148.6810542250842,1641.0153801103172,-1.1102230246251565e-16,1,Linear deterministic
0.28590277777777778,0.5,linear_deterministic,2307.245723010135,1615.0302270640418,1130.491914371217,1615.0302270640418,0,1,Linear deterministic
0.28791666666666665,0.5,linear_deterministic,2271.2861797742848,1589.8591935167356,1112.8726435789247,1589.8591935167358,-1.1102230246251565e-16,1,Linear deterministic
0.28993055555555558,0.5,linear_deterministic,2236.5813161502701,1565.5664131861147,1095.868134280596,1565.5664131861147,0,1,Linear deterministic
0.29194444444444445,0.5,linear_deterministic,2203.2227541202792,1542.2160197878632,1079.5232789069473,1542.2160197878632,0,1,Linear deterministic
0.29395833333333332,0.5,linear_deterministic,2171.3021156642403,1519.872147035745,1063.8829698871139,1519.872147035745,0,1,Linear deterministic
0.29597222222222225,0.5,linear_deterministic,2140.9110227599467,1498.5989286417084,1048.9920996487347,1498.5989286417084,0,1,Linear deterministic
0.29798611111111112,0.5,linear_deterministic,2112.127330276986,1478.4508615911184,1034.888815085249,1478.4508615911184,0,1,Linear deterministic
0.29999999999999999,0.5,linear_deterministic,2084.8817262272682,1459.3794287357346,1021.5391550632623,1459.3794287357346,0,1,Linear deterministic
0.01,0.5,matter_loops_linear_bias,48879.280334971481,34211.62717079337,23945.438171636208,34211.632307376582,-1.5014142451530432e-07,1,"Matter/RSD loops, linear bias"
0.01201388888888889,0.5,matter_loops_linear_bias,52071.38140183271,36443.961980470194,25506.582813021396,36443.970721015954,-2.3983516583836462e-07,1,"Matter/RSD loops, linear bias"
0.014027777777777778,0.5,matter_loops_linear_bias,53916.342022090699,37733.034141840828,26407.260192581158,37733.047483731636,-3.5358635730453614e-07,1,"Matter/RSD loops, linear bias"
0.016041666666666666,0.5,matter_loops_linear_bias,54662.92693316091,38253.06263851175,26769.48205471443,38253.081465359326,-4.9216551589736923e-07,1,"Matter/RSD loops, linear bias"
0.018055555555555554,0.5,matter_loops_linear_bias,54523.593522790907,38152.851482389058,26697.46971752337,38152.876522816252,-6.5631819867739694e-07,1,"Matter/RSD loops, linear bias"
0.020069444444444445,0.5,matter_loops_linear_bias,53684.490670898544,37562.782596466102,26282.54470803287,37562.814407148253,-8.4686631318664496e-07,1,"Matter/RSD loops, linear bias"
0.022083333333333333,0.5,matter_loops_linear_bias,52307.480421291482,36596.227078345437,25604.113937888542,36596.266046013785,-1.0647990235090887e-06,1,"Matter/RSD loops, linear bias"
0.024097222222222221,0.5,matter_loops_linear_bias,50540.650631521115,35356.898386061919,24734.812984373162,35356.944741863881,-1.3110805331395525e-06,1,"Matter/RSD loops, linear bias"
0.026111111111111113,0.5,matter_loops_linear_bias,48511.531535017115,33934.104360083744,23737.182818479308,33934.158201598657,-1.5866465463698631e-06,1,"Matter/RSD loops, linear bias"
0.028124999999999997,0.5,matter_loops_linear_bias,46323.224254835586,32400.039798524151,22661.776445810727,32400.101115771864,-1.8925017392090737e-06,1,"Matter/RSD loops, linear bias"
0.030138888888888889,0.5,matter_loops_linear_bias,44076.192477716781,30825.031593393625,21557.824179878589,30825.100291046994,-2.2286270837668098e-06,1,"Matter/RSD loops, linear bias"
0.03215277777777778,0.5,matter_loops_linear_bias,41847.706261459694,29263.159969240987,20463.175909750458,29263.235888189389,-2.5943456387622632e-06,1,"Matter/RSD loops, linear bias"
0.034166666666666665,0.5,matter_loops_linear_bias,39686.452442281756,27748.494749257839,19401.672769471163,27748.577687267687,-2.9889103068114764e-06,1,"Matter/RSD loops, linear bias"
0.036180555555555556,0.5,matter_loops_linear_bias,37634.920281324339,26310.755863484577,18394.102878393463,26310.845586465224,-3.4101139149145254e-06,1,"Matter/RSD loops, linear bias"
0.038194444444444448,0.5,matter_loops_linear_bias,35730.278137257395,24975.927660281821,17458.631802456741,24976.023906894123,-3.8535602248090939e-06,1,"Matter/RSD loops, linear bias"
0.040208333333333332,0.5,matter_loops_linear_bias,33990.53731369954,23756.587383420363,16604.042131051701,23756.689870723829,-4.3140397093521798e-06,1,"Matter/RSD loops, linear bias"
0.042222222222222223,0.5,matter_loops_linear_bias,32420.135258127568,22655.814739838726,15832.471099135364,22655.923166014756,-4.7857761185099434e-06,1,"Matter/RSD loops, linear bias"
0.044236111111111115,0.5,matter_loops_linear_bias,31015.83120351407,21671.317769990826,15142.297936677338,21671.431813272138,-5.2623787064609573e-06,1,"Matter/RSD loops, linear bias"
0.046249999999999999,0.5,matter_loops_linear_bias,29769.831815218477,20797.620658170788,14529.67523231735,20797.739973271924,-5.7369262856932224e-06,1,"Matter/RSD loops, linear bias"
0.048263888888888891,0.5,matter_loops_linear_bias,28672.512898428155,20027.967613072633,13989.860726725563,20028.091824591083,-6.2018648375739005e-06,1,"Matter/RSD loops, linear bias"
0.050277777777777775,0.5,matter_loops_linear_bias,27710.195408372525,19352.77081873078,13516.134196980645,19352.899518266506,-6.6501423006126714e-06,1,"Matter/RSD loops, linear bias"
0.052291666666666667,0.5,matter_loops_linear_bias,26862.956155334054,18758.082841228766,13098.731579461615,18758.215589697411,-7.0768175154389823e-06,1,"Matter/RSD loops, linear bias"
0.054305555555555558,0.5,matter_loops_linear_bias,26112.114429502257,18230.829652357086,12728.502756668957,18230.965978202436,-7.4777082855748134e-06,1,"Matter/RSD loops, linear bias"
0.056319444444444443,0.5,matter_loops_linear_bias,25438.125783555577,17757.339898241444,12395.884580291662,17757.479301744839,-7.8504105806009861e-06,1,"Matter/RSD loops, linear bias"
0.058333333333333334,0.5,matter_loops_linear_bias,24821.476623266437,17323.969968925892,12091.337620425318,17324.111927871196,-8.1942985530325529e-06,1,"Matter/RSD loops, linear bias"
0.060347222222222226,0.5,matter_loops_linear_bias,24244.410994972124,16918.310684423344,11806.189401251402,16918.4546613579,-8.510052332710849e-06,1,"Matter/RSD loops, linear bias"
0.06236111111111111,0.5,matter_loops_linear_bias,23690.829617990104,16529.116685476209,11532.585024106125,16529.262139039434,-8.7997614172108385e-06,1,"Matter/RSD loops, linear bias"
0.064375000000000002,0.5,matter_loops_linear_bias,23146.579883393591,16146.507503947432,11263.626568548305,16146.653899356912,-9.0666097379843436e-06,1,"Matter/RSD loops, linear bias"
0.066388888888888886,0.5,matter_loops_linear_bias,22600.28593813358,15762.547306280536,10993.777993663965,15762.694128770187,-9.314555522776935e-06,1,"Matter/RSD loops, linear bias"
0.068402777777777771,0.5,matter_loops_linear_bias,22043.509594963496,15371.355200235079,10718.940724139049,15371.50196631429,-9.5479335417980593e-06,1,"Matter/RSD loops, linear bias"
0.070416666666666669,0.5,matter_loops_linear_bias,21470.455595786912,14968.898313871112,10436.308382138119,14969.044582158049,-9.7713842813762497e-06,1,"Matter/RSD loops, linear bias"
0.072430555555555554,0.5,matter_loops_linear_bias,20878.679027987939,14553.48402135928,10144.709272966114,14553.629401029571,-9.9892381677513242e-06,1,"Matter/RSD loops, linear bias"
0.074444444444444438,0.5,matter_loops_linear_bias,20267.827414704661,14124.880402386358,9843.9914018648233,14125.024559441759,-1.0205791486916915e-05,1,"Matter/RSD loops, linear bias"
0.076458333333333323,0.5,matter_loops_linear_bias,19640.551905767996,13684.950259031119,9535.4636185116942,13685.092916927573,-1.0424327939961842e-05,1,"Matter/RSD loops, linear bias"
0.078472222222222221,0.5,matter_loops_linear_bias,19000.853586119818,13236.496684237449,9221.0897173992798,13236.637625348014,-1.0647803056484939e-05,1,"Matter/RSD loops, linear bias"
0.080486111111111105,0.5,matter_loops_linear_bias,18354.688971611948,12783.682913051938,8903.7795412778032,12783.82196965977,-1.0877545710608061e-05,1,"Matter/RSD loops, linear bias"
0.08249999999999999,0.5,matter_loops_linear_bias,17708.574469050545,12331.060173350299,8586.7117809667889,12331.197225635637,-1.1114272428724981e-05,1,"Matter/RSD loops, linear bias"
0.084513888888888888,0.5,matter_loops_linear_bias,17069.67866480181,11883.628534857311,8273.3739469260054,11883.76349258811,-1.135648070438311e-05,1,"Matter/RSD loops, linear bias"
0.086527777777777773,0.5,matter_loops_linear_bias,16445.147094079002,11446.369460923892,7967.2387988049159,11446.502259642468,-1.1601685437456766e-05,1,"Matter/RSD loops, linear bias"
0.088541666666666657,0.5,matter_loops_linear_bias,15841.381933896253,11023.739752055406,7671.4088196025841,11023.870331348457,-1.1845140511113073e-05,1,"Matter/RSD loops, linear bias"
0.090555555555555542,0.5,matter_loops_linear_bias,15264.403515906659,10619.927507823331,7388.7974172413997,10620.05580371693,-1.2080529139368856e-05,1,"Matter/RSD loops, linear bias"
0.09256944444444444,0.5,matter_loops_linear_bias,14718.787945227908,10238.109759127827,7121.6101758930108,10238.235688220235,-1.2299882151900476e-05,1,"Matter/RSD loops, linear bias"
0.094583333333333325,0.5,matter_loops_linear_bias,14208.139071392659,9880.7829088698691,6871.5762066668913,9880.9063543784287,-1.2493338579666613e-05,1,"Matter/RSD loops, linear bias"
0.096597222222222209,0.5,matter_loops_linear_bias,13735.004339024927,9549.7059356113859,6639.9098636062236,9549.8267412223704,-1.2650031697702957e-05,1,"Matter/RSD loops, linear bias"
0.098611111111111108,0.5,matter_loops_linear_bias,13300.110102035262,9245.366718236859,6426.9382931422251,9245.4846772777764,-1.2758556747982652e-05,1,"Matter/RSD loops, linear bias"
0.10062499999999999,0.5,matter_loops_linear_bias,12903.777338786904,8967.9705738124649,6232.7916881739975,8968.0854223874885,-1.2806364972473006e-05,1,"Matter/RSD loops, linear bias"
0.10263888888888888,0.5,matter_loops_linear_bias,12544.698092288021,8716.5890653492916,6056.8111583579521,8716.7004872028156,-1.2782572223035693e-05,1,"Matter/RSD loops, linear bias"
0.10465277777777778,0.5,matter_loops_linear_bias,12220.794050371549,8489.7575982189319,5897.964663890375,8489.8652211783156,-1.2676639331687944e-05,1,"Matter/RSD loops, linear bias"
0.10666666666666666,0.5,matter_loops_linear_bias,11929.598512153461,8285.7426244835624,5755.0339378787803,8285.8460221459209,-1.2478829811923831e-05,1,"Matter/RSD loops, linear bias"
0.10868055555555554,0.5,matter_loops_linear_bias,11667.641411387051,8102.115855368892,5626.3197176456879,8102.2145695671579,-1.2183607014937259e-05,1,"Matter/RSD loops, linear bias"
0.11069444444444444,0.5,matter_loops_linear_bias,11431.298540465257,7936.3424255511727,5510.0490612875137,7936.4359628354532,-1.1785804701069935e-05,1,"Matter/RSD loops, linear bias"
0.11270833333333333,0.5,matter_loops_linear_bias,11216.790557022932,7785.7831063296389,5404.3789301208171,7785.8709564154015,-1.1283270202389062e-05,1,"Matter/RSD loops, linear bias"
0.11472222222222221,0.5,matter_loops_linear_bias,11020.114894963881,7647.6484515593374,5307.3653548396078,7647.7301207536884,-1.0678880277059655e-05,1,"Matter/RSD loops, linear bias"
0.11673611111111111,0.5,matter_loops_linear_bias,10837.283548579087,7519.1597577016464,5217.0722706702418,7519.2347676264744,-9.9757391737176349e-06,1,"Matter/RSD loops, linear bias"
0.11874999999999999,0.5,matter_loops_linear_bias,10664.649608639109,7397.7798320333031,5131.7345881934916,7397.8477456363953,-9.1801839436911337e-06,1,"Matter/RSD loops, linear bias"
0.12076388888888888,0.5,matter_loops_linear_bias,10498.964351183489,7281.2534448507622,5049.7868524749965,7281.3139023949561,-8.3031091646645905e-06,1,"Matter/RSD loops, linear bias"
0.12277777777777778,0.5,matter_loops_linear_bias,10337.037698264312,7167.3665929033323,4969.6925889024433,7167.4193152256221,-7.3558305955234715e-06,1,"Matter/RSD loops, linear bias"
0.12479166666666666,0.5,matter_loops_linear_bias,10176.312265380691,7054.3475571444687,4890.2245011882642,7054.3923602183695,-6.3510890255802366e-06,1,"Matter/RSD loops, linear bias"
0.12680555555555556,0.5,matter_loops_linear_bias,10015.14491216464,6941.0637048956869,4810.602034670489,6941.100524555095,-5.3045852422828332e-06,1,"Matter/RSD loops, linear bias"
0.12881944444444443,0.5,matter_loops_linear_bias,9851.9832094478134,6826.4458284621314,4730.0889812043415,6826.4747287321943,-4.2335570278329016e-06,1,"Matter/RSD loops, linear bias"
0.13083333333333333,0.5,matter_loops_linear_bias,9685.6939439697253,6709.7158682491099,4648.1513255005038,6709.7370398589455,-3.1553561204988867e-06,1,"Matter/RSD loops, linear bias"
0.13284722222222223,0.5,matter_loops_linear_bias,9516.3337905374374,6590.9219104840522,4564.8286151221955,6590.9356542223622,-2.0852484429179086e-06,1,"Matter/RSD loops, linear bias"
0.1348611111111111,0.5,matter_loops_linear_bias,9344.1797202848138,6470.2650088266,4480.2666075429761,6470.2717389358786,-1.04015867496976e-06,1,"Matter/RSD loops, linear bias"
0.136875,0.5,matter_loops_linear_bias,9169.5679001588269,6347.9869320183443,4394.6390558075018,6347.9871785406722,-3.8834723659064707e-08,1,"Matter/RSD loops, linear bias"
0.1388888888888889,0.5,matter_loops_linear_bias,8993.4458651621699,6224.7493968739782,4308.4080744064813,6224.7437523324825,9.0679098141421832e-07,1,"Matter/RSD loops, linear bias"
0.14090277777777779,0.5,matter_loops_linear_bias,8817.133262111256,6101.4696072644056,4222.2111277192425,6101.4586923021625,1.7889102907897581e-06,1,"Matter/RSD loops, linear bias"
0.14291666666666666,0.5,matter_loops_linear_bias,8641.944270331267,5979.0608637671949,4136.6828946278993,5979.0453284288569,2.5982974680704984e-06,1,"Matter/RSD loops, linear bias"
0.14493055555555556,0.5,matter_loops_linear_bias,8469.1524016452968,5858.4062258246377,4052.4356446328784,5858.3867294892334,3.3279358813143034e-06,1,"Matter/RSD loops, linear bias"
0.14694444444444446,0.5,matter_loops_linear_bias,8299.9237561476293,5740.3078467631631,3970.0210140671693,5740.2849865717817,3.982414015224478e-06,1,"Matter/RSD loops, linear bias"
0.14895833333333333,0.5,matter_loops_linear_bias,8135.3882959902676,5625.5414337004368,3889.9713228967462,5625.5157249830854,4.5700196404929727e-06,1,"Matter/RSD loops, linear bias"
0.15097222222222223,0.5,matter_loops_linear_bias,7976.6548157378493,5514.8678804499341,3812.8085245819962,5514.839750989443,5.1006850174672991e-06,1,"Matter/RSD loops, linear bias"
0.15298611111111113,0.5,matter_loops_linear_bias,7824.5310297748656,5408.8376957731743,3738.9075630439975,5408.8074697198908,5.5883026808256631e-06,1,"Matter/RSD loops, linear bias"
0.155,0.5,matter_loops_linear_bias,7679.2918848206027,5307.6291300283801,3668.3832770438867,5307.5970014512905,6.053318871268587e-06,1,"Matter/RSD loops, linear bias"
0.1570138888888889,0.5,matter_loops_linear_bias,7541.1436874844458,5211.3724581963997,3601.3169735162387,5211.3384807995899,6.5198982823755358e-06,1,"Matter/RSD loops, linear bias"
0.1590277777777778,0.5,matter_loops_linear_bias,7410.2767363319172,5120.1867779037593,3537.7821550290905,5120.1508573109704,7.015534071230789e-06,1,"Matter/RSD loops, linear bias"
0.16104166666666667,0.5,matter_loops_linear_bias,7286.6271779604167,5034.0161606112833,3477.7318207527719,5033.9780693557768,7.566829847371892e-06,1,"Matter/RSD loops, linear bias"
0.16305555555555556,0.5,matter_loops_linear_bias,7169.6779361465124,4952.4927575489564,3420.9043584376968,4952.4521704261006,8.1953588766392471e-06,1,"Matter/RSD loops, linear bias"
0.16506944444444446,0.5,matter_loops_linear_bias,7058.8613784388972,4875.213909172131,3367.0141930543523,4875.1704019456565,8.9242473364503638e-06,1,"Matter/RSD loops, linear bias"
0.16708333333333333,0.5,matter_loops_linear_bias,6953.6079578965619,4801.775616039904,3315.7748118183172,4801.7286593530898,9.779121259212431e-06,1,"Matter/RSD loops, linear bias"
0.16909722222222223,0.5,matter_loops_linear_bias,6853.3242439936648,4731.7591062269948,3266.8907223377414,4731.7080837552967,1.0783097941668984e-05,1,"Matter/RSD loops, linear bias"
0.1711111111111111,0.5,matter_loops_linear_bias,6757.3424545784546,4664.7003016637173,3220.0394321543381,4664.6445909965323,1.1943175111772675e-05,1,"Matter/RSD loops, linear bias"
0.173125,0.5,matter_loops_linear_bias,6664.9860469667574,4600.1304500416009,3174.8961967227065,4600.0694398807354,1.32628782374411e-05,1,"Matter/RSD loops, linear bias"
0.1751388888888889,0.5,matter_loops_linear_bias,6575.5872007562648,4537.5869045412801,3131.1405452640793,4537.5199936978206,1.4746126419717953e-05,1,"Matter/RSD loops, linear bias"
0.17715277777777777,0.5,matter_loops_linear_bias,6488.5014114006299,4476.6235257855496,3088.4636924912948,4476.5501256871194,1.6396576910659988e-05,1,"Matter/RSD loops, linear bias"
0.17916666666666667,0.5,matter_loops_linear_bias,6403.3053721245878,4416.9517719070545,3046.669100385092,4416.8713607690506,1.8205451650210591e-05,1,"Matter/RSD loops, linear bias"
0.18118055555555557,0.5,matter_loops_linear_bias,6319.7486627876206,4358.4062299235447,3005.6478951277427,4358.3183988832179,2.0152506606585519e-05,1,"Matter/RSD loops, linear bias"
0.18319444444444444,0.5,matter_loops_linear_bias,6237.5970001723372,4300.8328358636545,2965.2991843792261,4300.7372969175112,2.2214550563726121e-05,1,"Matter/RSD loops, linear bias"
0.18520833333333334,0.5,matter_loops_linear_bias,6156.6285120569864,4244.0862132685834,2925.5281569292547,4243.9828067248545,2.4365448315410987e-05,1,"Matter/RSD loops, linear bias"
0.18722222222222223,0.5,matter_loops_linear_bias,6076.6909158019262,4188.069444843999,2886.2737453602604,4187.9581479461203,2.6575456092636784e-05,1,"Matter/RSD loops, linear bias"
0.1892361111111111,0.5,matter_loops_linear_bias,5997.9332778646294,4132.8952648499935,2847.6207326472281,4132.7762043306993,2.8808847468919652e-05,1,"Matter/RSD loops, linear bias"
0.19125,0.5,matter_loops_linear_bias,5920.605180296141,4078.7463571326425,2809.7025783137078,4078.6198205098208,3.1024373045474007e-05,1,"Matter/RSD loops, linear bias"
0.1932638888888889,0.5,matter_loops_linear_bias,5844.9641479470311,4025.8109652004241,2772.6566334387471,4025.6774109479998,3.3175597245138633e-05,1,"Matter/RSD loops, linear bias"
0.19527777777777777,0.5,matter_loops_linear_bias,5771.2758142394978,3974.2830084320731,2736.6242221196617,3974.1430756555787,3.521080490309636e-05,1,"Matter/RSD loops, linear bias"
0.19729166666666667,0.5,matter_loops_linear_bias,5699.7994886742799,3924.3503216106856,2701.7412490566539,3924.2048098822934,3.7080564201374955e-05,1,"Matter/RSD loops, linear bias"
0.19930555555555557,0.5,matter_loops_linear_bias,5630.7376205107912,3876.1539898208061,2668.106032211494,3876.0037423982239,3.876348749076719e-05,1,"Matter/RSD loops, linear bias"
0.20131944444444444,0.5,matter_loops_linear_bias,5564.2738655274152,3829.8201229973306,2635.8051334882275,3829.6659931241452,4.0246296534096615e-05,1,"Matter/RSD loops, linear bias"
0.20333333333333334,0.5,matter_loops_linear_bias,5500.5879787723015,3785.4721006185264,2604.9232035094365,3785.3149484354722,4.1516276768183147e-05,1,"Matter/RSD loops, linear bias"
0.20534722222222224,0.5,matter_loops_linear_bias,5439.8557045832113,3743.2304947291136,2575.5429277388303,3743.0711839155583,4.2561523873718698e-05,1,"Matter/RSD loops, linear bias"
0.20736111111111111,0.5,matter_loops_linear_bias,5382.2128958672329,3703.1875534261735,2547.7268851424415,3703.0269370288552,4.3374352941327743e-05,1,"Matter/RSD loops, linear bias"
0.20937500000000001,0.5,matter_loops_linear_bias,5327.5130031154249,3665.234741958488,2521.3949376501291,3665.0735758399815,4.3973501533178805e-05,1,"Matter/RSD loops, linear bias"
0.2113888888888889,0.5,matter_loops_linear_bias,5275.4725054466253,3629.1661969562128,2496.397803923815,3629.0050946860656,4.439295783376096e-05,1,"Matter/RSD loops, linear bias"
0.21340277777777777,0.5,matter_loops_linear_bias,5225.7990186584202,3594.7698426667384,2472.5818483216294,3594.6092689625939,4.4670697739279674e-05,1,"Matter/RSD loops, linear bias"
0.21541666666666667,0.5,matter_loops_linear_bias,5178.1918300653097,3561.8277735386282,2449.7893544400549,3561.6680390713645,4.4848218730964007e-05,1,"Matter/RSD loops, linear bias"
0.21743055555555557,0.5,matter_loops_linear_bias,5132.3412699987966,3530.1158306821198,2427.8582401312974,3529.9570880582255,4.4970128512789032e-05,1,"Matter/RSD loops, linear bias"
0.21944444444444444,0.5,matter_loops_linear_bias,5087.8978827985047,3499.3832040287443,2406.6086072968415,3499.225462554572,4.5078968434753008e-05,1,"Matter/RSD loops, linear bias"
0.22145833333333334,0.5,matter_loops_linear_bias,5044.4544209253008,3469.3406226652432,2385.8350316129277,3469.1837761667066,4.5211354790186675e-05,1,"Matter/RSD loops, linear bias"
0.22347222222222224,0.5,matter_loops_linear_bias,5001.5951544108266,3439.693066340174,2365.3281961611483,3439.5368939016921,4.5405077282012485e-05,1,"Matter/RSD loops, linear bias"
0.22548611111111111,0.5,matter_loops_linear_bias,4958.9008385135467,3410.1430545231265,2344.8770618714029,3409.9872182055583,4.5699971171764275e-05,1,"Matter/RSD loops, linear bias"
0.22750000000000001,0.5,matter_loops_linear_bias,4915.9486451147013,3380.390598383291,2324.2688339078668,3380.234640514132,4.6138178483090542e-05,1,"Matter/RSD loops, linear bias"
0.22951388888888891,0.5,matter_loops_linear_bias,4872.3219335950216,3350.1401917118174,2303.2939612203786,3349.983535298496,4.6763338288347001e-05,1,"Matter/RSD loops, linear bias"
0.23152777777777778,0.5,matter_loops_linear_bias,4827.794006427418,3319.2322511835273,2281.8401124784923,3319.0742713367126,4.7597563024970313e-05,1,"Matter/RSD loops, linear bias"
0.23354166666666668,0.5,matter_loops_linear_bias,4782.3150694070027,3287.633726675062,2259.8854200220421,3287.4738172804641,4.8642028343204302e-05,1,"Matter/RSD loops, linear bias"
0.23555555555555557,0.5,matter_loops_linear_bias,4735.8446737120548,3255.3182085963181,2237.4127336929232,3255.1557839457023,4.9897658175535042e-05,1,"Matter/RSD loops, linear bias"
0.23756944444444444,0.5,matter_loops_linear_bias,4688.3453941652097,3222.2614038593656,2214.4063848503415,3222.0958978936569,5.1365934147673542e-05,1,"Matter/RSD loops, linear bias"
0.23958333333333334,0.5,matter_loops_linear_bias,4639.7829056976307,3188.441189401688,2190.8522238359019,3188.272055057952,5.3048905744423891e-05,1,"Matter/RSD loops, linear bias"
0.24159722222222221,0.5,matter_loops_linear_bias,4590.1327681182529,3153.8424035444468,2166.7410033104306,3153.6691137975504,5.49486140248856e-05,1,"Matter/RSD loops, linear bias"
0.24361111111111111,0.5,matter_loops_linear_bias,4539.5672375920522,3118.5887823157582,2142.1615507087263,3118.4108762680262,5.7050226795363201e-05,1,"Matter/RSD loops, linear bias"
0.24562500000000001,0.5,matter_loops_linear_bias,4488.4808778695387,3082.9610405801945,2117.3135322169192,3082.7781791445927,5.9317091589239368e-05,1,"Matter/RSD loops, linear bias"
0.24763888888888888,0.5,matter_loops_linear_bias,4437.2850946651888,3047.2517553045755,2092.4049683537378,3047.0637305575719,6.1706863928590039e-05,1,"Matter/RSD loops, linear bias"
0.24965277777777778,0.5,matter_loops_linear_bias,4386.3966367835019,3011.7572435276415,2067.6464976244888,3011.5639862432349,6.4171734450724216e-05,1,"Matter/RSD loops, linear bias"
0.25166666666666665,0.5,matter_loops_linear_bias,4336.2377096044929,2976.7776417975283,2043.2514321256322,2976.5792296168688,6.6657785784851598e-05,1,"Matter/RSD loops, linear bias"
0.25368055555555552,0.5,matter_loops_linear_bias,4287.2360850155819,2942.6169830541971,2019.4358113135224,2942.4136489684879,6.9104520970642014e-05,1,"Matter/RSD loops, linear bias"
0.25569444444444445,0.5,matter_loops_linear_bias,4239.7860970350421,2909.5551546749944,1996.3982550793378,2909.3472749107136,7.1452372177649437e-05,1,"Matter/RSD loops, linear bias"
0.25770833333333332,0.5,matter_loops_linear_bias,4194.1501801771064,2877.7771476089583,1974.2691579135474,2877.5651763915284,7.3663394028145035e-05,1,"Matter/RSD loops, linear bias"
0.25972222222222219,0.5,matter_loops_linear_bias,4150.5624459512192,2847.4475697675953,1953.1642560751563,2847.2320263792681,7.5702783029374388e-05,1,"Matter/RSD loops, linear bias"
0.26173611111111111,0.5,matter_loops_linear_bias,4109.2578196521845,2818.7315986979347,1933.1996845580741,2818.5130691056593,7.7533645194360901e-05,1,"Matter/RSD loops, linear bias"
0.26374999999999998,0.5,matter_loops_linear_bias,4070.4720544438951,2791.7949914408587,1914.4919839917488,2791.5741292853504,7.9117424535146696e-05,1,"Matter/RSD loops, linear bias"
0.26576388888888891,0.5,matter_loops_linear_bias,4034.441745443065,2766.8040943894302,1897.1581075418051,2766.5816212019522,8.0414467360512276e-05,1,"Matter/RSD loops, linear bias"
0.26777777777777778,0.5,matter_loops_linear_bias,4001.4019566866045,2743.9241647694107,1881.3142337653899,2743.7008685589599,8.1385042010051478e-05,1,"Matter/RSD loops, linear bias"
0.26979166666666665,0.5,matter_loops_linear_bias,3971.3982478144926,2723.1864220374218,1866.9817452305754,2722.9630977503812,8.2015172084171084e-05,1,"Matter/RSD loops, linear bias"
0.27180555555555558,0.5,matter_loops_linear_bias,3944.1493037187265,2704.3909040528083,1854.0185384392637,2704.1682505840558,8.2337135902887937e-05,1,"Matter/RSD loops, linear bias"
0.27381944444444445,0.5,matter_loops_linear_bias,3919.3387439042012,2687.3128706484267,1842.2650026511951,2687.0914761930985,8.2391856507157968e-05,1,"Matter/RSD loops, linear bias"
0.27583333333333332,0.5,matter_loops_linear_bias,3896.6468792857841,2671.7252657021536,1831.559905998251,2671.5056039494002,8.2223953574489528e-05,1,"Matter/RSD loops, linear bias"
0.27784722222222225,0.5,matter_loops_linear_bias,3875.7506500332483,2657.3986736295883,1821.7403650302169,2657.1811010839419,8.1880962331748464e-05,1,"Matter/RSD loops, linear bias"
0.27986111111111112,0.5,matter_loops_linear_bias,3856.3235634161692,2644.1012758767156,1812.6418142605189,2643.8860301393997,8.1412638389899428e-05,1,"Matter/RSD loops, linear bias"
0.28187499999999999,0.5,matter_loops_linear_bias,3838.0356509649432,2631.598822810518,1804.0979878044354,2631.3860216675812,8.0870363065033146e-05,1,"Matter/RSD loops, linear bias"
0.28388888888888891,0.5,matter_loops_linear_bias,3820.5586190218405,2619.6587300182637,1795.9441304972102,2619.448382208132,8.0302330658810206e-05,1,"Matter/RSD loops, linear bias"
0.28590277777777778,0.5,matter_loops_linear_bias,3803.5737675239152,2608.0562788741763,1788.0217985763193,2607.8483101641127,7.974724191317506e-05,1,"Matter/RSD loops, linear bias"
0.28791666666666665,0.5,matter_loops_linear_bias,3786.7626971462378,2596.5671251090848,1780.1729250399221,2596.3613822060447,7.9242783554756002e-05,1,"Matter/RSD loops, linear bias"
0.28993055555555558,0.5,matter_loops_linear_bias,3769.805654090133,2584.9659763465579,1772.2387792281502,2584.7622270398638,7.8827098509259841e-05,1,"Matter/RSD loops, linear bias"
0.29194444444444445,0.5,matter_loops_linear_bias,3752.3815090520134,2573.026577381499,1764.0599565184075,2572.8245104745815,7.8538938856898e-05,1,"Matter/RSD loops, linear bias"
0.29395833333333332,0.5,matter_loops_linear_bias,3734.1677361922248,2560.5216954587358,1755.4763680206672,2560.320920336098,7.8417951844711453e-05,1,"Matter/RSD loops, linear bias"
0.29597222222222225,0.5,matter_loops_linear_bias,3714.8403921038735,2547.2231055516077,1746.327230272763,2547.023151219506,7.8505109781135118e-05,1,"Matter/RSD loops, linear bias"
0.29798611111111112,0.5,matter_loops_linear_bias,3694.1005431065037,2532.9202790298405,1736.4642800451475,2532.720600461058,7.8839556461929305e-05,1,"Matter/RSD loops, linear bias"
0.29999999999999999,0.5,matter_loops_linear_bias,3671.931210953243,2517.6020824492589,1725.8802496727535,2517.402144104346,7.9422489323466294e-05,1,"Matter/RSD loops, linear bias"
0.01,0.5,add_b2,48879.380050863729,34211.540565592128,23945.505489331576,34211.715293493864,-5.107253472580453e-06,1,Add $b_2$
0.01201388888888889,0.5,add_b2,52072.061779557727,36443.723130247759,25506.232368991674,36443.95845242239,-6.4570969956490032e-06,1,Add $b_2$
0.014027777777777778,0.5,add_b2,53917.975369025087,37732.559563801216,26406.191620751546,37732.855569085128,-7.8447623284016998e-06,1,Add $b_2$
0.016041666666666666,0.5,add_b2,54665.924891632254,38252.261324078609,26767.360277832318,38252.614374644276,-9.2294493183597837e-06,1,Add $b_2$
0.018055555555555554,0.5,add_b2,54528.383973128133,38151.629963361149,26693.943840716584,38152.032966851359,-1.0563093467697016e-05,1,Add $b_2$
0.020069444444444445,0.5,add_b2,53691.496922862316,37561.049466987526,26277.265137611506,37561.492253068238,-1.1788298444836975e-05,1,Add $b_2$
0.022083333333333333,0.5,add_b2,52317.101527719664,36593.897260870057,25596.748604830649,36594.366991907948,-1.2836156941697929e-05,1,Add $b_2$
0.024097222222222221,0.5,add_b2,50553.249498660705,35353.895632258274,24725.057316329439,35354.377259132831,-1.3622835753124285e-05,1,Add $b_2$
0.026111111111111113,0.5,add_b2,48527.426709755418,33930.362930244635,23724.766738517854,33930.839646396438,-1.4049642059310585e-05,1,Add $b_2$
0.028124999999999997,0.5,add_b2,46342.683164925824,32395.505835093736,22646.470153106344,32395.959487401458,-1.4003360755521221e-05,1,Add $b_2$
0.030138888888888889,0.5,add_b2,44099.430098920588,30819.663288735599,21539.439526550024,30820.074752846074,-1.3350522793165176e-05,1,Add $b_2$
0.03215277777777778,0.5,add_b2,41874.889567193044,29256.926443850745,20441.563096315662,29257.275970927763,-1.1946671910401108e-05,1,Add $b_2$
0.034166666666666665,0.5,add_b2,39717.706766365627,27741.374519848167,19376.715453512486,27741.64202922953,-9.6428820284266692e-06,1,Add $b_2$
0.036180555555555556,0.5,add_b2,37670.335280004321,26302.735426360861,18365.713548023734,26302.900733770257,-6.284759657027017e-06,1,Add $b_2$
0.038194444444444448,0.5,add_b2,35769.913962222556,24967.000050970688,17426.746925355917,24967.043040003908,-1.721831181633604e-06,1,Add $b_2$
0.040208333333333332,0.5,add_b2,34034.432535985587,23746.75035661416,16568.615861232665,23746.651105867197,4.1795681640088844e-06,1,Add $b_2$
0.042222222222222223,0.5,add_b2,32468.316223348411,22645.068637925087,15793.467807032172,22644.807506843452,1.1531609688253397e-05,1,Add $b_2$
0.044236111111111115,0.5,add_b2,31068.320953956289,21659.663500307252,15099.685061989736,21659.221172737409,2.0422136433939642e-05,1,Add $b_2$
0.046249999999999999,0.5,add_b2,29826.65688025724,20785.058160803746,14483.417827747784,20784.41565215712,3.0913000268029123e-05,1,Add $b_2$
0.048263888888888891,0.5,add_b2,28733.707260803822,20014.494974469824,13939.918251270205,20013.633609905384,4.3038889450564e-05,1,Add $b_2$
0.050277777777777775,0.5,add_b2,27775.802080492547,19338.383930603486,13462.459215794699,19337.285297957842,5.6814212993971935e-05,1,Add $b_2$
0.052291666666666667,0.5,add_b2,26933.027302685685,18742.775389148243,13041.269626874287,18741.421262067899,7.2253169138392082e-05,1,Add $b_2$
0.054305555555555558,0.5,add_b2,26186.710824803511,18214.593253359482,12667.192741577541,18212.965526946486,8.9371849443686813e-05,1,Add $b_2$
0.056319444444444443,0.5,add_b2,25517.315772335896,17740.164343925091,12330.659595057306,17738.244968661944,0.00010820547729140095,1,Add $b_2$
0.058333333333333334,0.5,add_b2,24905.334370151824,17305.84362629013,12022.126338231647,17303.614544188971,0.00012882176122608335,1,Add $b_2$
0.060347222222222226,0.5,add_b2,24333.01375033096,16899.221113933298,11732.918269416452,16896.664214608158,0.00015132568728737361,1,Add $b_2$
0.06236111111111111,0.5,add_b2,23784.253226158082,16509.05165077476,11455.181882117318,16506.148752388501,0.00017586769814115222,1,Add $b_2$
0.064375000000000002,0.5,add_b2,23244.893964337025,16125.45605300321,11182.024533672324,16122.188889596486,0.00020265011339959393,1,Add $b_2$
0.066388888888888886,0.5,add_b2,22703.547611211845,15740.501178057892,10907.920525930043,15736.851432220095,0.00023192351109857512,1,Add $b_2$
0.068402777777777771,0.5,add_b2,22151.757544647262,15348.310151256759,10628.7864233324,15344.259507825651,0.00026398428865470613,1,Add $b_2$
0.070416666666666669,0.5,add_b2,21583.705162561877,14944.855213635296,10341.83496062061,14940.385424409571,0.00029917496093645468,1,Add $b_2$
0.072430555555555554,0.5,add_b2,20996.917796245536,14528.449828228278,10045.917146146741,14523.542835876398,0.0003378646937135521,1,Add $b_2$
0.074444444444444438,0.5,add_b2,20391.013306049579,14098.868579978574,9740.9052520990663,14093.506611504474,0.0003804566614900029,1,Add $b_2$
0.076458333333333323,0.5,add_b2,19768.612434614915,13657.980920618285,9428.1330474611605,13652.146651616533,0.00042735176750108295,1,Add $b_2$
0.078472222222222221,0.5,add_b2,19133.686625488128,13208.596407467032,9109.5886594066487,13202.27308822944,0.00047895685806031985,1,Add $b_2$
0.080486111111111105,0.5,add_b2,18492.165705710646,12754.884052544163,8788.2039396001583,12748.055675539907,0.00053564066380396014,1,Add $b_2$
0.08249999999999999,0.5,add_b2,17850.541602407295,12301.400354377332,8467.177830740311,12294.051818770356,0.00059773097716697698,1,Add $b_2$
0.084513888888888888,0.5,add_b2,17215.964017089515,11853.149378162501,8150.0136289235807,11845.266623184871,0.00066547720945364652,1,Add $b_2$
0.086527777777777773,0.5,add_b2,16595.562106612979,11415.116014681013,7840.1978710873564,11406.686227724733,0.00073902155174487838,1,Add $b_2$
0.088541666666666657,0.5,add_b2,15995.728497534119,10991.758952547925,7540.8413280587147,10982.770621596894,0.00081840286579026866,1,Add $b_2$
0.090555555555555542,0.5,add_b2,15422.476698225953,10587.267565763012,7254.8635003628715,10577.710682522771,0.00090349259183564179,1,Add $b_2$
0.09256944444444444,0.5,add_b2,14880.382119359992,10204.818791739337,6984.4711055968519,10194.684838331685,0.0009940428339234586,1,Add $b_2$
0.094583333333333325,0.5,add_b2,14373.052002545252,9846.9080278884103,6731.3910814749433,9836.1900176597173,0.0010896505872142193,1,Add $b_2$
0.096597222222222209,0.5,add_b2,13903.040593108271,9515.2924937520493,6496.8328338574765,9503.9849860865816,0.0011897648914662717,1,Add $b_2$
0.098611111111111108,0.5,add_b2,13471.086979532582,9210.4569976910097,6281.1137299074699,9198.5558314291848,0.0012938081237885424,1,Add $b_2$
0.10062499999999999,0.5,add_b2,13077.526050159668,8932.6035282620323,6084.3532221495143,8920.105815573781,0.0014010722458506208,1,Add $b_2$
0.10263888888888888,0.5,add_b2,12721.068213173328,8680.7993495112805,5905.8780199145594,8667.703106937508,0.0015109242220456842,1,Add $b_2$
0.10465277777777778,0.5,add_b2,12399.655636709498,8453.5751071369523,5744.6399454469902,8439.8789730912795,0.0016227879676165013,1,Add $b_2$
0.10666666666666666,0.5,add_b2,12110.842537510716,8249.1924085456885,5599.4042110009204,8234.8954275878077,0.0017361460243907612,1,Add $b_2$
0.10868055555555554,0.5,add_b2,11851.180881840992,8065.2179044475888,5468.454055089348,8050.3191334816493,0.0018507056327710103,1,Add $b_2$
0.11069444444444444,0.5,add_b2,11617.068631726337,7899.1116442038392,5349.9989126936043,7883.6098678475255,0.0019663297164838056,1,Add $b_2$
0.11270833333333333,0.5,add_b2,11404.746494920371,7748.2298090722052,5242.1797859435483,7732.1233525780035,0.0020830573646799522,1,Add $b_2$
0.11472222222222221,0.5,add_b2,11210.22892999392,7609.7790698331346,5143.0391214826477,7593.0656488493032,0.0022011426947643464,1,Add $b_2$
0.11673611111111111,0.5,add_b2,11029.544566082162,7480.9769300271546,5050.6275786737551,7463.6533926533475,0.0023210533049216053,1,Add $b_2$
0.11874999999999999,0.5,add_b2,10859.058152876136,7359.2835371785532,4963.1707666059492,7341.3459240951752,0.0024433684597948702,1,Add $b_2$
0.12076388888888888,0.5,add_b2,10695.526760397825,7242.4423374551916,4879.0986132988501,7223.8860584285085,0.0025687391629096723,1,Add $b_2$
0.12277777777777778,0.5,add_b2,10535.765675591238,7128.2381010091558,4796.8703702441917,7109.057757331796,0.0026980148891853073,1,Add $b_2$
0.12479166666666666,0.5,add_b2,10377.218060135392,7014.8989698511259,4715.2583383998635,6995.0885618015627,0.0028320453521837319,1,Add $b_2$
0.12680555555555556,0.5,add_b2,10218.234229887872,6901.2937726672126,4633.487256107006,6880.8471923231837,0.0029715207695413248,1,Add $b_2$
0.12881944444444443,0.5,add_b2,10057.254642853813,6786.3548915672545,4550.8266653831251,6765.2658934625306,0.00311724600877894,1,Add $b_2$
0.13083333333333333,0.5,add_b2,9893.1372625687563,6669.3062387401214,4466.7496845239584,6647.5685589944242,0.0032700196399306769,1,Add $b_2$
0.13284722222222223,0.5,add_b2,9725.9249082030219,6550.198996090834,4381.3070651138623,6527.8069452976924,0.0034302562837389416,1,Add $b_2$
0.1348611111111111,0.5,add_b2,9555.8797743364994,6429.2375186252148,4294.6565135228084,6406.1861755099744,0.0035982942867571754,1,Add $b_2$
0.136875,0.5,add_b2,9383.3233079704987,6306.6668623925161,4206.9836891159712,6282.9521808090822,0.0037744488420379252,1,Add $b_2$
0.1388888888888889,0.5,add_b2,9209.1889522152833,6183.1518757616595,4118.7621403370713,6158.7708838367034,0.0039587431298901965,1,Add $b_2$
0.14090277777777779,0.5,add_b2,9034.7826533775315,6059.6127970972184,4030.6404711541218,6034.5638293736447,0.0041509160283708102,1,Add $b_2$
0.14291666666666666,0.5,add_b2,8861.4048967466733,5936.9659598762055,3943.2644951428019,5911.2488787417606,0.0043505326305799397,1,Add $b_2$
0.14493055555555556,0.5,add_b2,8690.3172707740941,5816.0970540283342,3857.2562003415433,5789.713306859725,0.0045570040812468182,1,Add $b_2$
0.14694444444444446,0.5,add_b2,8522.6796594518455,5697.8095662982305,3773.1723770166873,5670.7618067774365,0.0047696871147837605,1,Add $b_2$
0.14895833333333333,0.5,add_b2,8359.6169565268374,5582.8802763890353,3691.5495811533574,5555.1724072677662,0.0049877604311647783,1,Add $b_2$
0.15097222222222223,0.5,add_b2,8202.232923430447,5472.0711427667893,3612.913973829769,5443.7084736113911,0.0052101741474377405,1,Add $b_2$
0.15298611111111113,0.5,add_b2,8051.3337180003655,5365.9329569345509,3537.6419071946084,5336.9219190097838,0.0054359120041520548,1,Add $b_2$
0.155,0.5,add_b2,7907.1990938879972,5264.6428207967383,3465.8445042850317,5234.9902123919292,0.0056643101900395454,1,Add $b_2$
0.1570138888888889,0.5,add_b2,7770.0408442968655,5168.3297080191833,3397.5988090394117,5138.0425765821183,0.005894682845779764,1,Add $b_2$
0.1590277777777778,0.5,add_b2,7640.0547739828144,5077.1114105805,3332.9740450792751,5046.1970100927219,0.0061262769618284363,1,Add $b_2$
0.16104166666666667,0.5,add_b2,7517.1845469516893,4990.9302495953661,3271.9172955984227,4959.3957427670994,0.0063585381090545123,1,Add $b_2$
0.16305555555555556,0.5,add_b2,7400.9243304626734,4909.4158020794357,3214.1579995344719,4877.2676921311086,0.0065914179777735171,1,Add $b_2$
0.16506944444444446,0.5,add_b2,7290.7181395522512,4832.1627449445868,3159.4013042052952,4799.4066715266572,0.0068250256041566537,1,Add $b_2$
0.16708333333333333,0.5,add_b2,7186.0080747461316,4758.7644152118155,3107.3514191893655,4725.4049973910842,0.0070595891440308201,1,Add $b_2$
0.16909722222222223,0.5,add_b2,7086.2121352776203,4688.7994329390876,3057.7037346768971,4654.8402024936504,0.0072954664323912066,1,Add $b_2$
0.1711111111111111,0.5,add_b2,6990.6732147092061,4621.8013043418969,3010.1271957216068,4587.2448768295308,0.0075331551814277198,1,Add $b_2$
0.173125,0.5,add_b2,6898.7252829304853,4557.2989030022027,2964.2886153512941,4522.1469255904294,0.0077732939663794909,1,Add $b_2$
0.1751388888888889,0.5,add_b2,6809.7110321129157,4494.8272079910712,2919.8590803603911,4459.0802405591703,0.0080166683493945179,1,Add $b_2$
0.17715277777777777,0.5,add_b2,6722.9962391295257,4433.9377587100334,2876.5215470935182,4397.5951999797308,0.0082641891937826895,1,Add $b_2$
0.17916666666666667,0.5,add_b2,6638.1644580412521,4374.3404747025734,2834.0739428306097,4337.4011710653403,0.0085164600138105673,1,Add $b_2$
0.18118055555555557,0.5,add_b2,6554.9695157592414,4315.8690024332245,2792.4039403005127,4278.3317665131872,0.0087738020257905891,1,Add $b_2$
0.18319444444444444,0.5,add_b2,6473.1813099924966,4258.3683525069137,2751.4072463625698,4220.2319798006492,0.0090365583903437852,1,Add $b_2$
0.18520833333333334,0.5,add_b2,6392.5821494456613,4201.6922230411374,2710.9856490058592,4162.955496667988,0.0093051022054293497,1,Add $b_2$
0.18722222222222223,0.5,add_b2,6313.0230868672743,4145.7429618029155,2671.0753601208316,4106.4048041084707,0.0095797076934760472,1,Add $b_2$
0.1892361111111111,0.5,add_b2,6234.6522100059274,4090.6335400047433,2631.7619120344361,4050.6937950275778,0.0098599763394096041,1,Add $b_2$
0.19125,0.5,add_b2,6157.7167498488679,4036.547187612804,2593.180617475854,3996.0069724181531,0.010145181295847072,1,Add $b_2$
0.1932638888888889,0.5,add_b2,6082.4718796080924,3983.6726943851654,2555.4706811920878,3942.534534726844,0.010434444973396184,1,Add $b_2$
0.19527777777777777,0.5,add_b2,6009.180881067221,3932.2045259501556,2518.7752809484068,3890.4724985507714,0.010726724688307154,1,Add $b_2$
0.19729166666666667,0.5,add_b2,5938.1002742214487,3882.3311594907809,2483.2325330463045,3840.0109095467274,0.011020867112340849,1,Add $b_2$
0.19930555555555557,0.5,add_b2,5869.4278837327402,3834.1947254555998,2448.9444671404417,3791.2930434282084,0.011315844366543093,1,Add $b_2$
0.20131944444444444,0.5,add_b2,5803.3422601144775,3787.9224846923344,2416.0017497483282,3744.4472295420314,0.011610593629762578,1,Add $b_2$
0.20333333333333334,0.5,add_b2,5740.0180531480864,3743.6389675924565,2384.4931361074218,3699.5991200215599,0.011903951250437084,1,Add $b_2$
0.20534722222222224,0.5,add_b2,5679.6259019046001,3701.4658971138915,2354.5054162963052,3656.8716067933215,0.012194655737359783,1,Add $b_2$
0.20736111111111111,0.5,add_b2,5622.2966789689353,3661.4966429856181,2326.105176003718,3616.3591367531731,0.012481477786238315,1,Add $b_2$
0.20937500000000001,0.5,add_b2,5567.8798231872588,3623.623565074522,2299.2155249382517,3577.9541263776136,0.012764120803064882,1,Add $b_2$
0.2113888888888889,0.5,add_b2,5516.0882545623135,3587.6415885767433,2273.6900749910983,3541.4509903672679,0.013042845527190261,1,Add $b_2$
0.21340277777777777,0.5,add_b2,5466.6260323346269,3553.3394257059354,2249.3780817446932,3506.6378168023662,0.01331805887673787,1,Add $b_2$
0.21541666666666667,0.5,add_b2,5419.188887261641,3520.4999588769251,2226.1247200198241,3473.2967544380458,0.013590317147121,1,Add $b_2$
0.21743055555555557,0.5,add_b2,5373.4636101594569,3488.8998133253099,2203.770785189487,3441.2035858618192,0.013860332954275245,1,Add $b_2$
0.21944444444444444,0.5,add_b2,5329.0984511720126,3458.2886824338066,2182.1382552912328,3410.1069772832211,0.014129089049567334,1,Add $b_2$
0.22145833333333334,0.5,add_b2,5285.685939165437,3428.3773320616278,2161.0219171286644,3379.7164321278965,0.014397923882357722,1,Add $b_2$
0.22347222222222224,0.5,add_b2,5242.810316171368,3398.870734646026,2140.2125076293723,3349.7355438598829,0.014668379083300653,1,Add $b_2$
0.22548611111111111,0.5,add_b2,5200.0523094482705,3369.4714023452893,2119.499041569255,3319.8653415440813,0.014942190630580221,1,Add $b_2$
0.22750000000000001,0.5,add_b2,5156.9890628773828,3339.879339017305,2098.6687779584872,3289.8042395458974,0.015221300668735172,1,Add $b_2$
0.22951388888888891,0.5,add_b2,5113.2039786444748,3309.7990154664144,2077.5121620069049,3259.2550456286772,0.015507828976295324,1,Add $b_2$
0.23152777777777778,0.5,add_b2,5068.471788424481,3279.0705184466283,2055.9157310822438,3228.0568276237714,0.015803219567360971,1,Add $b_2$
0.23354166666666668,0.5,add_b2,5022.7453911124285,3247.6601880998173,2033.8554582896793,3196.1755473242301,0.016108201822233825,1,Add $b_2$
0.23555555555555557,0.5,add_b2,4975.9870772259901,3215.5409948641604,2011.3119966297065,3163.5838069346328,0.016423521898056404,1,Add $b_2$
0.23756944444444444,0.5,add_b2,4928.1621609271888,3182.6880256800123,1988.2674806201353,3130.2563096005706,0.016749975367394754,1,Add $b_2$
0.23958333333333334,0.5,add_b2,4879.2390564865809,3149.0785375131418,1964.7055637611711,3096.1699115520119,0.017088411641662304,1,Add $b_2$
0.24159722222222221,0.5,add_b2,4829.1960738798152,3114.6967464397121,1940.6147927816533,3061.3084356552918,0.017439703285889951,1,Add $b_2$
0.24361111111111111,0.5,add_b2,4778.2085312904883,3079.6657007671056,1916.0815273544461,3025.795283996114,0.017803721572282383,1,Add $b_2$
0.24562500000000001,0.5,add_b2,4726.674405836292,3044.2653538707896,1891.3026709125197,2989.9116923902666,0.018179019005430952,1,Add $b_2$
0.24763888888888888,0.5,add_b2,4675.0085353607683,3008.7875172892777,1866.4834654690183,2953.9509359800491,0.018563809114532592,1,Add $b_2$
0.24965277777777778,0.5,add_b2,4623.6311007974873,2973.5277426330017,1841.8317710236652,2918.2101807344061,0.018955989621239011,1,Add $b_2$
0.25166666666666665,0.5,add_b2,4572.9677396555271,2938.7854010217911,1817.5581211673357,2882.9905745678634,0.019353107480169607,1,Add $b_2$
0.25368055555555552,0.5,add_b2,4523.449655931443,2904.8637599718541,1793.8757768666853,2848.597333013453,0.019752327331879593,1,Add $b_2$
0.25569444444444445,0.5,add_b2,4475.4743976477766,2872.0419912837956,1770.9807533187538,2815.3115316435328,0.020150686345942193,1,Add $b_2$
0.25770833333333332,0.5,add_b2,4429.3068557527185,2840.5045434696308,1749.0014439852525,2783.3188977487439,0.020545847537319917,1,Add $b_2$
0.25972222222222219,0.5,add_b2,4385.1834338150165,2810.4155195710255,1728.0517150773935,2752.7847270960024,0.020935451983497222,1,Add $b_2$
0.26173611111111111,0.5,add_b2,4343.3413491887786,2781.9395922651674,1708.2458315412919,2723.8749521064033,0.021316925769247375,1,Add $b_2$
0.26374999999999998,0.5,add_b2,4304.0186470972021,2755.242013723097,1689.6984639586019,2696.7561433784335,0.021687489426238438,1,Add $b_2$
0.26576388888888891,0.5,add_b2,4267.4542147163029,2730.4886254680364,1672.5246954471545,2671.5955084561474,0.022044174286668827,1,Add $b_2$
0.26777777777777778,0.5,add_b2,4233.885399766179,2707.8441817385578,1656.8388412636141,2648.5591894068612,0.022383865374355993,1,Add $b_2$
0.26979166666666665,0.5,add_b2,4203.359378864624,2687.3395488557712,1642.6609577345735,2627.678508301266,0.02270484778332893,1,Add $b_2$
0.27180555555555558,0.5,add_b2,4175.5953130942544,2668.7746679519282,1629.848534072152,2608.7521729603254,0.023008124579151357,1,Add $b_2$
0.27381944444444445,0.5,add_b2,4150.2771862959262,2651.9247272737457,1618.2416423499044,2591.5538524520111,0.023295242259625093,1,Add $b_2$
0.27583333333333332,0.5,add_b2,4127.0856737204667,2636.5625991129609,1607.6787335135259,2575.8547841500572,0.023568026946416243,1,Add $b_2$
0.27784722222222225,0.5,add_b2,4105.6980798736095,2622.4587962990331,1597.9966069266172,2561.4237448542472,0.023828564706406707,1,Add $b_2$
0.27986111111111112,0.5,add_b2,4085.7882763608868,2609.3814286918073,1589.0303799164183,2548.0270204697176,0.024079182728124815,1,Add $b_2$
0.28187499999999999,0.5,add_b2,4067.0266575257638,2597.0961754131281,1580.6134706417483,2535.4283899065867,0.024322432355825097,1,Add $b_2$
0.28388888888888891,0.5,add_b2,4049.0848926261051,2585.3704703486565,1572.5811308956668,2523.393449214474,0.024560982019460997,1,Add $b_2$
0.28590277777777778,0.5,add_b2,4031.6433111095939,2573.9798221755336,1564.7756775911373,2511.6961189497611,0.024797467637851067,1,Add $b_2$
0.28791666666666665,0.5,add_b2,4014.3824102269818,2562.7001436937953,1557.0399117458041,2500.1107242947719,0.025034658981625046,1,Add $b_2$
0.28993055555555558,0.5,add_b2,3996.9813327552711,2551.3063995962202,1549.2159707192823,2488.4106002368876,0.025275490850804605,1,Add $b_2$
0.29194444444444445,0.5,add_b2,3979.1178459665543,2539.572591746919,1541.1453179084606,2476.3680739577781,0.025523070844685192,1,Add $b_2$
0.29395833333333332,0.5,add_b2,3960.468320596859,2527.2717444599284,1532.6687324427962,2463.7544440972679,0.02578069438487951,1,Add $b_2$
0.29597222222222225,0.5,add_b2,3940.7077098149698,2514.1758897777954,1523.6262988796072,2450.3399565920881,0.026051868033238001,1,Add $b_2$
0.29798611111111112,0.5,add_b2,3919.5359673406174,2500.0747580599405,1513.8706297263025,2435.91263864549,0.026340074104680644,1,Add $b_2$
0.29999999999999999,0.5,add_b2,3896.9349042434355,2484.9574953813835,1503.3954155525867,2420.4615406460066,0.026646139032708405,1,Add $b_2$
0.01,0.5,add_bK2_btd,48904.296110726107,34220.56296954368,23947.704226213078,34222.004889410142,-4.2134289651385437e-05,1,"Add $b_{K^2},b_{\rm td}$"
0.01201388888888889,0.5,add_bK2_btd,52109.729283799228,36457.499135338134,25509.59858403703,36459.543008004883,-5.6058647424639396e-05,1,"Add $b_{K^2},b_{\rm td}$"
0.014027777777777778,0.5,add_bK2_btd,53970.291475220365,37751.800539910175,26410.900291759543,37754.522733961887,-7.2102462290279945e-05,1,"Add $b_{K^2},b_{\rm td}$"
0.016041666666666666,0.5,add_bK2_btd,54734.206592543975,38277.445349479371,26773.527989550559,38280.90662708132,-9.0417858585989386e-05,1,"Add $b_{K^2},b_{\rm td}$"
0.018055555555555554,0.5,add_bK2_btd,54613.364951093004,38183.000593514305,26701.628478683313,38187.246312019277,-0.00011118158325118532,1,"Add $b_{K^2},b_{\rm td}$"
0.020069444444444445,0.5,add_bK2_btd,53793.372110352531,37598.634197525404,26286.470542009039,37603.695181911477,-0.00013458742183691808,1,"Add $b_{K^2},b_{\rm td}$"
0.022083333333333333,0.5,add_bK2_btd,52435.594450721066,36637.535064160213,25607.431490220752,36643.429050047147,-0.0001608470069458523,1,"Add $b_{K^2},b_{\rm td}$"
0.024097222222222221,0.5,add_bK2_btd,50687.722646285314,35403.28248886588,24737.138736979967,35410.015918701887,-0.00019015608045658272,1,"Add $b_{K^2},b_{\rm td}$"
0.026111111111111113,0.5,add_bK2_btd,48676.988328859159,33985.095788539817,23738.143152264725,33992.665637922219,-0.00022269066695246309,1,"Add $b_{K^2},b_{\rm td}$"
0.028124999999999997,0.5,add_bK2_btd,46506.271746857732,32455.116978181177,22661.022046956376,32463.512585320885,-0.00025861671985261125,1,"Add $b_{K^2},b_{\rm td}$"
0.030138888888888889,0.5,add_bK2_btd,44275.956177732907,30883.679214547436,21555.046265668116,30892.884032859845,-0.00029795917735031541,1,"Add $b_{K^2},b_{\rm td}$"
0.03215277777777778,0.5,add_bK2_btd,42063.315072115583,29324.900249549457,20458.111058303301,29334.893407437903,-0.00034065771944857826,1,"Add $b_{K^2},b_{\rm td}$"
0.034166666666666665,0.5,add_bK2_btd,39917.065630414763,27812.893492568397,19394.099886756685,27823.651054857739,-0.00038663374077441137,1,"Add $b_{K^2},b_{\rm td}$"
0.036180555555555556,0.5,add_bK2_btd,37879.807286536146,26377.451659982409,18383.846290219182,26388.947585282844,-0.00043563409504232542,1,"Add $b_{K^2},b_{\rm td}$"
0.038194444444444448,0.5,add_bK2_btd,35988.892236594205,25044.658528227057,17445.563488837332,25056.865414620985,-0.00048716733685305602,1,"Add $b_{K^2},b_{\rm td}$"
0.040208333333333332,0.5,add_bK2_btd,34262.505689406615,23827.180727456442,16588.073312838806,23840.070391201316,-0.00054067221838538515,1,"Add $b_{K^2},b_{\rm td}$"
0.042222222222222223,0.5,add_bK2_btd,32705.243546433205,22728.174245380073,15813.541961544148,22741.718078985203,-0.0005955501496452964,1,"Add $b_{K^2},b_{\rm td}$"
0.044236111111111115,0.5,add_bK2_btd,31314.014335927033,21745.413505967786,15120.368475031022,21759.582606098411,-0.00065116598912395851,1,"Add $b_{K^2},b_{\rm td}$"
0.046249999999999999,0.5,add_bK2_btd,30081.161759274612,20873.479436600177,14504.717739502043,20888.244555121932,-0.00070686258401420066,1,"Add $b_{K^2},b_{\rm td}$"
0.048263888888888891,0.5,add_bK2_btd,28997.189783347058,20105.666751103527,13961.855235731033,20120.998136228493,-0.00076195947244594997,1,"Add $b_{K^2},b_{\rm td}$"
0.050277777777777775,0.5,add_bK2_btd,28048.505543169787,19432.419344374572,13485.062505860675,19448.286568374711,-0.0008158674515801323,1,"Add $b_{K^2},b_{\rm td}$"
0.052291666666666667,0.5,add_bK2_btd,27215.19819139782,18839.790022938225,13064.569137412806,18856.16181411023,-0.00086824621751779851,1,"Add $b_{K^2},b_{\rm td}$"
0.054305555555555558,0.5,add_bK2_btd,26478.574323429497,18314.694809732639,12691.216455983833,18331.538892970755,-0.0009188581131382989,1,"Add $b_{K^2},b_{\rm td}$"
0.056319444444444443,0.5,add_bK2_btd,25819.030359128556,17843.43335879521,12355.428676363281,17860.716337680049,-0.00096765317572278242,1,"Add $b_{K^2},b_{\rm td}$"
0.058333333333333334,0.5,add_bK2_btd,25216.95460081871,17412.317661106532,12047.651122041867,17430.004916552156,-0.0010147590623355018,1,"Add $b_{K^2},b_{\rm td}$"
0.060347222222222226,0.5,add_bK2_btd,24654.466589663272,17008.884722730407,11759.195721832783,17026.940360653101,-0.0010604158786166051,1,"Add $b_{K^2},b_{\rm td}$"
0.06236111111111111,0.5,add_bK2_btd,24115.313642168287,16621.825987615615,11482.192963884923,16640.212877964717,-0.0011049672551635137,1,"Add $b_{K^2},b_{\rm td}$"
0.064375000000000002,0.5,add_bK2_btd,23585.172015414999,16241.193333271216,11209.732793137002,16259.873190556396,-0.0011488316708416768,1,"Add $b_{K^2},b_{\rm td}$"
0.066388888888888886,0.5,add_bK2_btd,23052.483535382897,15858.982498648003,10936.271541168104,15877.916098822738,-0.001192448685135572,1,"Add $b_{K^2},b_{\rm td}$"
0.068402777777777771,0.5,add_bK2_btd,22508.631458208536,15469.249453616494,10657.708797874297,15488.396931905485,-0.0012362466156551344,1,"Add $b_{K^2},b_{\rm td}$"
0.070416666666666669,0.5,add_bK2_btd,21947.650610907283,15067.90488239053,10371.241733737543,15087.226052967189,-0.0012806310788230357,1,"Add $b_{K^2},b_{\rm td}$"
0.072430555555555554,0.5,add_bK2_btd,21366.954859456713,14653.214504050995,10075.709280150752,14672.669333355474,-0.0013259229702841102,1,"Add $b_{K^2},b_{\rm td}$"
0.074444444444444438,0.5,add_bK2_btd,20766.075091506827,14224.916246847413,9770.9744334499665,14244.46519888393,-0.0013723893290180644,1,"Add $b_{K^2},b_{\rm td}$"
0.076458333333333323,0.5,add_bK2_btd,20147.596833179268,13784.864628003916,9458.3671782636429,13804.469153423875,-0.0014201578635204548,1,"Add $b_{K^2},b_{\rm td}$"
0.078472222222222221,0.5,add_bK2_btd,19515.486974302523,13335.867163316278,9139.87511819256,13355.490025298159,-0.001469273081310507,1,"Add $b_{K^2},b_{\rm td}$"
0.080486111111111105,0.5,add_bK2_btd,18875.727448300313,12882.114677766893,8818.4356161288179,12901.72031980355,-0.0015196145591966914,1,"Add $b_{K^2},b_{\rm td}$"
0.08249999999999999,0.5,add_bK2_btd,18234.887509773685,12428.196113809943,8497.2558161814322,12447.750959504236,-0.0015709541231914148,1,"Add $b_{K^2},b_{\rm td}$"
0.084513888888888888,0.5,add_bK2_btd,17600.24276141181,11979.168473837839,8179.8524027926887,11998.641091459858,-0.0016229019164410996,1,"Add $b_{K^2},b_{\rm td}$"
0.086527777777777773,0.5,add_bK2_btd,16979.06340427286,11540.075973372233,7869.7269178863917,11559.437370093143,-0.0016749428281865875,1,"Add $b_{K^2},b_{\rm td}$"
0.088541666666666657,0.5,add_bK2_btd,16377.907898768661,11115.447077777215,7570.0077823396668,11134.670639588809,-0.0017264598508415219,1,"Add $b_{K^2},b_{\rm td}$"
0.090555555555555542,0.5,add_bK2_btd,15802.963406207136,10709.544231682223,7283.6329801387656,10728.605941564652,-0.0017767182415173721,1,"Add $b_{K^2},b_{\rm td}$"
0.09256944444444444,0.5,add_bK2_btd,15258.97622782486,10325.616244162318,7012.8274069679619,10344.494511224935,-0.0018249579080090728,1,"Add $b_{K^2},b_{\rm td}$"
0.094583333333333325,0.5,add_bK2_btd,14749.722500314754,9966.2295198556349,6759.3359585522276,9984.9050909382404,-0.0018703804305114646,1,"Add $b_{K^2},b_{\rm td}$"
0.096597222222222209,0.5,add_bK2_btd,14277.910325665811,9633.2059057084261,6524.384382001932,9651.6617810819571,-0.0019121966550574854,1,"Add $b_{K^2},b_{\rm td}$"
0.098611111111111108,0.5,add_bK2_btd,13844.405962954717,9327.083516899509,6308.3035169242958,9345.3044266002871,-0.0019497395557189767,1,"Add $b_{K^2},b_{\rm td}$"
0.10062499999999999,0.5,add_bK2_btd,13449.663228121954,9048.1141576882801,6111.2254039086947,9066.0864541275751,-0.0019823654374168109,1,"Add $b_{K^2},b_{\rm td}$"
0.10263888888888888,0.5,add_bK2_btd,13092.468071247504,8795.3965478527043,5932.4846901995224,8813.1076465456772,-0.0020096314947333216,1,"Add $b_{K^2},b_{\rm td}$"
0.10465277777777778,0.5,add_bK2_btd,12770.817576620249,8567.4840604490291,5771.0389252634686,8584.921976472142,-0.0020312259180575998,1,"Add $b_{K^2},b_{\rm td}$"
0.10666666666666666,0.5,add_bK2_btd,12482.302240046693,8362.6531597004796,5625.6570560790014,8379.8061834883392,-0.002046947556097245,1,"Add $b_{K^2},b_{\rm td}$"
0.10868055555555554,0.5,add_bK2_btd,12223.461692542269,8178.4648233391617,5494.6208585987524,8195.3210785255724,-0.0020568144951123024,1,"Add $b_{K^2},b_{\rm td}$"
0.11069444444444444,0.5,add_bK2_btd,11990.673139323886,8012.3698714785551,5376.1374049535953,8028.9168867843873,-0.0020609274624661111,1,"Add $b_{K^2},b_{\rm td}$"
0.11270833333333333,0.5,add_bK2_btd,11780.13044110084,7861.7042454110306,5268.3425473783273,7877.9288151466681,-0.0020594968698426364,1,"Add $b_{K^2},b_{\rm td}$"
0.11472222222222221,0.5,add_bK2_btd,11587.763967495239,7723.63865895659,5169.2696043188052,7739.5268627477362,-0.0020528649971640611,1,"Add $b_{K^2},b_{\rm td}$"
0.11673611111111111,0.5,add_bK2_btd,11409.514896126542,7595.3532397541276,5076.9597477845919,7610.8900839115495,-0.0020413964708628773,1,"Add $b_{K^2},b_{\rm td}$"
0.11874999999999999,0.5,add_bK2_btd,11241.644573661852,7474.2640319348357,4989.6273968942814,7489.4337403365225,-0.0020254813551505713,1,"Add $b_{K^2},b_{\rm td}$"
0.12076388888888888,0.5,add_bK2_btd,11080.787865641061,7358.0624488253998,4905.6892828843902,7372.8489933261726,-0.0020055401262331074,1,"Add $b_{K^2},b_{\rm td}$"
0.12277777777777778,0.5,add_bK2_btd,10923.636874303751,7244.4808147322356,4823.591355961762,7258.8677080214602,-0.0019819748572255103,1,"Add $b_{K^2},b_{\rm td}$"
0.12479166666666666,0.5,add_bK2_btd,10767.516822943537,7131.6970592205007,4742.0931822207103,7145.667786535234,-0.001955132498751011,1,"Add $b_{K^2},b_{\rm td}$"
0.12680555555555556,0.5,add_bK2_btd,10610.667808126427,7018.5330846087418,4660.4075985337149,7032.0720188653841,-0.0019253122294994318,1,"Add $b_{K^2},b_{\rm td}$"
0.12881944444444443,0.5,add_bK2_btd,10451.420699203369,6903.8746150905181,4577.7923135316869,6916.9670623980237,-0.0018928017423530674,1,"Add $b_{K^2},b_{\rm td}$"
0.13083333333333333,0.5,add_bK2_btd,10288.539159899714,6786.9053914523665,4493.7102559477189,6799.5377741109041,-0.0018578296169829978,1,"Add $b_{K^2},b_{\rm td}$"
0.13284722222222223,0.5,add_bK2_btd,10122.016693809985,6667.6555094059286,4408.206824410966,6679.8160952570315,-0.0018204971031668959,1,"Add $b_{K^2},b_{\rm td}$"
0.1348611111111111,0.5,add_bK2_btd,9952.0744118928869,6546.311730288935,4321.4352574181421,6557.9909460140952,-0.0017809136702542361,1,"Add $b_{K^2},b_{\rm td}$"
0.136875,0.5,add_bK2_btd,9778.997311957035,6423.1034830875606,4233.5772448633306,6434.2940947302823,-0.0017392135761850058,1,"Add $b_{K^2},b_{\rm td}$"
0.1388888888888889,0.5,add_bK2_btd,9603.733805583759,6298.7018080278749,4145.1078953485658,6309.3987686903392,-0.0016954009493815869,1,"Add $b_{K^2},b_{\rm td}$"
0.14090277777777779,0.5,add_bK2_btd,9427.6368493864793,6174.0467321802234,4056.6808188871141,6184.2472116127019,-0.0016494294428146539,1,"Add $b_{K^2},b_{\rm td}$"
0.14291666666666666,0.5,add_bK2_btd,9252.0544277532244,6050.0745851423744,3968.946887665536,6059.7782653776449,-0.0016013259578674388,1,"Add $b_{K^2},b_{\rm td}$"
0.14493055555555556,0.5,add_bK2_btd,9078.30653857371,5927.6956807705492,3882.5343210596479,5936.9046407292617,-0.0015511382641276716,1,"Add $b_{K^2},b_{\rm td}$"
0.14694444444444446,0.5,add_bK2_btd,8907.6466419069093,5807.7530462613395,3798.009920651542,5816.4706064434667,-0.0014987714667499263,1,"Add $b_{K^2},b_{\rm td}$"
0.14895833333333333,0.5,add_bK2_btd,8741.3002793495452,5691.0660013853685,3715.9210138708618,5699.2965703313084,-0.001444137683374036,1,"Add $b_{K^2},b_{\rm td}$"
0.15097222222222223,0.5,add_bK2_btd,8580.471824133474,5578.4390292935896,3636.8045293370747,5586.1882168306656,-0.0013872048767938905,1,"Add $b_{K^2},b_{\rm td}$"
0.15298611111111113,0.5,add_bK2_btd,8426.0644940045804,5470.4639307504722,3561.047202218253,5477.7379813282023,-0.0013279296312683764,1,"Add $b_{K^2},b_{\rm td}$"
0.155,0.5,add_bK2_btd,8278.4486012171674,5367.3560431259139,3488.7698347511619,5374.1605631451321,-0.0012661549537396066,1,"Add $b_{K^2},b_{\rm td}$"
0.1570138888888889,0.5,add_bK2_btd,8137.9258031867103,5269.2822792865973,3420.0590748998716,5275.6219532914347,-0.0012016922480356795,1,"Add $b_{K^2},b_{\rm td}$"
0.1590277777777778,0.5,add_bK2_btd,8004.7815797552503,5176.3982900725387,3354.9937299461667,5182.2767206766794,-0.0011343335991084169,1,"Add $b_{K^2},b_{\rm td}$"
0.16104166666666667,0.5,add_bK2_btd,7879.0298603141673,5088.6760104717478,3293.5283767099627,5094.0954472693029,-0.0010638663632539513,1,"Add $b_{K^2},b_{\rm td}$"
0.16305555555555556,0.5,add_bK2_btd,7760.1991182241036,5005.759356339182,3235.396075664255,5010.7202848967208,-0.00099006296010817341,1,"Add $b_{K^2},b_{\rm td}$"
0.16506944444444446,0.5,add_bK2_btd,7647.7637756830754,4927.2556872071837,3180.3051758249494,4931.7565551526814,-0.00091262978923711824,1,"Add $b_{K^2},b_{\rm td}$"
0.16708333333333333,0.5,add_bK2_btd,7541.196339160243,4852.7710222000542,3127.9630883374739,4856.8079837274736,-0.00083119644444351604,1,"Add $b_{K^2},b_{\rm td}$"
0.16909722222222223,0.5,add_bK2_btd,7439.9326381604878,4781.8913255468997,3078.0670520678686,4785.4583399217017,-0.00074538615142560882,1,"Add $b_{K^2},b_{\rm td}$"
0.1711111111111111,0.5,add_bK2_btd,7343.2898398313519,4714.1389593473914,3030.2831749163365,4717.2288104537629,-0.00065501404119383544,1,"Add $b_{K^2},b_{\rm td}$"
0.173125,0.5,add_bK2_btd,7250.5667639975636,4649.02765305919,2984.2744189608861,4651.6320702271742,-0.00055989320063676296,1,"Add $b_{K^2},b_{\rm td}$"
0.1751388888888889,0.5,add_bK2_btd,7161.0709527704112,4586.0772416317741,2939.7080200468904,4588.1867564413724,-0.00045977091203552867,1,"Add $b_{K^2},b_{\rm td}$"
0.17715277777777777,0.5,add_bK2_btd,7074.1319081646579,4524.8236441454783,2896.2629629479043,4526.4275362171975,-0.00035433950038654682,1,"Add $b_{K^2},b_{\rm td}$"
0.17916666666666667,0.5,add_bK2_btd,6989.2802647526778,4464.9541130672906,2853.7314184196589,4466.0417243533666,-0.00024352913680703026,1,"Add $b_{K^2},b_{\rm td}$"
0.18118055555555557,0.5,add_bK2_btd,6906.2042112282643,4406.2742431199085,2811.9939387234249,4406.8360965164193,-0.00012749586873783691,1,"Add $b_{K^2},b_{\rm td}$"
0.18319444444444444,0.5,add_bK2_btd,6824.6076853217874,4348.6008569448122,2770.9390757458905,4348.6287622529762,-6.4170361945281584e-06,1,"Add $b_{K^2},b_{\rm td}$"
0.18520833333333334,0.5,add_bK2_btd,6744.2070357646608,4291.7594646991702,2730.4614625043178,4291.2466028306844,0.00011951349245409304,1,"Add $b_{K^2},b_{\rm td}$"
0.18722222222222223,0.5,add_bK2_btd,6664.7893353557438,4235.6250747538961,2690.4903714441698,4234.5662746588832,0.0002500374362657265,1,"Add $b_{K^2},b_{\rm td}$"
0.1892361111111111,0.5,add_bK2_btd,6586.4487943298964,4180.2876484493245,2651.1054951030287,4178.6804845384759,0.00038461038521497848,1,"Add $b_{K^2},b_{\rm td}$"
0.19125,0.5,add_bK2_btd,6509.3819798427094,4125.9087831430033,2612.4366562318355,4123.7541262247987,0.00052249888142030798,1,"Add $b_{K^2},b_{\rm td}$"
0.1932638888888889,0.5,add_bK2_btd,6433.7934026235871,4072.6556365629863,2574.6175697463427,4069.957927855372,0.00066283454409954423,1,"Add $b_{K^2},b_{\rm td}$"
0.19527777777777777,0.5,add_bK2_btd,6359.8956819764599,4020.7010423092588,2537.7859235810179,4017.46857326396,0.00080460344277755169,1,"Add $b_{K^2},b_{\rm td}$"
0.19729166666666667,0.5,add_bK2_btd,6287.9055464945877,3970.2164830930597,2502.07552090031,3966.4612119138887,0.00094675605748806291,1,"Add $b_{K^2},b_{\rm td}$"
0.19930555555555557,0.5,add_bK2_btd,6218.0265899017668,3921.3465307940373,2467.5890097207389,3917.0823421767541,0.0010886134742098541,1,"Add $b_{K^2},b_{\rm td}$"
0.20131944444444444,0.5,add_bK2_btd,6150.4550654717577,3874.2259785565193,2434.4189666341094,3869.4682405745725,0.0012295586075776743,1,"Add $b_{K^2},b_{\rm td}$"
0.20333333333333334,0.5,add_bK2_btd,6085.3833257874403,3828.986889085847,2402.6560569565386,3823.7524902385508,0.001368916754067806,1,"Add $b_{K^2},b_{\rm td}$"
0.20534722222222224,0.5,add_bK2_btd,6022.9997127196884,3785.7585176528783,2372.3889808450181,3780.0658922945904,0.0015059592929032029,1,"Add $b_{K^2},b_{\rm td}$"
0.20736111111111111,0.5,add_bK2_btd,5963.4553543084685,3744.6428513865635,2343.6865091695772,3738.5117175057562,0.0016399932229977932,1,"Add $b_{K^2},b_{\rm td}$"
0.20937500000000001,0.5,add_bK2_btd,5906.6397352360345,3705.5492800842389,2316.4760696549533,3698.9984588733396,0.0017709715977807239,1,"Add $b_{K^2},b_{\rm td}$"
0.2113888888888889,0.5,add_bK2_btd,5852.3150666447827,3668.2936888823319,2290.6165885866662,3661.3399150163891,0.0018992429076096773,1,"Add $b_{K^2},b_{\rm td}$"
0.21340277777777777,0.5,add_bK2_btd,5800.2347511938688,3632.6857721571787,2265.9626415755156,3625.3434676694237,0.0020252714131041571,1,"Add $b_{K^2},b_{\rm td}$"
0.21541666666666667,0.5,add_bK2_btd,5750.1438630566154,3598.5293944847017,2242.3647234702262,3590.8104591299393,0.002149635978456077,1,"Add $b_{K^2},b_{\rm td}$"
0.21743055555555557,0.5,add_bK2_btd,5701.7784254468843,3565.6221156108768,2219.6689375648584,3557.5357285404621,0.0022730304591296324,1,"Add $b_{K^2},b_{\rm td}$"
0.21944444444444444,0.5,add_bK2_btd,5654.827808441195,3533.7310814591137,2197.7016851369699,3525.2836203305133,0.0023962500718761603,1,"Add $b_{K^2},b_{\rm td}$"
0.22145833333333334,0.5,add_bK2_btd,5608.9121721935226,3502.5787209376986,2176.2607052657527,3493.7737705283012,0.0025201833283172714,1,"Add $b_{K^2},b_{\rm td}$"
0.22347222222222224,0.5,add_bK2_btd,5563.642115847435,3471.8811226408934,2155.1395482028411,3462.7193296468226,0.0026458375981068816,1,"Add $b_{K^2},b_{\rm td}$"
0.22548611111111111,0.5,add_bK2_btd,5518.6247237723128,3441.3519148834162,2134.1300420480193,3431.8308253454807,0.0027743469950844979,1,"Add $b_{K^2},b_{\rm td}$"
0.22750000000000001,0.5,add_bK2_btd,5473.4634969593662,3410.7022176790356,2113.0222591352035,3400.8161084714875,0.0029069814104096814,1,"Add $b_{K^2},b_{\rm td}$"
0.22951388888888891,0.5,add_bK2_btd,5427.7671906481328,3379.6471891817268,2091.6093491693082,3369.3869770440538,0.0030451272613021274,1,"Add $b_{K^2},b_{\rm td}$"
0.23152777777777778,0.5,add_bK2_btd,5381.3162296774699,3348.0292072709171,2069.7784230978759,3337.3840384428099,0.0031896745191704046,1,"Add $b_{K^2},b_{\rm td}$"
0.23354166666666668,0.5,add_bK2_btd,5334.0512833236862,3315.8092488628336,2047.5040849739325,3304.7680390710775,0.0033409938795159189,1,"Add $b_{K^2},b_{\rm td}$"
0.23555555555555557,0.5,add_bK2_btd,5285.9217567848218,3282.9546411374536,2024.7655476751161,3271.5061150553015,0.003499466508549931,1,"Add $b_{K^2},b_{\rm td}$"
0.23756944444444444,0.5,add_bK2_btd,5236.8800789041206,3249.4348277774229,2001.5435055965108,3237.5674991447336,0.0036655077109046807,1,"Add $b_{K^2},b_{\rm td}$"
0.23958333333333334,0.5,add_bK2_btd,5186.8817786341688,3215.2214224912695,1977.8201721157234,3202.9235726383081,0.0038395701845710395,1,"Add $b_{K^2},b_{\rm td}$"
0.24159722222222221,0.5,add_bK2_btd,5135.8919982519265,3180.2928782791651,1953.5826234734827,3167.5525826450721,0.0040221260110713253,1,"Add $b_{K^2},b_{\rm td}$"
0.24361111111111111,0.5,add_bK2_btd,5084.0647550036983,3144.7630293032189,1928.9148742543357,3131.5695948835082,0.0042130420608459396,1,"Add $b_{K^2},b_{\rm td}$"
0.24562500000000001,0.5,add_bK2_btd,5031.7675617408886,3108.8987266397935,1904.0104974329345,3095.2444585520502,0.0044113698515853006,1,"Add $b_{K^2},b_{\rm td}$"
0.24763888888888888,0.5,add_bK2_btd,4979.3843027235971,3072.9784719030317,1879.071351945903,3058.8590019118301,0.0046159270441614719,1,"Add $b_{K^2},b_{\rm td}$"
0.24965277777777778,0.5,add_bK2_btd,4927.3042053032186,3037.2845067797289,1854.3019147166415,3022.6990624746486,0.0048253048032969037,1,"Add $b_{K^2},b_{\rm td}$"
0.25166666666666665,0.5,add_bK2_btd,4875.9219534078711,3002.1028924667758,1829.9093362598892,2987.0545869494285,0.0050378408158637811,1,"Add $b_{K^2},b_{\rm td}$"
0.25368055555555552,0.5,add_bK2_btd,4825.6377978862538,2967.7235867438249,1806.1034945135482,2952.219722517114,0.0052515956412255704,1,"Add $b_{K^2},b_{\rm td}$"
0.25569444444444445,0.5,add_bK2_btd,4776.8230596700669,2934.4144836040837,1783.0775381011449,2918.4663611529395,0.0054645558583186205,1,"Add $b_{K^2},b_{\rm td}$"
0.25770833333333332,0.5,add_bK2_btd,4729.7328182055844,2902.3558114985221,1760.9587877775689,2885.9772296501387,0.0056752290628325763,1,"Add $b_{K^2},b_{\rm td}$"
0.25972222222222219,0.5,add_bK2_btd,4684.597227350243,2871.7089847701109,1739.8604262734268,2854.9159933169499,0.0058821315556996101,1,"Add $b_{K^2},b_{\rm td}$"
0.26173611111111111,0.5,add_bK2_btd,4641.6472547469821,2842.6359873974234,1719.8960350542513,2825.4469928773724,0.006083637230987593,1,"Add $b_{K^2},b_{\rm td}$"
0.26374999999999998,0.5,add_bK2_btd,4601.1146959079724,2815.2993828529661,1701.1796012211353,2797.7352382878244,0.0062779866817885832,1,"Add $b_{K^2},b_{\rm td}$"
0.26576388888888891,0.5,add_bK2_btd,4563.2321882983306,2789.8623239615035,1683.8255244113682,2771.9463978353319,0.0064633017940616266,1,"Add $b_{K^2},b_{\rm td}$"
0.26777777777777778,0.5,add_bK2_btd,4528.2309451712345,2766.4869256464158,1667.9474489435927,2748.2451224783049,0.006637618682157731,1,"Add $b_{K^2},b_{\rm td}$"
0.26979166666666665,0.5,add_bK2_btd,4496.161181627268,2745.2053456182311,1653.5657585391668,2726.664294483619,0.0067999024200093849,1,"Add $b_{K^2},b_{\rm td}$"
0.27180555555555558,0.5,add_bK2_btd,4466.7607928954285,2725.8255421540835,1640.5399780336118,2707.0093559236298,0.0069509128918521235,1,"Add $b_{K^2},b_{\rm td}$"
0.27381944444444445,0.5,add_bK2_btd,4439.7340359286782,2708.1313801083315,1628.7123826163165,2689.0611372447729,0.0070917847866776018,1,"Add $b_{K^2},b_{\rm td}$"
0.27583333333333332,0.5,add_bK2_btd,4414.7818590892975,2691.9044083799777,1617.9236263487085,2672.5979635920271,0.0072238492474199223,1,"Add $b_{K^2},b_{\rm td}$"
0.27784722222222225,0.5,add_bK2_btd,4391.601839993843,2676.9238164053818,1608.0127117100235,2657.3956392451669,0.0073486148888848302,1,"Add $b_{K^2},b_{\rm td}$"
0.27986111111111112,0.5,add_bK2_btd,4369.8881233580787,2662.9663906509477,1598.8169591430444,2643.2274289554935,0.0074677500237860794,1,"Add $b_{K^2},b_{\rm td}$"
0.28187499999999999,0.5,add_bK2_btd,4349.3313659114729,2649.8064822475008,1590.1719887543068,2629.8640474144158,0.0075830668329381901,1,"Add $b_{K^2},b_{\rm td}$"
0.28388888888888891,0.5,add_bK2_btd,4329.6206833709248,2637.2189898975334,1581.914947647922,2617.0769336551948,0.0076963943945687063,1,"Add $b_{K^2},b_{\rm td}$"
0.28590277777777778,0.5,add_bK2_btd,4310.4472789586698,2624.9840693753649,1573.8893323241161,2604.6433517659502,0.0078094060730515835,1,"Add $b_{K^2},b_{\rm td}$"
0.28791666666666665,0.5,add_bK2_btd,4291.5015876222315,2612.8818792802413,1565.9390214548337,2592.3406019836634,0.0079238342680971741,1,"Add $b_{K^2},b_{\rm td}$"
0.28993055555555558,0.5,add_bK2_btd,4272.4726898351601,2600.6916301040192,1557.9072300539549,2579.9449788129714,0.0080415092032672941,1,"Add $b_{K^2},b_{\rm td}$"
0.29194444444444445,0.5,add_bK2_btd,4253.0482905658773,2588.1915695097623,1549.6364991726,2567.2317510899784,0.0081643655314269648,1,"Add $b_{K^2},b_{\rm td}$"
0.29395833333333332,0.5,add_bK2_btd,4232.9146982465318,2575.1589676103417,1540.9686855944256,2553.9751366820865,0.0082944546420977705,1,"Add $b_{K^2},b_{\rm td}$"
0.29597222222222225,0.5,add_bK2_btd,4211.7568037418314,2561.3701022470223,1531.7449515309181,2539.9482713645066,0.0084339634487939907,1,"Add $b_{K^2},b_{\rm td}$"
0.29798611111111112,0.5,add_bK2_btd,4189.2833139552258,2546.6184418464231,1521.8188581796653,2524.9416526792193,0.0085850653793138054,1,"Add $b_{K^2},b_{\rm td}$"
0.29999999999999999,0.5,add_bK2_btd,4165.4721310082605,2530.8914430312789,1511.1836662086484,2508.9426949268918,0.0087482062259802706,1,"Add $b_{K^2},b_{\rm td}$"
0.01,0.5,add_cross_eft_stochastic,48904.296110726107,34256.818581746244,23947.704226213078,34222.004889410142,0.0010172896780478169,1,Add cross EFT/stochastic
0.01201388888888889,0.5,add_cross_eft_stochastic,52109.729283799228,36493.894204300326,25509.59858403703,36459.543008004883,0.0009421729802785439,1,Add cross EFT/stochastic
0.014027777777777778,0.5,add_cross_eft_stochastic,53970.291475220365,37788.360044553177,26410.900291759543,37754.522733961887,0.00089624522152553787,1,Add cross EFT/stochastic
0.016041666666666666,0.5,add_cross_eft_stochastic,54734.206592543975,38314.18859653543,26773.527989550559,38280.90662708132,0.00086941434742726642,1,Add cross EFT/stochastic
0.018055555555555554,0.5,add_cross_eft_stochastic,54613.364951093004,38219.940683784218,26701.628478683313,38187.246312019277,0.00085615944909478436,1,Add cross EFT/stochastic
0.020069444444444445,0.5,add_cross_eft_stochastic,53793.372110352531,37635.778057777141,26286.470542009039,37603.695181911477,0.00085318412752943829,1,Add cross EFT/stochastic
0.022083333333333333,0.5,add_cross_eft_stochastic,52435.594450721066,36674.883868900935,25607.431490220752,36643.429050047147,0.00085840271146087055,1,Add cross EFT/stochastic
0.024097222222222221,0.5,add_cross_eft_stochastic,50687.722646285314,35440.832639216111,24737.138736979967,35410.015918701887,0.00087028259419530407,1,Add cross EFT/stochastic
0.026111111111111113,0.5,add_cross_eft_stochastic,48676.988328859159,34022.839982289792,23738.143152264725,33992.665637922219,0.00088767220226215748,1,Add cross EFT/stochastic
0.028124999999999997,0.5,add_cross_eft_stochastic,46506.271746857732,32493.045157964974,22661.022046956376,32463.512585320885,0.00090971587151789102,1,Add cross EFT/stochastic
0.030138888888888889,0.5,add_cross_eft_stochastic,44275.956177732907,30921.780426430443,21555.046265668116,30892.884032859845,0.0009353737753932112,1,Add cross EFT/stochastic
0.03215277777777778,0.5,add_cross_eft_stochastic,42063.315072115583,29363.163693997867,20458.111058303301,29334.893407437903,0.00096370851488414289,1,Add cross EFT/stochastic
0.034166666666666665,0.5,add_cross_eft_stochastic,39917.065630414763,27851.308808754369,19394.099886756685,27823.651054857739,0.0009940375489219111,1,Add cross EFT/stochastic
0.036180555555555556,0.5,add_cross_eft_stochastic,37879.807286536146,26416.010099104227,18383.846290219182,26388.947585282844,0.0010255245584889217,1,Add cross EFT/stochastic
0.038194444444444448,0.5,add_cross_eft_stochastic,35988.892236594205,25083.354182668441,17445.563488837332,25056.865414620985,0.0010571461198016774,1,Add cross EFT/stochastic
0.040208333333333332,0.5,add_cross_eft_stochastic,34262.505689406615,23866.010444690721,16588.073312838806,23840.070391201316,0.0010880862792661539,1,Add cross EFT/stochastic
0.042222222222222223,0.5,add_cross_eft_stochastic,32705.243546433205,22767.137373300135,15813.541961544148,22741.718078985203,0.0011177385203109402,1,Add cross EFT/stochastic
0.044236111111111115,0.5,add_cross_eft_stochastic,31314.014335927033,21784.511705755154,15120.368475031022,21759.582606098411,0.0011456607467166258,1,Add cross EFT/stochastic
0.046249999999999999,0.5,add_cross_eft_stochastic,30081.161759274612,20912.716497053509,14504.717739502043,20888.244555121932,0.0011715652728498949,1,Add cross EFT/stochastic
0.048263888888888891,0.5,add_cross_eft_stochastic,28997.189783347058,20145.048506937044,13961.855235731033,20120.998136228493,0.0011952871594997916,1,Add cross EFT/stochastic
0.050277777777777775,0.5,add_cross_eft_stochastic,28048.505543169787,19471.953113406278,13485.062505860675,19448.286568374711,0.0012168961490957031,1,Add cross EFT/stochastic
0.052291666666666667,0.5,add_cross_eft_stochastic,27215.19819139782,18879.483381161797,13064.569137412806,18856.16181411023,0.0012368141131517962,1,Add cross EFT/stochastic
0.054305555555555558,0.5,add_cross_eft_stochastic,26478.574323429497,18354.555190821935,12691.216455983833,18331.538892970755,0.0012555573203951731,1,Add cross EFT/stochastic
0.056319444444444443,0.5,add_cross_eft_stochastic,25819.030359128556,17883.467223032047,12355.428676363281,17860.716337680049,0.0012737946744050266,1,Add cross EFT/stochastic
0.058333333333333334,0.5,add_cross_eft_stochastic,25216.95460081871,17452.529677276794,12047.651122041867,17430.004916552156,0.0012922980132523687,1,Add cross EFT/stochastic
0.060347222222222226,0.5,add_cross_eft_stochastic,24654.466589663272,17049.277209104472,11759.195721832783,17026.940360653101,0.0013118533323219772,1,Add cross EFT/stochastic
0.06236111111111111,0.5,add_cross_eft_stochastic,24115.313642168287,16662.39834095207,11482.192963884923,16640.212877964717,0.0013332439404505347,1,Add cross EFT/stochastic
0.064375000000000002,0.5,add_cross_eft_stochastic,23585.172015414999,16281.941562408265,11209.732793137002,16259.873190556396,0.0013572290259118436,1,Add cross EFT/stochastic
0.066388888888888886,0.5,add_cross_eft_stochastic,23052.483535382897,15899.899032518873,10936.271541168104,15877.916098822738,0.0013844974088108586,1,Add cross EFT/stochastic
0.068402777777777771,0.5,add_cross_eft_stochastic,22508.631458208536,15510.323159404581,10657.708797874297,15488.396931905485,0.0014156550607202778,1,Add cross EFT/stochastic
0.070416666666666669,0.5,add_cross_eft_stochastic,21947.650610907283,15109.121188178284,10371.241733737543,15087.226052967189,0.0014512366378169883,1,Add cross EFT/stochastic
0.072430555555555554,0.5,add_cross_eft_stochastic,21366.954859456713,14694.555955799542,10075.709280150752,14672.669333355474,0.0014916592166576148,1,Add cross EFT/stochastic
0.074444444444444438,0.5,add_cross_eft_stochastic,20766.075091506827,14266.362928545252,9770.9744334499665,14244.46519888393,0.0015372798736619231,1,Add cross EFT/stochastic
0.076458333333333323,0.5,add_cross_eft_stochastic,20147.596833179268,13826.395137372321,9458.3671782636429,13804.469153423875,0.0015883250347954458,1,Add cross EFT/stochastic
0.078472222222222221,0.5,add_cross_eft_stochastic,19515.486974302523,13377.459255692707,9139.87511819256,13355.490025298159,0.0016449587662401566,1,Add cross EFT/stochastic
0.080486111111111105,0.5,add_cross_eft_stochastic,18875.727448300313,12923.746377870493,8818.4356161288179,12901.72031980355,0.0017072186902962194,1,Add cross EFT/stochastic
0.08249999999999999,0.5,add_cross_eft_stochastic,18234.887509773685,12469.846438428092,8497.2558161814322,12447.750959504236,0.001775057919759071,1,Add cross EFT/stochastic
0.084513888888888888,0.5,add_cross_eft_stochastic,17600.24276141181,12020.818395577076,8179.8524027926887,11998.641091459858,0.00184831798435936,1,Add cross EFT/stochastic
0.086527777777777773,0.5,add_cross_eft_stochastic,16979.06340427286,11581.709111640435,7869.7269178863917,11559.437370093143,0.001926715015119651,1,Add cross EFT/stochastic
0.088541666666666657,0.5,add_cross_eft_stochastic,16377.907898768661,11157.050182353905,7570.0077823396668,11134.670639588809,0.0020098971482396255,1,Add cross EFT/stochastic
0.090555555555555542,0.5,add_cross_eft_stochastic,15802.963406207136,10751.107740981404,7283.6329801387656,10728.605941564652,0.0020973647032347387,1,Add cross EFT/stochastic
0.09256944444444444,0.5,add_cross_eft_stochastic,15258.97622782486,10367.134301232907,7012.8274069679619,10344.494511224935,0.0021885835004702425,1,Add cross EFT/stochastic
0.094583333333333325,0.5,add_cross_eft_stochastic,14749.722500314754,10007.70010799693,6759.3359585522276,9984.9050909382404,0.0022829477948045351,1,Add cross EFT/stochastic
0.096597222222222209,0.5,add_cross_eft_stochastic,14277.910325665811,9674.6307875345938,6524.384382001932,9651.6617810819571,0.0023797981087212428,1,Add cross EFT/stochastic
0.098611111111111108,0.5,add_cross_eft_stochastic,13844.405962954717,9368.4675838962266,6308.3035169242958,9345.3044266002871,0.0024785877739850193,1,Add cross EFT/stochastic
0.10062499999999999,0.5,add_cross_eft_stochastic,13449.663228121954,9089.4654678728821,6111.2254039086947,9066.0864541275751,0.0025787327159960682,1,Add cross EFT/stochastic
0.10263888888888888,0.5,add_cross_eft_stochastic,13092.468071247504,8836.725356976538,5932.4846901995224,8813.1076465456772,0.0026798390962712304,1,Add cross EFT/stochastic
0.10465277777777778,0.5,add_cross_eft_stochastic,12770.817576620249,8608.8022936224752,5771.0389252634686,8584.921976472142,0.002781658029715306,1,Add cross EFT/stochastic
0.10666666666666666,0.5,add_cross_eft_stochastic,12482.302240046693,8403.9740080110714,5625.6570560790014,8379.8061834883392,0.0028840553102948974,1,Add cross EFT/stochastic
0.10868055555555554,0.5,add_cross_eft_stochastic,12223.461692542269,8219.8016072124265,5494.6208585987524,8195.3210785255724,0.0029871347873118292,1,Add cross EFT/stochastic
0.11069444444444444,0.5,add_cross_eft_stochastic,11990.673139323886,8053.7356105864992,5376.1374049535953,8028.9168867843873,0.0030911671090982917,1,Add cross EFT/stochastic
0.11270833333333333,0.5,add_cross_eft_stochastic,11780.13044110084,7903.1110102078392,5268.3425473783273,7877.9288151466681,0.0031965502166957371,1,Add cross EFT/stochastic
0.11472222222222221,0.5,add_cross_eft_stochastic,11587.763967495239,7765.096680159978,5169.2696043188052,7739.5268627477362,0.0033037959381361226,1,Add cross EFT/stochastic
0.11673611111111111,0.5,add_cross_eft_stochastic,11409.514896126542,7636.8704151007141,5076.9597477845919,7610.8900839115495,0.0034135733012468084,1,Add cross EFT/stochastic
0.11874999999999999,0.5,add_cross_eft_stochastic,11241.644573661852,7515.8455196545283,4989.6273968942814,7489.4337403365225,0.0035265388858114477,1,Add cross EFT/stochastic
0.12076388888888888,0.5,add_cross_eft_stochastic,11080.787865641061,7399.7102645321665,4905.6892828843902,7372.8489933261726,0.0036432688680194669,1,Add cross EFT/stochastic
0.12277777777777778,0.5,add_cross_eft_stochastic,10923.636874303751,7286.1933418558237,4823.591355961762,7258.8677080214602,0.0037644485246874915,1,Add cross EFT/stochastic
0.12479166666666666,0.5,add_cross_eft_stochastic,10767.516822943537,7173.4691035474689,4742.0931822207103,7145.667786535234,0.0038906534480405153,1,Add cross EFT/stochastic
0.12680555555555556,0.5,add_cross_eft_stochastic,10610.667808126427,7060.3562834717832,4660.4075985337149,7032.0720188653841,0.0040221807357090356,1,Add cross EFT/stochastic
0.12881944444444443,0.5,add_cross_eft_stochastic,10451.420699203369,6945.7371313422291,4577.7923135316869,6916.9670623980237,0.0041593473967231898,1,Add cross EFT/stochastic
0.13083333333333333,0.5,add_cross_eft_stochastic,10288.539159899714,6828.7921171948556,4493.7102559477189,6799.5377741109041,0.0043024017302082385,1,Add cross EFT/stochastic
0.13284722222222223,0.5,add_cross_eft_stochastic,10122.016693809985,6709.5495255877231,4408.206824410966,6679.8160952570315,0.0044512348703438231,1,Add cross EFT/stochastic
0.1348611111111111,0.5,add_cross_eft_stochastic,9952.0744118928869,6588.1945234376963,4321.4352574181421,6557.9909460140952,0.0046056143828558938,1,Add cross EFT/stochastic
0.136875,0.5,add_cross_eft_stochastic,9778.997311957035,6464.9549936994426,4233.5772448633306,6434.2940947302823,0.004765231199840736,1,Add cross EFT/stochastic
0.1388888888888889,0.5,add_cross_eft_stochastic,9603.733805583759,6340.5018636575533,4145.1078953485658,6309.3987686903392,0.0049296448215572219,1,Add cross EFT/stochastic
0.14090277777777779,0.5,add_cross_eft_stochastic,9427.6368493864793,6215.7761156817542,4056.6808188871141,6184.2472116127019,0.0050982606273966002,1,Add cross EFT/stochastic
0.14291666666666666,0.5,add_cross_eft_stochastic,9252.0544277532244,6091.7152699841326,3968.946887665536,6059.7782653776449,0.0052703256138857402,1,Add cross EFT/stochastic
0.14493055555555556,0.5,add_cross_eft_stochastic,9078.30653857371,5969.2312436982884,3882.5343210596479,5936.9046407292617,0.0054450264784875468,1,Add cross EFT/stochastic
0.14694444444444446,0.5,add_cross_eft_stochastic,8907.6466419069093,5849.1695301019254,3798.009920651542,5816.4706064434667,0.0056217809511895922,1,Add cross EFT/stochastic
0.14895833333333333,0.5,add_cross_eft_stochastic,8741.3002793495452,5732.3523755837195,3715.9210138708618,5699.2965703313084,0.0057999798474235309,1,Add cross EFT/stochastic
0.15097222222222223,0.5,add_cross_eft_stochastic,8580.471824133474,5619.5875470963656,3636.8045293370747,5586.1882168306656,0.0059789124478604183,1,Add cross EFT/stochastic
0.15298611111111113,0.5,add_cross_eft_stochastic,8426.0644940045804,5511.4700868017781,3561.047202218253,5477.7379813282023,0.0061580355958166244,1,Add cross EFT/stochastic
0.155,0.5,add_cross_eft_stochastic,8278.4486012171674,5408.2181340733232,3488.7698347511619,5374.1605631451321,0.0063372819862790308,1,Add cross EFT/stochastic
0.1570138888888889,0.5,add_cross_eft_stochastic,8137.9258031867103,5310.0015885834,3420.0590748998716,5275.6219532914347,0.006516698049320313,1,Add cross EFT/stochastic
0.1590277777777778,0.5,add_cross_eft_stochastic,8004.7815797552503,5216.9793499064308,3354.9937299461667,5182.2767206766794,0.0066964060586136576,1,Add cross EFT/stochastic
0.16104166666666667,0.5,add_cross_eft_stochastic,7879.0298603141673,5129.1260640035025,3293.5283767099627,5094.0954472693029,0.0068767099275648391,1,Add cross EFT/stochastic
0.16305555555555556,0.5,add_cross_eft_stochastic,7760.1991182241036,5046.0870133255785,3235.396075664255,5010.7202848967208,0.0070582124760505405,1,Add cross EFT/stochastic
0.16506944444444446,0.5,add_cross_eft_stochastic,7647.7637756830754,4967.4708061732599,3180.3051758249494,4931.7565551526814,0.007241689775474569,1,Add cross EFT/stochastic
0.16708333333333333,0.5,add_cross_eft_stochastic,7541.196339160243,4892.8847481611338,3127.9630883374739,4856.8079837274736,0.0074280812736542412,1,Add cross EFT/stochastic
0.16909722222222223,0.5,add_cross_eft_stochastic,7439.9326381604878,4821.9157242014935,3078.0670520678686,4785.4583399217017,0.0076183683338444386,1,Add cross EFT/stochastic
0.1711111111111111,0.5,add_cross_eft_stochastic,7343.2898398313519,4754.0855847996836,3030.2831749163365,4717.2288104537629,0.0078132259059053855,1,Add cross EFT/stochastic
0.173125,0.5,add_cross_eft_stochastic,7250.5667639975636,4688.9070933058738,2984.2744189608861,4651.6320702271742,0.0080133214570599076,1,Add cross EFT/stochastic
0.1751388888888889,0.5,add_cross_eft_stochastic,7161.0709527704112,4625.8989463545286,2939.7080200468904,4588.1867564413724,0.0082194103934876139,1,Add cross EFT/stochastic
0.17715277777777777,0.5,add_cross_eft_stochastic,7074.1319081646579,4564.5957303139076,2896.2629629479043,4526.4275362171975,0.0084322998195189847,1,Add cross EFT/stochastic
0.17916666666666667,0.5,add_cross_eft_stochastic,6989.2802647526778,4504.6829330447054,2853.7314184196589,4466.0417243533666,0.0086522274256033427,1,Add cross EFT/stochastic
0.18118055555555557,0.5,add_cross_eft_stochastic,6906.2042112282643,4445.9639783905504,2811.9939387234249,4406.8360965164193,0.0088789056405027544,1,Add cross EFT/stochastic
0.18319444444444444,0.5,add_cross_eft_stochastic,6824.6076853217874,4388.2532755883531,2770.9390757458905,4348.6287622529762,0.0091119558605061712,1,Add cross EFT/stochastic
0.18520833333333334,0.5,add_cross_eft_stochastic,6744.2070357646608,4331.3736763514271,2730.4614625043178,4291.2466028306844,0.0093509129711335515,1,Add cross EFT/stochastic
0.18722222222222223,0.5,add_cross_eft_stochastic,6664.7893353557438,4275.1974477857339,2690.4903714441698,4234.5662746588832,0.0095951203715953781,1,Add cross EFT/stochastic
0.1892361111111111,0.5,add_cross_eft_stochastic,6586.4487943298964,4219.8124478389836,2651.1054951030287,4178.6804845384759,0.0098432898740883346,1,Add cross EFT/stochastic
0.19125,0.5,add_cross_eft_stochastic,6509.3819798427094,4165.37828150921,2612.4366562318355,4123.7541262247987,0.010093752927630817,1,Add cross EFT/stochastic
0.1932638888888889,0.5,add_cross_eft_stochastic,6433.7934026235871,4112.0599582211853,2574.6175697463427,4069.957927855372,0.010344586138756107,1,Add cross EFT/stochastic
0.19527777777777777,0.5,add_cross_eft_stochastic,6359.8956819764599,4060.0280031769671,2537.7859235810179,4017.46857326396,0.010593593736174522,1,Add cross EFT/stochastic
0.19729166666666667,0.5,add_cross_eft_stochastic,6287.9055464945877,4009.4519004816693,2502.07552090031,3966.4612119138887,0.010838550100692013,1,Add cross EFT/stochastic
0.19930555555555557,0.5,add_cross_eft_stochastic,6218.0265899017668,3960.4761211018526,2467.5890097207389,3917.0823421767541,0.011078086987822644,1,Add cross EFT/stochastic
0.20131944444444444,0.5,add_cross_eft_stochastic,6150.4550654717577,3913.2359313347542,2434.4189666341094,3869.4682405745725,0.011311035015416637,1,Add cross EFT/stochastic
0.20333333333333334,0.5,add_cross_eft_stochastic,6085.3833257874403,3867.8639440547104,2402.6560569565386,3823.7524902385508,0.011536168705680971,1,Add cross EFT/stochastic
0.20534722222222224,0.5,add_cross_eft_stochastic,6022.9997127196884,3824.4900438884811,2372.3889808450181,3780.0658922945904,0.011752216194020892,1,Add cross EFT/stochastic
0.20736111111111111,0.5,add_cross_eft_stochastic,5963.4553543084685,3783.2170015493321,2343.6865091695772,3738.5117175057562,0.011958043045375844,1,Add cross EFT/stochastic
0.20937500000000001,0.5,add_cross_eft_stochastic,5906.6397352360345,3743.9556556087464,2316.4760696549533,3698.9984588733396,0.012153883608023941,1,Add cross EFT/stochastic
0.2113888888888889,0.5,add_cross_eft_stochastic,5852.3150666447827,3706.5237503132375,2290.6165885866662,3661.3399150163891,0.012340792263382694,1,Add cross EFT/stochastic
0.21340277777777777,0.5,add_cross_eft_stochastic,5800.2347511938688,3670.7330011736267,2265.9626415755156,3625.3434676694237,0.01252006434948405,1,Add cross EFT/stochastic
0.21541666666666667,0.5,add_cross_eft_stochastic,5750.1438630566154,3636.3894583376555,2242.3647234702262,3590.8104591299393,0.012693234501372164,1,Add cross EFT/stochastic
0.21743055555555557,0.5,add_cross_eft_stochastic,5701.7784254468843,3603.2930283379715,2219.6689375648584,3557.5357285404621,0.012862077372946645,1,Add cross EFT/stochastic
0.21944444444444444,0.5,add_cross_eft_stochastic,5654.827808441195,3571.212847131218,2197.7016851369699,3525.2836203305133,0.013028519616358869,1,Add cross EFT/stochastic
0.22145833333333334,0.5,add_cross_eft_stochastic,5608.9121721935226,3539.8725754123529,2176.2607052657527,3493.7737705283012,0.013194559210707224,1,Add cross EFT/stochastic
0.22347222222222224,0.5,add_cross_eft_stochastic,5563.642115847435,3508.9895216275213,2155.1395482028411,3462.7193296468226,0.013362385909982955,1,Add cross EFT/stochastic
0.22548611111111111,0.5,add_cross_eft_stochastic,5518.6247237723128,3478.2786033393613,2134.1300420480193,3431.8308253454807,0.013534402002232993,1,Add cross EFT/stochastic
0.22750000000000001,0.5,add_cross_eft_stochastic,5473.4634969593662,3447.4523005601468,2113.0222591352035,3400.8161084714875,0.013713235470888208,1,Add cross EFT/stochastic
0.22951388888888891,0.5,add_cross_eft_stochastic,5427.7671906481328,3416.2271559549758,2091.6093491693082,3369.3869770440538,0.013901691681617034,1,Add cross EFT/stochastic
0.23152777777777778,0.5,add_cross_eft_stochastic,5381.3162296774699,3384.4460537084806,2069.7784230978759,3337.3840384428099,0.014101468312777587,1,Add cross EFT/stochastic
0.23354166666666668,0.5,add_cross_eft_stochastic,5334.0512833236862,3352.0696025268853,2047.5040849739325,3304.7680390710775,0.014313126639019291,1,Add cross EFT/stochastic
0.23555555555555557,0.5,add_cross_eft_stochastic,5285.9217567848218,3319.0646726539881,2024.7655476751161,3271.5061150553015,0.014537205778043516,1,Add cross EFT/stochastic
0.23756944444444444,0.5,add_cross_eft_stochastic,5236.8800789041206,3285.4001911377304,2001.5435055965108,3237.5674991447336,0.01477426864633169,1,Add cross EFT/stochastic
0.23958333333333334,0.5,add_cross_eft_stochastic,5186.8817786341688,3251.0471938436535,1977.8201721157234,3202.9235726383081,0.015024904626651736,1,Add cross EFT/stochastic
0.24159722222222221,0.5,add_cross_eft_stochastic,5135.8919982519265,3215.9834849904846,1953.5826234734827,3167.5525826450721,0.015289691672606853,1,Add cross EFT/stochastic
0.24361111111111111,0.5,add_cross_eft_stochastic,5084.0647550036983,3180.3219444500282,1928.9148742543357,3131.5695948835082,0.015568023666526098,1,Add cross EFT/stochastic
0.24562500000000001,0.5,add_cross_eft_stochastic,5031.7675617408886,3144.3281110000917,1904.0104974329345,3095.2444585520502,0.01585776280526896,1,Add cross EFT/stochastic
0.24763888888888888,0.5,add_cross_eft_stochastic,4979.3843027235971,3108.279056694867,1879.071351945903,3058.8590019118301,0.016156369009538762,1,Add cross EFT/stochastic
0.24965277777777778,0.5,add_cross_eft_stochastic,4927.3042053032186,3072.4554881671552,1854.3019147166415,3022.6990624746486,0.016460926034684853,1,Add cross EFT/stochastic
0.25166666666666665,0.5,add_cross_eft_stochastic,4875.9219534078711,3037.1418238250926,1829.9093362598892,2987.0545869494285,0.016768102295317,1,Add cross EFT/stochastic
0.25368055555555552,0.5,add_cross_eft_stochastic,4825.6377978862538,3002.6262687113308,1806.1034945135482,2952.219722517114,0.017074117420785795,1,Add cross EFT/stochastic
0.25569444444444445,0.5,add_cross_eft_stochastic,4776.8230596700669,2969.1751545008156,1783.0775381011449,2918.4663611529395,0.017375150874736622,1,Add cross EFT/stochastic
0.25770833333333332,0.5,add_cross_eft_stochastic,4729.7328182055844,2936.9681198114113,1760.9587877775689,2885.9772296501387,0.017668500512546981,1,Add cross EFT/stochastic
0.25972222222222219,0.5,add_cross_eft_stochastic,4684.597227350243,2906.1661943140634,1739.8604262734268,2854.9159933169499,0.017951561838276398,1,Add cross EFT/stochastic
0.26173611111111111,0.5,add_cross_eft_stochastic,4641.6472547469821,2876.9309612478837,1719.8960350542513,2825.4469928773724,0.018221530434050504,1,Add cross EFT/stochastic
0.26374999999999998,0.5,add_cross_eft_stochastic,4601.1146959079724,2849.4245670004075,1701.1796012211353,2797.7352382878244,0.018475418261599375,1,Add cross EFT/stochastic
0.26576388888888891,0.5,add_cross_eft_stochastic,4563.2321882983306,2823.8097306878412,1683.8255244113682,2771.9463978353319,0.018710077833038241,1,Add cross EFT/stochastic
0.26777777777777778,0.5,add_cross_eft_stochastic,4528.2309451712345,2800.2481224051885,1667.9474489435927,2748.2451224783049,0.018922256789084546,1,Add cross EFT/stochastic
0.26979166666666665,0.5,add_cross_eft_stochastic,4496.161181627268,2778.7719053636733,1653.5657585391668,2726.664294483619,0.019110387364324355,1,Add cross EFT/stochastic
0.27180555555555558,0.5,add_cross_eft_stochastic,4466.7607928954285,2759.1898655668142,1640.5399780336118,2707.0093559236298,0.019276072884270024,1,Add cross EFT/stochastic
0.27381944444444445,0.5,add_cross_eft_stochastic,4439.7340359286782,2741.2868357468969,1628.7123826163165,2689.0611372447729,0.019421536304538911,1,Add cross EFT/stochastic
0.27583333333333332,0.5,add_cross_eft_stochastic,4414.7818590892975,2724.8453980059103,1617.9236263487085,2672.5979635920271,0.019549305629067204,1,Add cross EFT/stochastic
0.27784722222222225,0.5,add_cross_eft_stochastic,4391.601839993843,2709.6458415354782,1608.0127117100235,2657.3956392451669,0.019662184101857383,1,Add cross EFT/stochastic
0.27986111111111112,0.5,add_cross_eft_stochastic,4369.8881233580787,2695.4661203367605,1598.8169591430444,2643.2274289554935,0.019763222342887854,1,Add cross EFT/stochastic
0.28187499999999999,0.5,add_cross_eft_stochastic,4349.3313659114729,2682.0818212568315,1590.1719887543068,2629.8640474144158,0.019855693260552476,1,Add cross EFT/stochastic
0.28388888888888891,0.5,add_cross_eft_stochastic,4329.6206833709248,2669.2689291003494,1581.914947647922,2617.0769336551948,0.019942858680986442,1,Add cross EFT/stochastic
0.28590277777777778,0.5,add_cross_eft_stochastic,4310.4472789586698,2656.8082242946593,1573.8893323241161,2604.6433517659502,0.02002764504911636,1,Add cross EFT/stochastic
0.28791666666666665,0.5,add_cross_eft_stochastic,4291.5015876222315,2644.4804454116097,1565.9390214548337,2592.3406019836634,0.020113037379443366,1,Add cross EFT/stochastic
0.28993055555555558,0.5,add_cross_eft_stochastic,4272.4726898351601,2632.0654096585758,1557.9072300539549,2579.9449788129714,0.020202148213868121,1,Add cross EFT/stochastic
0.29194444444444445,0.5,add_cross_eft_stochastic,4253.0482905658773,2619.3419985723031,1549.6364991726,2567.2317510899784,0.020298224911015517,1,Add cross EFT/stochastic
0.29395833333333332,0.5,add_cross_eft_stochastic,4232.9146982465318,2606.0881437127464,1540.9686855944256,2553.9751366820865,0.020404664979769782,1,Add cross EFT/stochastic
0.29597222222222225,0.5,add_cross_eft_stochastic,4211.7568037418314,2592.0808123569127,1531.7449515309181,2539.9482713645066,0.020525040442811671,1,Add cross EFT/stochastic
0.29798611111111112,0.5,add_cross_eft_stochastic,4189.2833139552258,2577.114122468226,1521.8188581796653,2524.9416526792193,0.020662841746717842,1,Add cross EFT/stochastic
0.29999999999999999,0.5,add_cross_eft_stochastic,4165.4721310082605,2561.1754652777145,1511.1836662086484,2508.9426949268918,0.020818638248070842,1,Add cross EFT/stochastic
