k,variation,tracer,parameter_index,baseline_value,delta,P0_baseline_AB,P0_varied_AB,fractional_response
0.01,b2_A_plus_0p40,A,1,0.20000000000000001,0.40000000000000002,37523.630499326566,37524.075103041832,1.184863269758895e-05
0.01201388888888889,b2_A_plus_0p40,A,1,0.20000000000000001,0.40000000000000002,39965.052992701596,39966.111368323094,2.6482527664646198e-05
0.014027777777777778,b2_A_plus_0p40,A,1,0.20000000000000001,0.40000000000000002,41372.126022042401,41374.116377108789,4.8108600107404098e-05
0.016041666666666666,b2_A_plus_0p40,A,1,0.20000000000000001,0.40000000000000002,41936.090163900888,41939.360508059544,7.7984002463623195e-05
0.018055555555555554,b2_A_plus_0p40,A,1,0.20000000000000001,0.40000000000000002,41820.331620354191,41825.241687404428,0.0001174086110749012
0.020069444444444445,b2_A_plus_0p40,A,1,0.20000000000000001,0.40000000000000002,41168.025524457466,41174.93055158791,0.0001677279160823943
0.022083333333333333,b2_A_plus_0p40,A,1,0.20000000000000001,0.40000000000000002,40103.665521216128,40112.901130212682,0.0002302933878118519
0.024097222222222221,b2_A_plus_0p40,A,1,0.20000000000000001,0.40000000000000002,38741.103005943245,38752.976128319773,0.00030647352437814169
0.026111111111111113,b2_A_plus_0p40,A,1,0.20000000000000001,0.40000000000000002,37178.341918562975,37193.124649109108,0.00039761672477253273
0.028124999999999997,b2_A_plus_0p40,A,1,0.20000000000000001,0.40000000000000002,35494.578670905452,35512.50342312007,0.00050499971786707384
0.030138888888888889,b2_A_plus_0p40,A,1,0.20000000000000001,0.40000000000000002,33766.873872940683,33788.13271017497,0.00062957670627967056
0.03215277777777778,b2_A_plus_0p40,A,1,0.20000000000000001,0.40000000000000002,32054.434820951014,32079.183083876116,0.00077206985752021316
0.034166666666666665,b2_A_plus_0p40,A,1,0.20000000000000001,0.40000000000000002,30394.532102968096,30422.893401912577,0.00093310529829512996
0.036180555555555556,b2_A_plus_0p40,A,1,0.20000000000000001,0.40000000000000002,28819.622802855592,28851.693662682323,0.0011128133093939181
0.038194444444444448,b2_A_plus_0p40,A,1,0.20000000000000001,0.40000000000000002,27358.020589491964,27393.875186395177,0.001310569848645573
0.040208333333333332,b2_A_plus_0p40,A,1,0.20000000000000001,0.40000000000000002,26023.359984122879,26063.056025978942,0.0015254003280238183
0.042222222222222223,b2_A_plus_0p40,A,1,0.20000000000000001,0.40000000000000002,24818.891885469166,24862.477334686242,0.0017561400169761291
0.044236111111111115,b2_A_plus_0p40,A,1,0.20000000000000001,0.40000000000000002,23742.001563981416,23789.520835531592,0.0020014854864750273
0.046249999999999999,b2_A_plus_0p40,A,1,0.20000000000000001,0.40000000000000002,22786.603388547002,22838.101835906164,0.0022600317599351097
0.048263888888888891,b2_A_plus_0p40,A,1,0.20000000000000001,0.40000000000000002,21945.215138483531,22000.741408686186,0.002530222185212659
0.050277777777777775,b2_A_plus_0p40,A,1,0.20000000000000001,0.40000000000000002,21207.279046306059,21266.885690298383,0.002810669103856858
0.052291666666666667,b2_A_plus_0p40,A,1,0.20000000000000001,0.40000000000000002,20557.516333807242,20621.259388089318,0.0031007176765439274
0.054305555555555558,b2_A_plus_0p40,A,1,0.20000000000000001,0.40000000000000002,19981.614511473068,20049.552638301931,0.0034000319038211182
0.056319444444444443,b2_A_plus_0p40,A,1,0.20000000000000001,0.40000000000000002,19464.634896756281,19536.828222729568,0.0037089483751538352
0.058333333333333334,b2_A_plus_0p40,A,1,0.20000000000000001,0.40000000000000002,18991.691511088102,19068.200035682148,0.0040285260820173713
0.060347222222222226,b2_A_plus_0p40,A,1,0.20000000000000001,0.40000000000000002,18549.256631069773,18630.138089482072,0.0043603611735482609
0.06236111111111111,b2_A_plus_0p40,A,1,0.20000000000000001,0.40000000000000002,18125.081149470621,18210.387859549981,0.0047065560355767661
0.064375000000000002,b2_A_plus_0p40,A,1,0.20000000000000001,0.40000000000000002,17708.408831647514,17798.184507309717,0.005069663599688393
0.066388888888888886,b2_A_plus_0p40,A,1,0.20000000000000001,0.40000000000000002,17290.597273455809,17384.873148505216,0.0054524360008163077
0.068402777777777771,b2_A_plus_0p40,A,1,0.20000000000000001,0.40000000000000002,16865.234210765084,16964.025632780013,0.0058576964173951461
0.070416666666666669,b2_A_plus_0p40,A,1,0.20000000000000001,0.40000000000000002,16427.908106552262,16531.212032631869,0.0062883189636545409
0.072430555555555554,b2_A_plus_0p40,A,1,0.20000000000000001,0.40000000000000002,15976.741747577064,16084.534777074117,0.0067468718716318385
0.074444444444444438,b2_A_plus_0p40,A,1,0.20000000000000001,0.40000000000000002,15511.435726888223,15623.673843037985,0.0072358302690964226
0.076458333333333323,b2_A_plus_0p40,A,1,0.20000000000000001,0.40000000000000002,15033.963183946358,15150.582299936148,0.0077570441381896336
0.078472222222222221,b2_A_plus_0p40,A,1,0.20000000000000001,0.40000000000000002,14547.312156379023,14668.229599483242,0.0083120126800329056
0.080486111111111105,b2_A_plus_0p40,A,1,0.20000000000000001,0.40000000000000002,14055.960782062382,14181.078015053521,0.0089013646901183741
0.08249999999999999,b2_A_plus_0p40,A,1,0.20000000000000001,0.40000000000000002,13564.805352205651,13694.010176449001,0.0095250039266019694
0.084513888888888888,b2_A_plus_0p40,A,1,0.20000000000000001,0.40000000000000002,13079.260030608719,13212.43056153163,0.010181809262241048
0.086527777777777773,b2_A_plus_0p40,A,1,0.20000000000000001,0.40000000000000002,12604.717354492932,12741.724091227456,0.01086948107453499
0.088541666666666657,b2_A_plus_0p40,A,1,0.20000000000000001,0.40000000000000002,12146.03919741754,12286.749294899835,0.011584854551779529
0.090555555555555542,b2_A_plus_0p40,A,1,0.20000000000000001,0.40000000000000002,11707.802021048044,11852.081088117739,0.012323326514260503
0.09256944444444444,b2_A_plus_0p40,A,1,0.20000000000000001,0.40000000000000002,11293.506420438127,11441.222014934454,0.013079692789566447
0.094583333333333325,b2_A_plus_0p40,A,1,0.20000000000000001,0.40000000000000002,10905.933260694259,11056.957024066513,0.013847853252188305
0.096597222222222209,b2_A_plus_0p40,A,1,0.20000000000000001,0.40000000000000002,10547.062828581997,10701.272150696925,0.01462106793343723
0.098611111111111108,b2_A_plus_0p40,A,1,0.20000000000000001,0.40000000000000002,10217.506885527357,10374.787736894717,0.015393270895676334
0.10062499999999999,b2_A_plus_0p40,A,1,0.20000000000000001,0.40000000000000002,9917.5747185926975,10077.821768570164,0.016157886834676182
0.10263888888888888,b2_A_plus_0p40,A,1,0.20000000000000001,0.40000000000000002,9646.3289064114288,9809.4474126533878,0.016909905086643105
0.10465277777777778,b2_A_plus_0p40,A,1,0.20000000000000001,0.40000000000000002,9402.2514957171061,9568.1577434284482,0.017645374385796355
0.10666666666666666,b2_A_plus_0p40,A,1,0.20000000000000001,0.40000000000000002,9183.526535192188,9352.14739767026,0.01836123212928063
0.10868055555555554,b2_A_plus_0p40,A,1,0.20000000000000001,0.40000000000000002,8987.5439967850725,9158.8170261537052,0.01905671109147267
0.11069444444444444,b2_A_plus_0p40,A,1,0.20000000000000001,0.40000000000000002,8811.5845059017847,8985.4572655035226,0.019732292130352061
0.11270833333333333,b2_A_plus_0p40,A,1,0.20000000000000001,0.40000000000000002,8652.787739910098,8829.2162423064219,0.02038978739563499
0.11472222222222221,b2_A_plus_0p40,A,1,0.20000000000000001,0.40000000000000002,8508.0786220863047,8687.0255686916898,0.021032592028575398
0.11673611111111111,b2_A_plus_0p40,A,1,0.20000000000000001,0.40000000000000002,8374.4015170252314,8555.8355985507314,0.021665319146286804
0.11874999999999999,b2_A_plus_0p40,A,1,0.20000000000000001,0.40000000000000002,8248.9191830401505,8432.8125299782678,0.022293023226146229
0.12076388888888888,b2_A_plus_0p40,A,1,0.20000000000000001,0.40000000000000002,8129.0377739333462,8315.3632928612551,0.02292098082326326
0.12277777777777778,b2_A_plus_0p40,A,1,0.20000000000000001,0.40000000000000002,8012.2116942904086,8200.9427825013245,0.023555429563276241
0.12479166666666666,b2_A_plus_0p40,A,1,0.20000000000000001,0.40000000000000002,7896.3513444439322,8087.4598438177936,0.024202127164507446
0.12680555555555556,b2_A_plus_0p40,A,1,0.20000000000000001,0.40000000000000002,7780.0112914265119,7973.4647536308166,0.024865447485595344
0.12881944444444443,b2_A_plus_0p40,A,1,0.20000000000000001,0.40000000000000002,7661.8091533312418,7857.5709381315646,0.025550334246476045
0.13083333333333333,b2_A_plus_0p40,A,1,0.20000000000000001,0.40000000000000002,7540.691203943079,7738.7201288040942,0.026261375715460208
0.13284722222222223,b2_A_plus_0p40,A,1,0.20000000000000001,0.40000000000000002,7416.5316145480829,7616.7803598714327,0.027000322486396049
0.1348611111111111,b2_A_plus_0p40,A,1,0.20000000000000001,0.40000000000000002,7289.3678813959777,7491.7831803010667,0.027768566794618234
0.136875,b2_A_plus_0p40,A,1,0.20000000000000001,0.40000000000000002,7159.2838754400727,7363.8070932594346,0.028567552478395066
0.1388888888888889,b2_A_plus_0p40,A,1,0.20000000000000001,0.40000000000000002,7026.9375624183385,7233.5053810564696,0.0293965638378378
0.14090277777777779,b2_A_plus_0p40,A,1,0.20000000000000001,0.40000000000000002,6893.3349353474969,7101.8799486963553,0.030253138039105825
0.14291666666666666,b2_A_plus_0p40,A,1,0.20000000000000001,0.40000000000000002,6759.4685587178719,6969.919766125854,0.031134283054924106
0.14493055555555556,b2_A_plus_0p40,A,1,0.20000000000000001,0.40000000000000002,6626.3349044740789,6838.6187648870764,0.032036391681571075
0.14694444444444446,b2_A_plus_0p40,A,1,0.20000000000000001,0.40000000000000002,6494.9934515505402,6709.0361008269065,0.032955021567461044
0.14895833333333333,b2_A_plus_0p40,A,1,0.20000000000000001,0.40000000000000002,6366.5041537536435,6582.2319819071618,0.033884816995890389
0.15097222222222223,b2_A_plus_0p40,A,1,0.20000000000000001,0.40000000000000002,6241.9057960348564,6459.2456383077233,0.034819468504463991
0.15298611111111113,b2_A_plus_0p40,A,1,0.20000000000000001,0.40000000000000002,6122.0238478451192,6340.9042211766646,0.035752943597008147
0.155,b2_A_plus_0p40,A,1,0.20000000000000001,0.40000000000000002,6007.3200085147637,6227.6730756013294,0.036680760601106269
0.1570138888888889,b2_A_plus_0p40,A,1,0.20000000000000001,0.40000000000000002,5898.2119404442592,6119.973580515094,0.037598113175657012
0.1590277777777778,b2_A_plus_0p40,A,1,0.20000000000000001,0.40000000000000002,5795.1066777933456,6018.2163467434348,0.038499665554913409
0.16104166666666667,b2_A_plus_0p40,A,1,0.20000000000000001,0.40000000000000002,5698.1838443566803,5922.5850009069691,0.039381171734662317
0.16305555555555556,b2_A_plus_0p40,A,1,0.20000000000000001,0.40000000000000002,5607.2177409970172,5832.8586785881043,0.040241158452135654
0.16506944444444446,b2_A_plus_0p40,A,1,0.20000000000000001,0.40000000000000002,5521.9432920314466,5748.7769511388669,0.041078592645954419
0.16708333333333333,b2_A_plus_0p40,A,1,0.20000000000000001,0.40000000000000002,5442.0998796182066,5670.0835489054043,0.041892591891053647
0.16909722222222223,b2_A_plus_0p40,A,1,0.20000000000000001,0.40000000000000002,5367.3749404502341,5596.4699068421151,0.042682869919399305
0.1711111111111111,b2_A_plus_0p40,A,1,0.20000000000000001,0.40000000000000002,5297.2674530839213,5527.4385209770644,0.043450905571917831
0.173125,b2_A_plus_0p40,A,1,0.20000000000000001,0.40000000000000002,5231.2441796428566,5462.4593779223942,0.044198892336033711
0.1751388888888889,b2_A_plus_0p40,A,1,0.20000000000000001,0.40000000000000002,5168.7833712644679,5401.0137168900219,0.044929401939463029
0.17715277777777777,b2_A_plus_0p40,A,1,0.20000000000000001,0.40000000000000002,5109.3771854689658,5342.5963996062383,0.045645331254961244
0.17916666666666667,b2_A_plus_0p40,A,1,0.20000000000000001,0.40000000000000002,5052.5480906483817,5286.7315632480859,0.046349578153080363
0.18118055555555557,b2_A_plus_0p40,A,1,0.20000000000000001,0.40000000000000002,4997.8406339338644,5232.9646856934414,0.04704512788246068
0.18319444444444444,b2_A_plus_0p40,A,1,0.20000000000000001,0.40000000000000002,4944.8078933590868,5180.8497020982159,0.047735283923999332
0.18520833333333334,b2_A_plus_0p40,A,1,0.20000000000000001,0.40000000000000002,4893.0128050309158,5129.9503523245712,0.048423651589474703
0.18722222222222223,b2_A_plus_0p40,A,1,0.20000000000000001,0.40000000000000002,4842.0643429895163,5079.876175008676,0.04911372818981035
0.1892361111111111,b2_A_plus_0p40,A,1,0.20000000000000001,0.40000000000000002,4791.7567738539874,5030.4210306774476,0.049807256104007887
0.19125,b2_A_plus_0p40,A,1,0.20000000000000001,0.40000000000000002,4741.9421938238993,4981.4363827871002,0.050505505797841237
0.1932638888888889,b2_A_plus_0p40,A,1,0.20000000000000001,0.40000000000000002,4692.4740488173338,4932.7751370392307,0.051209891780320246
0.19527777777777777,b2_A_plus_0p40,A,1,0.20000000000000001,0.40000000000000002,4643.208140864087,4884.2926446653792,0.051921967847951583
0.19729166666666667,b2_A_plus_0p40,A,1,0.20000000000000001,0.40000000000000002,4594.0402789685031,4835.8842548633766,0.05264298116889269
0.19930555555555557,b2_A_plus_0p40,A,1,0.20000000000000001,0.40000000000000002,4545.0209025263894,4787.5996488940727,0.0533724160064575
0.20131944444444444,b2_A_plus_0p40,A,1,0.20000000000000001,0.40000000000000002,4496.2358664649746,4739.5239467368265,0.054109278849538991
0.20333333333333334,b2_A_plus_0p40,A,1,0.20000000000000001,0.40000000000000002,4447.7649930923199,4691.7363622089633,0.054852576405351343
0.20534722222222224,b2_A_plus_0p40,A,1,0.20000000000000001,0.40000000000000002,4399.6817664588498,4644.3098913303993,0.055601322517569753
0.20736111111111111,b2_A_plus_0p40,A,1,0.20000000000000001,0.40000000000000002,4352.0589069701819,4597.3168967076017,0.05635447382033798
0.20937500000000001,b2_A_plus_0p40,A,1,0.20000000000000001,0.40000000000000002,4305.00890447038,4550.8697341600755,0.057110411417358571
0.2113888888888889,b2_A_plus_0p40,A,1,0.20000000000000001,0.40000000000000002,4258.6626583458074,4505.0993053380871,0.057867144397862016
0.21340277777777777,b2_A_plus_0p40,A,1,0.20000000000000001,0.40000000000000002,4213.1483122408117,4460.1338273718238,0.058622554162981746
0.21541666666666667,b2_A_plus_0p40,A,1,0.20000000000000001,0.40000000000000002,4168.5902529104014,4416.0978272743878,0.059374407017140383
0.21743055555555557,b2_A_plus_0p40,A,1,0.20000000000000001,0.40000000000000002,4125.1078410636756,4373.1108710628014,0.060120374922168644
0.21944444444444444,b2_A_plus_0p40,A,1,0.20000000000000001,0.40000000000000002,4082.781947999933,4331.2542570807855,0.060858579332793837
0.22145833333333334,b2_A_plus_0p40,A,1,0.20000000000000001,0.40000000000000002,4041.6365633163855,4290.5526999906269,0.061587956456429137
0.22347222222222224,b2_A_plus_0p40,A,1,0.20000000000000001,0.40000000000000002,4001.6923281999279,4251.027590302876,0.062307454360217132
0.22548611111111111,b2_A_plus_0p40,A,1,0.20000000000000001,0.40000000000000002,3962.9715347825299,4212.7019660735086,0.063015953836439237
0.22750000000000001,b2_A_plus_0p40,A,1,0.20000000000000001,0.40000000000000002,3925.4977059658809,4175.6000923469455,0.063712274242566702
0.22951388888888891,b2_A_plus_0p40,A,1,0.20000000000000001,0.40000000000000002,3889.2920361670203,4139.7439095059126,0.06439523466222348
0.23152777777777778,b2_A_plus_0p40,A,1,0.20000000000000001,0.40000000000000002,3854.3142846667838,4105.09406806672,0.065064695008807974
0.23354166666666668,b2_A_plus_0p40,A,1,0.20000000000000001,0.40000000000000002,3820.4691490860296,4071.5562647002193,0.065721539898904127
0.23555555555555557,b2_A_plus_0p40,A,1,0.20000000000000001,0.40000000000000002,3787.6614487248089,4039.0362809890439,0.066366763679173421
0.23756944444444444,b2_A_plus_0p40,A,1,0.20000000000000001,0.40000000000000002,3755.798398972559,4007.4422545879206,0.067001427894586046
0.23958333333333334,b2_A_plus_0p40,A,1,0.20000000000000001,0.40000000000000002,3724.7897821112051,3976.6848520931298,0.067626654044124601
0.24159722222222221,b2_A_plus_0p40,A,1,0.20000000000000001,0.40000000000000002,3694.5483229496031,3946.6776470173809,0.068243612487516814
0.24361111111111111,b2_A_plus_0p40,A,1,0.20000000000000001,0.40000000000000002,3664.9957017512688,3917.343142470861,0.068853407003727565
0.24562500000000001,b2_A_plus_0p40,A,1,0.20000000000000001,0.40000000000000002,3636.0616446124495,3888.6118590664319,0.069457077227550817
0.24763888888888888,b2_A_plus_0p40,A,1,0.20000000000000001,0.40000000000000002,3607.6764520453798,3860.4148532436438,0.070055728266589262
0.24965277777777778,b2_A_plus_0p40,A,1,0.20000000000000001,0.40000000000000002,3579.7710007771675,3832.6837208377974,0.070650530440556844
0.25166666666666665,b2_A_plus_0p40,A,1,0.20000000000000001,0.40000000000000002,3552.2771218367707,3805.3509774854147,0.071242711919330057
0.25368055555555552,b2_A_plus_0p40,A,1,0.20000000000000001,0.40000000000000002,3525.127941667959,3778.3504019700367,0.071833551715647037
0.25569444444444445,b2_A_plus_0p40,A,1,0.20000000000000001,0.40000000000000002,3498.2728446841916,3751.6319681060977,0.072424060292180625
0.25770833333333332,b2_A_plus_0p40,A,1,0.20000000000000001,0.40000000000000002,3471.712850898396,3725.1971468966685,0.07301418835163076
0.25972222222222219,b2_A_plus_0p40,A,1,0.20000000000000001,0.40000000000000002,3445.4590935140532,3699.0574808993779,0.073603656436587547
0.26173611111111111,b2_A_plus_0p40,A,1,0.20000000000000001,0.40000000000000002,3419.5216668956914,3673.2234589332297,0.074192187314857341
0.26374999999999998,b2_A_plus_0p40,A,1,0.20000000000000001,0.40000000000000002,3393.9097447091644,3647.7046353930928,0.074779504988184906
0.26576388888888891,b2_A_plus_0p40,A,1,0.20000000000000001,0.40000000000000002,3368.6316913848746,3622.5097428333738,0.075365333674732402
0.26777777777777778,b2_A_plus_0p40,A,1,0.20000000000000001,0.40000000000000002,3343.6952433928604,3597.6468733938791,0.075949394761028813
0.26979166666666665,b2_A_plus_0p40,A,1,0.20000000000000001,0.40000000000000002,3319.1136512149651,3573.1295511341682,0.076531244968433151
0.27180555555555558,b2_A_plus_0p40,A,1,0.20000000000000001,0.40000000000000002,3294.9103402966357,3548.9813503865753,0.077110143782263274
0.27381944444444445,b2_A_plus_0p40,A,1,0.20000000000000001,0.40000000000000002,3271.1096134029176,3525.2267160194133,0.077685291124236902
0.27583333333333332,b2_A_plus_0p40,A,1,0.20000000000000001,0.40000000000000002,3247.735479308255,3501.8898044268617,0.078255857577643556
0.27784722222222225,b2_A_plus_0p40,A,1,0.20000000000000001,0.40000000000000002,3224.8115094687728,3478.9943400298171,0.078820988394114277
0.27986111111111112,b2_A_plus_0p40,A,1,0.20000000000000001,0.40000000000000002,3202.3607131025065,3456.5634901850522,0.079379807540877978
0.28187499999999999,b2_A_plus_0p40,A,1,0.20000000000000001,0.40000000000000002,3180.4053678066675,3434.6196954922484,0.079931423289257328
0.28388888888888891,b2_A_plus_0p40,A,1,0.20000000000000001,0.40000000000000002,3158.9508712465472,3413.1684853805141,0.080475330100227421
0.28590277777777778,b2_A_plus_0p40,A,1,0.20000000000000001,0.40000000000000002,3137.9648510459365,3392.1775436954958,0.081011963076905086
0.28791666666666665,b2_A_plus_0p40,A,1,0.20000000000000001,0.40000000000000002,3117.4101805672572,3371.6098010140108,0.081541922853571494
0.28993055555555558,b2_A_plus_0p40,A,1,0.20000000000000001,0.40000000000000002,3097.2503068108463,3351.4287741395465,0.082065846202278955
0.29194444444444445,b2_A_plus_0p40,A,1,0.20000000000000001,0.40000000000000002,3077.4491539465116,3331.5984688312574,0.082584407465782314
0.29395833333333332,b2_A_plus_0p40,A,1,0.20000000000000001,0.40000000000000002,3057.9710349496213,3312.0832906725764,0.083098320035965109
0.29597222222222225,b2_A_plus_0p40,A,1,0.20000000000000001,0.40000000000000002,3038.7805709089298,3292.8479636459115,0.08360833788699247
0.29798611111111112,b2_A_plus_0p40,A,1,0.20000000000000001,0.40000000000000002,3019.8441264740777,3273.8589631129435,0.0841152145609083
0.29999999999999999,b2_A_plus_0p40,A,1,0.20000000000000001,0.40000000000000002,3001.1444588806617,3255.0991471912521,0.084619281674067778
0.01,b2_B_plus_0p40,B,1,-0.23000000000000001,0.40000000000000002,37523.630499326566,37526.450716166109,7.515842156036401e-05
0.01201388888888889,b2_B_plus_0p40,B,1,-0.23000000000000001,0.40000000000000002,39965.052992701596,39969.58325342484,0.00011335555401544438
0.014027777777777778,b2_B_plus_0p40,B,1,-0.23000000000000001,0.40000000000000002,41372.126022042401,41378.891872333144,0.00016353644207548496
0.016041666666666666,b2_B_plus_0p40,B,1,-0.23000000000000001,0.40000000000000002,41936.090163900888,41945.635593061874,0.00022761848144829271
0.018055555555555554,b2_B_plus_0p40,B,1,-0.23000000000000001,0.40000000000000002,41820.331620354191,41833.19606871721,0.00030761229919942622
0.020069444444444445,b2_B_plus_0p40,B,1,-0.23000000000000001,0.40000000000000002,41168.025524457466,41184.723821951338,0.00040561327100695031
0.022083333333333333,b2_B_plus_0p40,B,1,-0.23000000000000001,0.40000000000000002,40103.665521216128,40124.669485455423,0.00052374175692700966
0.024097222222222221,b2_B_plus_0p40,B,1,-0.23000000000000001,0.40000000000000002,38741.103005943245,38766.831533951416,0.00066411449369997407
0.026111111111111113,b2_B_plus_0p40,B,1,-0.23000000000000001,0.40000000000000002,37178.341918562975,37209.154958127372,0.00082879004211351866
0.028124999999999997,b2_B_plus_0p40,B,1,-0.23000000000000001,0.40000000000000002,35494.578670905452,35530.772729338474,0.0010197066647445571
0.030138888888888889,b2_B_plus_0p40,B,1,-0.23000000000000001,0.40000000000000002,33766.873872940683,33808.683113319901,0.0012381732622492507
0.03215277777777778,b2_B_plus_0p40,B,1,-0.23000000000000001,0.40000000000000002,32054.434820951014,32102.037886102462,0.0014850695517593304
0.034166666666666665,b2_B_plus_0p40,B,1,-0.23000000000000001,0.40000000000000002,30394.532102968096,30448.06047955023,0.0017611186249156319
0.036180555555555556,b2_B_plus_0p40,B,1,-0.23000000000000001,0.40000000000000002,28819.622802855592,28879.168349009451,0.0020661459229077252
0.038194444444444448,b2_B_plus_0p40,B,1,-0.23000000000000001,0.40000000000000002,27358.020589491964,27423.6429152087,0.0023986503519900768
0.040208333333333332,b2_B_plus_0p40,B,1,-0.23000000000000001,0.40000000000000002,26023.359984122879,26095.09523146243,0.0027565713029876885
0.042222222222222223,b2_B_plus_0p40,B,1,-0.23000000000000001,0.40000000000000002,24818.891885469166,24896.762509311327,0.0031375544162692112
0.044236111111111115,b2_B_plus_0p40,B,1,-0.23000000000000001,0.40000000000000002,23742.001563981416,23826.025205568752,0.0035390294015820354
0.046249999999999999,b2_B_plus_0p40,B,1,-0.23000000000000001,0.40000000000000002,22786.603388547002,22876.799208926175,0.0039582828050848074
0.048263888888888891,b2_B_plus_0p40,B,1,-0.23000000000000001,0.40000000000000002,21945.215138483531,22041.607070293823,0.0043923894663150482
0.050277777777777775,b2_B_plus_0p40,B,1,-0.23000000000000001,0.40000000000000002,21207.279046306059,21309.896558066408,0.004838787264329558
0.052291666666666667,b2_B_plus_0p40,B,1,-0.23000000000000001,0.40000000000000002,20557.516333807242,20666.39375551659,0.0052962342308977102
0.054305555555555558,b2_B_plus_0p40,B,1,-0.23000000000000001,0.40000000000000002,19981.614511473068,20096.789772309432,0.0057640617964195319
0.056319444444444443,b2_B_plus_0p40,B,1,-0.23000000000000001,0.40000000000000002,19464.634896756281,19586.147883432615,0.0062427570473764342
0.058333333333333334,b2_B_plus_0p40,B,1,-0.23000000000000001,0.40000000000000002,18991.691511088102,19119.58186064606,0.0067340157396349083
0.060347222222222226,b2_B_plus_0p40,B,1,-0.23000000000000001,0.40000000000000002,18549.256631069773,18683.560787563722,0.0072404064036178549
0.06236111111111111,b2_B_plus_0p40,B,1,-0.23000000000000001,0.40000000000000002,18125.081149470621,18265.828034432849,0.0077653106102831505
0.064375000000000002,b2_B_plus_0p40,B,1,-0.23000000000000001,0.40000000000000002,17708.408831647514,17855.615493390364,0.0083128113396484359
0.066388888888888886,b2_B_plus_0p40,B,1,-0.23000000000000001,0.40000000000000002,17290.597273455809,17444.263601444538,0.0088872770303102516
0.068402777777777771,b2_B_plus_0p40,B,1,-0.23000000000000001,0.40000000000000002,16865.234210765084,17025.338351750874,0.0094931466106527793
0.070416666666666669,b2_B_plus_0p40,B,1,-0.23000000000000001,0.40000000000000002,16427.908106552262,16594.403136490124,0.010134889290709818
0.072430555555555554,b2_B_plus_0p40,B,1,-0.23000000000000001,0.40000000000000002,15976.741747577064,16149.553176812993,0.01081643754191227
0.074444444444444438,b2_B_plus_0p40,B,1,-0.23000000000000001,0.40000000000000002,15511.435726888223,15690.46131944359,0.011541523022593935
0.076458333333333323,b2_B_plus_0p40,B,1,-0.23000000000000001,0.40000000000000002,15033.963183946358,15219.074003677142,0.012312842426569858
0.078472222222222221,b2_B_plus_0p40,B,1,-0.23000000000000001,0.40000000000000002,14547.312156379023,14738.354786525413,0.013132503660658565
0.080486111111111105,b2_B_plus_0p40,B,1,-0.23000000000000001,0.40000000000000002,14055.960782062382,14252.761370613136,0.014001219240871972
0.08249999999999999,b2_B_plus_0p40,B,1,-0.23000000000000001,0.40000000000000002,13564.805352205651,13767.172768289278,0.014918563947600032
0.084513888888888888,b2_B_plus_0p40,B,1,-0.23000000000000001,0.40000000000000002,13079.260030608719,13286.991572402167,0.015882514859961831
0.086527777777777773,b2_B_plus_0p40,B,1,-0.23000000000000001,0.40000000000000002,12604.717354492932,12817.601652571893,0.016889255989788545
0.088541666666666657,b2_B_plus_0p40,B,1,-0.23000000000000001,0.40000000000000002,12146.03919741754,12363.862216825568,0.017933666758982704
0.090555555555555542,b2_B_plus_0p40,B,1,-0.23000000000000001,0.40000000000000002,11707.802021048044,11930.349547050537,0.019008480464770498
0.09256944444444444,b2_B_plus_0p40,B,1,-0.23000000000000001,0.40000000000000002,11293.506420438127,11520.568863505518,0.020105575240694982
0.094583333333333325,b2_B_plus_0p40,B,1,-0.23000000000000001,0.40000000000000002,10905.933260694259,11137.30857353236,0.02121554453959424
0.096597222222222209,b2_B_plus_0p40,B,1,-0.23000000000000001,0.40000000000000002,10547.062828581997,10782.558722863096,0.022328101966257115
0.098611111111111108,b2_B_plus_0p40,B,1,-0.23000000000000001,0.40000000000000002,10217.506885527357,10456.944637852437,0.023434068115406256
0.10062499999999999,b2_B_plus_0p40,B,1,-0.23000000000000001,0.40000000000000002,9917.5747185926975,10160.78927048309,0.024523591582772036
0.10263888888888888,b2_B_plus_0p40,B,1,-0.23000000000000001,0.40000000000000002,9646.3289064114288,9893.1712955556031,0.025589256963870544
0.10465277777777778,b2_B_plus_0p40,B,1,-0.23000000000000001,0.40000000000000002,9402.2514957171061,9652.5893696803032,0.02662531140304325
0.10666666666666666,b2_B_plus_0p40,B,1,-0.23000000000000001,0.40000000000000002,9183.526535192188,9437.2434403630396,0.027627393920906428
0.10868055555555554,b2_B_plus_0p40,B,1,-0.23000000000000001,0.40000000000000002,8987.5439967850725,9244.5392759812821,0.028594605966673341
0.11069444444444444,b2_B_plus_0p40,B,1,-0.23000000000000001,0.40000000000000002,8811.5845059017847,9071.772334306077,0.029527927494768375
0.11270833333333333,b2_B_plus_0p40,B,1,-0.23000000000000001,0.40000000000000002,8652.787739910098,8916.094815583192,0.030430317209633729
0.11472222222222221,b2_B_plus_0p40,B,1,-0.23000000000000001,0.40000000000000002,8508.0786220863047,8774.4415284507522,0.03130705746806222
0.11673611111111111,b2_B_plus_0p40,B,1,-0.23000000000000001,0.40000000000000002,8374.4015170252314,8643.76574922894,0.032165191943100496
0.11874999999999999,b2_B_plus_0p40,B,1,-0.23000000000000001,0.40000000000000002,8248.9191830401505,8521.2354873895529,0.033012361778169318
0.12076388888888888,b2_B_plus_0p40,B,1,-0.23000000000000001,0.40000000000000002,8129.0377739333462,8404.2583087746243,0.033856471392444874
0.12277777777777778,b2_B_plus_0p40,B,1,-0.23000000000000001,0.40000000000000002,8012.2116942904086,8290.2896490168605,0.034706765789103325
0.12479166666666666,b2_B_plus_0p40,B,1,-0.23000000000000001,0.40000000000000002,7896.3513444439322,8177.2380527338328,0.03557170850655466
0.12680555555555556,b2_B_plus_0p40,B,1,-0.23000000000000001,0.40000000000000002,7780.0112914265119,8063.6523535802689,0.036457667158700198
0.12881944444444443,b2_B_plus_0p40,B,1,-0.23000000000000001,0.40000000000000002,7661.8091533312418,7948.14458860179,0.037371778589140897
0.13083333333333333,b2_B_plus_0p40,B,1,-0.23000000000000001,0.40000000000000002,7540.691203943079,7829.6549837425491,0.038320595815986867
0.13284722222222223,b2_B_plus_0p40,B,1,-0.23000000000000001,0.40000000000000002,7416.5316145480829,7708.0494549635578,0.039306491978493126
0.1348611111111111,b2_B_plus_0p40,B,1,-0.23000000000000001,0.40000000000000002,7289.3678813959777,7583.3575184735218,0.040331293722720235
0.136875,b2_B_plus_0p40,B,1,-0.23000000000000001,0.40000000000000002,7159.2838754400727,7455.6558892436406,0.041396879766183343
0.1388888888888889,b2_B_plus_0p40,B,1,-0.23000000000000001,0.40000000000000002,7026.9375624183385,7325.5964010741955,0.042501991230597003
0.14090277777777779,b2_B_plus_0p40,B,1,-0.23000000000000001,0.40000000000000002,6893.3349353474969,7194.1797827612008,0.043642859404819885
0.14291666666666666,b2_B_plus_0p40,B,1,-0.23000000000000001,0.40000000000000002,6759.4685587178719,7062.3940197343782,0.044814981885789668
0.14493055555555556,b2_B_plus_0p40,B,1,-0.23000000000000001,0.40000000000000002,6626.3349044740789,6931.2324950472084,0.04601300643094023
0.14694444444444446,b2_B_plus_0p40,B,1,-0.23000000000000001,0.40000000000000002,6494.9934515505402,6801.7547591263392,0.04723042599874621
0.14895833333333333,b2_B_plus_0p40,B,1,-0.23000000000000001,0.40000000000000002,6366.5041537536435,6675.0216448787387,0.048459481636118233
0.15097222222222223,b2_B_plus_0p40,B,1,-0.23000000000000001,0.40000000000000002,6241.9057960348564,6552.0730701951834,0.04969111747206429
0.15298611111111113,b2_B_plus_0p40,B,1,-0.23000000000000001,0.40000000000000002,6122.0238478451192,6433.7373596343468,0.050916742491773713
0.155,b2_B_plus_0p40,B,1,-0.23000000000000001,0.40000000000000002,6007.3200085147637,6320.4818120754262,0.052130035209841927
0.1570138888888889,b2_B_plus_0p40,B,1,-0.23000000000000001,0.40000000000000002,5898.2119404442592,6212.7297761726386,0.053324268253522544
0.1590277777777778,b2_B_plus_0p40,B,1,-0.23000000000000001,0.40000000000000002,5795.1066777933456,6110.8937632290308,0.054492022838124911
0.16104166666666667,b2_B_plus_0p40,B,1,-0.23000000000000001,0.40000000000000002,5698.1838443566803,6015.1594291023921,0.055627475947381974
0.16305555555555556,b2_B_plus_0p40,B,1,-0.23000000000000001,0.40000000000000002,5607.2177409970172,5925.3082082513556,0.056728752466419972
0.16506944444444446,b2_B_plus_0p40,B,1,-0.23000000000000001,0.40000000000000002,5521.9432920314466,5841.0818836922153,0.057794615913804873
0.16708333333333333,b2_B_plus_0p40,B,1,-0.23000000000000001,0.40000000000000002,5442.0998796182066,5762.2262716830146,0.058824056732907047
0.16909722222222223,b2_B_plus_0p40,B,1,-0.23000000000000001,0.40000000000000002,5367.3749404502341,5688.4347191952793,0.059816909067677976
0.1711111111111111,b2_B_plus_0p40,B,1,-0.23000000000000001,0.40000000000000002,5297.2674530839213,5619.2113430383379,0.06077546448348381
0.173125,b2_B_plus_0p40,B,1,-0.23000000000000001,0.40000000000000002,5231.2441796428566,5554.027614246309,0.061702995218527387
0.1751388888888889,b2_B_plus_0p40,B,1,-0.23000000000000001,0.40000000000000002,5168.7833712644679,5492.3661637238984,0.062603279963012001
0.17715277777777777,b2_B_plus_0p40,B,1,-0.23000000000000001,0.40000000000000002,5109.3771854689658,5433.7231282145658,0.063480524332405461
0.17916666666666667,b2_B_plus_0p40,B,1,-0.23000000000000001,0.40000000000000002,5052.5480906483817,5377.6234393004215,0.064338892538937445
0.18118055555555557,b2_B_plus_0p40,B,1,-0.23000000000000001,0.40000000000000002,4997.8406339338644,5323.6130270626727,0.065182629257305599
0.18319444444444444,b2_B_plus_0p40,B,1,-0.23000000000000001,0.40000000000000002,4944.8078933590868,5271.2462544755781,0.066016388938971798
0.18520833333333334,b2_B_plus_0p40,B,1,-0.23000000000000001,0.40000000000000002,4893.0128050309158,5220.0872739485003,0.066845210088412571
0.18722222222222223,b2_B_plus_0p40,B,1,-0.23000000000000001,0.40000000000000002,4842.0643429895163,5169.7459385612237,0.067673944904539443
0.1892361111111111,b2_B_plus_0p40,B,1,-0.23000000000000001,0.40000000000000002,4791.7567738539874,5120.0159988257637,0.068504984802840688
0.19125,b2_B_plus_0p40,B,1,-0.23000000000000001,0.40000000000000002,4741.9421938238993,5070.7487099140017,0.069340051533811092
0.1932638888888889,b2_B_plus_0p40,B,1,-0.23000000000000001,0.40000000000000002,4692.4740488173338,5021.7968118268709,0.070181051527080443
0.19527777777777777,b2_B_plus_0p40,B,1,-0.23000000000000001,0.40000000000000002,4643.208140864087,4973.0155312872921,0.071030068094649096
0.19729166666666667,b2_B_plus_0p40,B,1,-0.23000000000000001,0.40000000000000002,4594.0402789685031,4924.3000938178275,0.071888750379758837
0.19930555555555557,b2_B_plus_0p40,B,1,-0.23000000000000001,0.40000000000000002,4545.0209025263894,4875.6999382389404,0.072756328915614052
0.20131944444444444,b2_B_plus_0p40,B,1,-0.23000000000000001,0.40000000000000002,4496.2358664649746,4827.2999525273481,0.073631387652859565
0.20333333333333334,b2_B_plus_0p40,B,1,-0.23000000000000001,0.40000000000000002,4447.7649930923199,4779.1791709223562,0.074512519961091692
0.20534722222222224,b2_B_plus_0p40,B,1,-0.23000000000000001,0.40000000000000002,4399.6817664588498,4731.4104599465827,0.075398338129061951
0.20736111111111111,b2_B_plus_0p40,B,1,-0.23000000000000001,0.40000000000000002,4352.0589069701819,4684.0661080418104,0.076287386767649568
0.20937500000000001,b2_B_plus_0p40,B,1,-0.23000000000000001,0.40000000000000002,4305.00890447038,4637.25849752456,0.077177446185806367
0.2113888888888889,b2_B_plus_0p40,B,1,-0.23000000000000001,0.40000000000000002,4258.6626583458074,4591.118614625605,0.078065811488560954
0.21340277777777777,b2_B_plus_0p40,B,1,-0.23000000000000001,0.40000000000000002,4213.1483122408117,4545.7747880463603,0.078949624165648546
0.21541666666666667,b2_B_plus_0p40,B,1,-0.23000000000000001,0.40000000000000002,4168.5902529104014,4501.3516817186564,0.079825890437643668
0.21743055555555557,b2_B_plus_0p40,B,1,-0.23000000000000001,0.40000000000000002,4125.1078410636756,4457.9690234187619,0.080691510423460053
0.21944444444444444,b2_B_plus_0p40,B,1,-0.23000000000000001,0.40000000000000002,4082.781947999933,4415.7083626196927,0.081544010642756279
0.22145833333333334,b2_B_plus_0p40,B,1,-0.23000000000000001,0.40000000000000002,4041.6365633163855,4374.5947853619327,0.082382029365930087
0.22347222222222224,b2_B_plus_0p40,B,1,-0.23000000000000001,0.40000000000000002,4001.6923281999279,4334.6500609259492,0.08320423096490151
0.22548611111111111,b2_B_plus_0p40,B,1,-0.23000000000000001,0.40000000000000002,3962.9715347825299,4295.8976022838551,0.084009199808596322
0.22750000000000001,b2_B_plus_0p40,B,1,-0.23000000000000001,0.40000000000000002,3925.4977059658809,4258.3620455289374,0.084795448754734215
0.22951388888888891,b2_B_plus_0p40,B,1,-0.23000000000000001,0.40000000000000002,3889.2920361670203,4222.0657010628393,0.085561501116736507
0.23152777777777778,b2_B_plus_0p40,B,1,-0.23000000000000001,0.40000000000000002,3854.3142846667838,4186.9696388214188,0.086307272730198226
0.23354166666666668,b2_B_plus_0p40,B,1,-0.23000000000000001,0.40000000000000002,3820.4691490860296,4152.9800101055062,0.087034039026076968
0.23555555555555557,b2_B_plus_0p40,B,1,-0.23000000000000001,0.40000000000000002,3787.6614487248089,4120.0030344415518,0.087743213118646662
0.23756944444444444,b2_B_plus_0p40,B,1,-0.23000000000000001,0.40000000000000002,3755.798398972559,4087.9472697175484,0.088436288496169677
0.23958333333333334,b2_B_plus_0p40,B,1,-0.23000000000000001,0.40000000000000002,3724.7897821112051,4056.7237859335628,0.089114828819740269
0.24159722222222221,b2_B_plus_0p40,B,1,-0.23000000000000001,0.40000000000000002,3694.5483229496031,4026.2465438250174,0.089780452678068542
0.24361111111111111,b2_B_plus_0p40,B,1,-0.23000000000000001,0.40000000000000002,3664.9957017512688,3996.4384120834002,0.090434679138574683
0.24562500000000001,b2_B_plus_0p40,B,1,-0.23000000000000001,0.40000000000000002,3636.0616446124495,3967.2302536580751,0.091078931386193052
0.24763888888888888,b2_B_plus_0p40,B,1,-0.23000000000000001,0.40000000000000002,3607.6764520453798,3938.5534507976149,0.091714709772447486
0.24965277777777778,b2_B_plus_0p40,B,1,-0.23000000000000001,0.40000000000000002,3579.7710007771675,3910.339909912153,0.092343590990378727
0.25166666666666665,b2_B_plus_0p40,B,1,-0.23000000000000001,0.40000000000000002,3552.2771218367707,3882.5224428933316,0.092967217852024289
0.25368055555555552,b2_B_plus_0p40,B,1,-0.23000000000000001,0.40000000000000002,3525.127941667959,3855.0351113438883,0.09358728963460812
0.25569444444444445,b2_B_plus_0p40,B,1,-0.23000000000000001,0.40000000000000002,3498.2728446841916,3827.8281423704339,0.094205144171935817
0.25770833333333332,b2_B_plus_0p40,B,1,-0.23000000000000001,0.40000000000000002,3471.712850898396,3800.9031914359057,0.094820728175235777
0.25972222222222219,b2_B_plus_0p40,B,1,-0.23000000000000001,0.40000000000000002,3445.4590935140532,3774.2719663224361,0.095433689352853096
0.26173611111111111,b2_B_plus_0p40,B,1,-0.23000000000000001,0.40000000000000002,3419.5216668956914,3747.9451154369958,0.096043681115041343
0.26374999999999998,b2_B_plus_0p40,B,1,-0.23000000000000001,0.40000000000000002,3393.9097447091644,3721.9323475579149,0.096650361241960442
0.26576388888888891,b2_B_plus_0p40,B,1,-0.23000000000000001,0.40000000000000002,3368.6316913848746,3696.242544832442,0.097253390534031259
0.26777777777777778,b2_B_plus_0p40,B,1,-0.23000000000000001,0.40000000000000002,3343.6952433928604,3670.8839441716073,0.097852428813681946
0.26979166666666665,b2_B_plus_0p40,B,1,-0.23000000000000001,0.40000000000000002,3319.1136512149651,3645.8701770217363,0.09844692292689694
0.27180555555555558,b2_B_plus_0p40,B,1,-0.23000000000000001,0.40000000000000002,3294.9103402966357,3621.2248675634087,0.099035935295706826
0.27381944444444445,b2_B_plus_0p40,B,1,-0.23000000000000001,0.40000000000000002,3271.1096134029176,3596.972507695235,0.099618457589173842
0.27583333333333332,b2_B_plus_0p40,B,1,-0.23000000000000001,0.40000000000000002,3247.735479308255,3573.1373037192784,0.10019345063174041
0.27784722222222225,b2_B_plus_0p40,B,1,-0.23000000000000001,0.40000000000000002,3224.8115094687728,3549.743032737626,0.1007598497818496
0.27986111111111112,b2_B_plus_0p40,B,1,-0.23000000000000001,0.40000000000000002,3202.3607131025065,3526.8129174587443,0.10131657031287476
0.28187499999999999,b2_B_plus_0p40,B,1,-0.23000000000000001,0.40000000000000002,3180.4053678066675,3504.3694563401114,0.10186251470103076
0.28388888888888891,b2_B_plus_0p40,B,1,-0.23000000000000001,0.40000000000000002,3158.9508712465472,3482.4182228202003,0.10239708205592014
0.28590277777777778,b2_B_plus_0p40,B,1,-0.23000000000000001,0.40000000000000002,3137.9648510459365,3460.9269107112837,0.10292086591017693
0.28791666666666665,b2_B_plus_0p40,B,1,-0.23000000000000001,0.40000000000000002,3117.4101805672572,3439.8584609755062,0.10343466587049349
0.28993055555555558,b2_B_plus_0p40,B,1,-0.23000000000000001,0.40000000000000002,3097.2503068108463,3419.1764064679382,0.10393932287267103
0.29194444444444445,b2_B_plus_0p40,B,1,-0.23000000000000001,0.40000000000000002,3077.4491539465116,3398.8447743173956,0.10443572071978093
0.29395833333333332,b2_B_plus_0p40,B,1,-0.23000000000000001,0.40000000000000002,3057.9710349496213,3378.8279964608996,0.10492478765959413
0.29597222222222225,b2_B_plus_0p40,B,1,-0.23000000000000001,0.40000000000000002,3038.7805709089298,3359.0908278980505,0.10540749801270208
0.29798611111111112,b2_B_plus_0p40,B,1,-0.23000000000000001,0.40000000000000002,3019.8441264740777,3339.5997785635827,0.10588482010919109
0.29999999999999999,b2_B_plus_0p40,B,1,-0.23000000000000001,0.40000000000000002,3001.1444588806617,3320.3377366683594,0.10635718545409421
0.01,bK2_A_plus_0p12,A,2,-0.18428571428571427,0.12,37523.630499326566,37500.502028158291,-0.00061637082714290623
0.01201388888888889,bK2_A_plus_0p12,A,2,-0.18428571428571427,0.12,39965.052992701596,39930.117122683951,-0.00087416048276040903
0.014027777777777778,bK2_A_plus_0p12,A,2,-0.18428571428571427,0.12,41372.126022042401,41323.738870462723,-0.0011695592233741693
0.016041666666666666,bK2_A_plus_0p12,A,2,-0.18428571428571427,0.12,41936.090163900888,41873.190178520919,-0.0014999010430904168
0.018055555555555554,bK2_A_plus_0p12,A,2,-0.18428571428571427,0.12,41820.331620354191,41742.429365528653,-0.0018627842441025144
0.020069444444444445,bK2_A_plus_0p12,A,2,-0.18428571428571427,0.12,41168.025524457466,41075.147689566409,-0.0022560672684163278
0.022083333333333333,bK2_A_plus_0p12,A,2,-0.18428571428571427,0.12,40103.665521216128,39996.275247794336,-0.0026778169034194364
0.024097222222222221,bK2_A_plus_0p12,A,2,-0.18428571428571427,0.12,38741.103005943245,38619.985434641458,-0.0031263325487456265
0.026111111111111113,bK2_A_plus_0p12,A,2,-0.18428571428571427,0.12,37178.341918562975,37044.49621714207,-0.0036000987272129178
0.028124999999999997,bK2_A_plus_0p12,A,2,-0.18428571428571427,0.12,35494.578670905452,35349.132157941749,-0.004097710647934071
0.030138888888888889,bK2_A_plus_0p12,A,2,-0.18428571428571427,0.12,33766.873872940683,33610.942692035198,-0.0046178743549737293
0.03215277777777778,bK2_A_plus_0p12,A,2,-0.18428571428571427,0.12,32054.434820951014,31889.053967813743,-0.0051593751086566175
0.034166666666666665,bK2_A_plus_0p12,A,2,-0.18428571428571427,0.12,30394.532102968096,30220.645973341874,-0.0057209674765561439
0.036180555555555556,bK2_A_plus_0p12,A,2,-0.18428571428571427,0.12,28819.622802855592,28638.018606083515,-0.0063014078294627539
0.038194444444444448,bK2_A_plus_0p12,A,2,-0.18428571428571427,0.12,27358.020589491964,27169.26672027391,-0.0068993978786079432
0.040208333333333332,bK2_A_plus_0p12,A,2,-0.18428571428571427,0.12,26023.359984122879,25827.832135625595,-0.0075135512330682013
0.042222222222222223,bK2_A_plus_0p12,A,2,-0.18428571428571427,0.12,24818.891885469166,24616.80679481506,-0.0081423897403099278
0.044236111111111115,bK2_A_plus_0p12,A,2,-0.18428571428571427,0.12,23742.001563981416,23533.442433021279,-0.0087843954688529013
0.046249999999999999,bK2_A_plus_0p12,A,2,-0.18428571428571427,0.12,22786.603388547002,22571.542759472111,-0.0094380292405925117
0.048263888888888891,bK2_A_plus_0p12,A,2,-0.18428571428571427,0.12,21945.215138483531,21723.527332749858,-0.010101874341843056
0.050277777777777775,bK2_A_plus_0p12,A,2,-0.18428571428571427,0.12,21207.279046306059,20978.781083181304,-0.010774506367640576
0.052291666666666667,bK2_A_plus_0p12,A,2,-0.18428571428571427,0.12,20557.516333807242,20322.038309744006,-0.011454595012335566
0.054305555555555558,bK2_A_plus_0p12,A,2,-0.18428571428571427,0.12,19981.614511473068,19739.01800376414,-0.012140986283647565
0.056319444444444443,bK2_A_plus_0p12,A,2,-0.18428571428571427,0.12,19464.634896756281,19214.85235467938,-0.012832634334103327
0.058333333333333334,bK2_A_plus_0p12,A,2,-0.18428571428571427,0.12,18991.691511088102,18734.756595549898,-0.013528806288170563
0.060347222222222226,bK2_A_plus_0p12,A,2,-0.18428571428571427,0.12,18549.256631069773,18285.319600681178,-0.014228981551018281
0.06236111111111111,bK2_A_plus_0p12,A,2,-0.18428571428571427,0.12,18125.081149470621,17854.424100245691,-0.014932735858831469
0.064375000000000002,bK2_A_plus_0p12,A,2,-0.18428571428571427,0.12,17708.408831647514,17431.449441181692,-0.015639993016812129
0.066388888888888886,bK2_A_plus_0p12,A,2,-0.18428571428571427,0.12,17290.597273455809,17007.884472703234,-0.016350667144771829
0.068402777777777771,bK2_A_plus_0p12,A,2,-0.18428571428571427,0.12,16865.234210765084,16577.431850286361,-0.017064830341639657
0.070416666666666669,bK2_A_plus_0p12,A,2,-0.18428571428571427,0.12,16427.908106552262,16135.776304366955,-0.017782653779807242
0.072430555555555554,bK2_A_plus_0p12,A,2,-0.18428571428571427,0.12,15976.741747577064,15681.104413695981,-0.018504231873555647
0.074444444444444438,bK2_A_plus_0p12,A,2,-0.18428571428571427,0.12,15511.435726888223,15213.155255389793,-0.01922971391883329
0.076458333333333323,bK2_A_plus_0p12,A,2,-0.18428571428571427,0.12,15033.963183946358,14733.898431654436,-0.0199591251235961
0.078472222222222221,bK2_A_plus_0p12,A,2,-0.18428571428571427,0.12,14547.312156379023,14246.294730349309,-0.020692305409677817
0.080486111111111105,bK2_A_plus_0p12,A,2,-0.18428571428571427,0.12,14055.960782062382,13754.754997676606,-0.021429042742504126
0.08249999999999999,bK2_A_plus_0p12,A,2,-0.18428571428571427,0.12,13564.805352205651,13264.093007539081,-0.022168570566158102
0.084513888888888888,bK2_A_plus_0p12,A,2,-0.18428571428571427,0.12,13079.260030608719,12779.61014989208,-0.022910308382537225
0.086527777777777773,bK2_A_plus_0p12,A,2,-0.18428571428571427,0.12,12604.717354492932,12306.581517481893,-0.023652718948495043
0.088541666666666657,bK2_A_plus_0p12,A,2,-0.18428571428571427,0.12,12146.03919741754,11849.74009386465,-0.024394709973922089
0.090555555555555542,bK2_A_plus_0p12,A,2,-0.18428571428571427,0.12,11707.802021048044,11413.535363509647,-0.025134235871888747
0.09256944444444444,bK2_A_plus_0p12,A,2,-0.18428571428571427,0.12,11293.506420438127,11001.348397703721,-0.025869558298181012
0.094583333333333325,bK2_A_plus_0p12,A,2,-0.18428571428571427,0.12,10905.933260694259,10615.84775719706,-0.026598870226236162
0.096597222222222209,bK2_A_plus_0p12,A,2,-0.18428571428571427,0.12,10547.062828581997,10258.917272550845,-0.027319980995115709
0.098611111111111108,bK2_A_plus_0p12,A,2,-0.18428571428571427,0.12,10217.506885527357,9931.0933523211152,-0.028031645724842475
0.10062499999999999,bK2_A_plus_0p12,A,2,-0.18428571428571427,0.12,9917.5747185926975,9632.6196940191876,-0.028732329491735358
0.10263888888888888,bK2_A_plus_0p12,A,2,-0.18428571428571427,0.12,9646.3289064114288,9362.5246427671846,-0.029420960698905239
0.10465277777777778,bK2_A_plus_0p12,A,2,-0.18428571428571427,0.12,9402.2514957171061,9119.2707608895507,-0.030097124604299103
0.10666666666666666,bK2_A_plus_0p12,A,2,-0.18428571428571427,0.12,9183.526535192188,8901.0359101843715,-0.030760582432607382
0.10868055555555554,bK2_A_plus_0p12,A,2,-0.18428571428571427,0.12,8987.5439967850725,8705.2354696630064,-0.031411087080413798
0.11069444444444444,bK2_A_plus_0p12,A,2,-0.18428571428571427,0.12,8811.5845059017847,8529.1790054705561,-0.032049343706807808
0.11270833333333333,bK2_A_plus_0p12,A,2,-0.18428571428571427,0.12,8652.787739910098,8370.0501743800614,-0.032675892906275567
0.11472222222222221,bK2_A_plus_0p12,A,2,-0.18428571428571427,0.12,8508.0786220863047,8224.8390006154332,-0.033290668087575456
0.11673611111111111,bK2_A_plus_0p12,A,2,-0.18428571428571427,0.12,8374.4015170252314,8090.5525700378421,-0.033894833727559151
0.11874999999999999,bK2_A_plus_0p12,A,2,-0.18428571428571427,0.12,8248.9191830401505,7964.4217466145947,-0.034489056094825742
0.12076388888888888,bK2_A_plus_0p12,A,2,-0.18428571428571427,0.12,8129.0377739333462,7843.927341702899,-0.035073084928290678
0.12277777777777778,bK2_A_plus_0p12,A,2,-0.18428571428571427,0.12,8012.2116942904086,7726.5933167188923,-0.035647882066702143
0.12479166666666666,bK2_A_plus_0p12,A,2,-0.18428571428571427,0.12,7896.3513444439322,7610.3915022054052,-0.036214174086837643
0.12680555555555556,bK2_A_plus_0p12,A,2,-0.18428571428571427,0.12,7780.0112914265119,7493.9291739065902,-0.036771427033169095
0.12881944444444443,bK2_A_plus_0p12,A,2,-0.18428571428571427,0.12,7661.8091533312418,7375.871681529462,-0.037319837401256384
0.13083333333333333,bK2_A_plus_0p12,A,2,-0.18428571428571427,0.12,7540.691203943079,7255.2008784466761,-0.037859967710535347
0.13284722222222223,bK2_A_plus_0p12,A,2,-0.18428571428571427,0.12,7416.5316145480829,7131.800975615206,-0.038391347024579039
0.1348611111111111,bK2_A_plus_0p12,A,2,-0.18428571428571427,0.12,7289.3678813959777,7005.7139208875233,-0.038913382494029411
0.136875,bK2_A_plus_0p12,A,2,-0.18428571428571427,0.12,7159.2838754400727,6877.0245589064407,-0.039425635502724342
0.1388888888888889,bK2_A_plus_0p12,A,2,-0.18428571428571427,0.12,7026.9375624183385,6746.3669702391708,-0.039927861844073174
0.14090277777777779,bK2_A_plus_0p12,A,2,-0.18428571428571427,0.12,6893.3349353474969,6614.7098842633386,-0.040419485444618486
0.14291666666666666,bK2_A_plus_0p12,A,2,-0.18428571428571427,0.12,6759.4685587178719,6483.0108412179834,-0.040899327380306168
0.14493055555555556,bK2_A_plus_0p12,A,2,-0.18428571428571427,0.12,6626.3349044740789,6352.2283528174958,-0.041366238744061569
0.14694444444444446,bK2_A_plus_0p12,A,2,-0.18428571428571427,0.12,6494.9934515505402,6223.3696610589504,-0.041820487197988684
0.14895833333333333,bK2_A_plus_0p12,A,2,-0.18428571428571427,0.12,6366.5041537536435,6097.4430473777174,-0.042261985522665475
0.15097222222222223,bK2_A_plus_0p12,A,2,-0.18428571428571427,0.12,6241.9057960348564,5975.439720542432,-0.042689858546358671
0.15298611111111113,bK2_A_plus_0p12,A,2,-0.18428571428571427,0.12,6122.0238478451192,5858.1413633312941,-0.043103798853496578
0.155,bK2_A_plus_0p12,A,2,-0.18428571428571427,0.12,6007.3200085147637,5745.9689950087668,-0.043505425570064267
0.1570138888888889,bK2_A_plus_0p12,A,2,-0.18428571428571427,0.12,5898.2119404442592,5639.3025564127702,-0.043896249684779502
0.1590277777777778,bK2_A_plus_0p12,A,2,-0.18428571428571427,0.12,5795.1066777933456,5538.5143278137912,-0.044277416145384815
0.16104166666666667,bK2_A_plus_0p12,A,2,-0.18428571428571427,0.12,5698.1838443566803,5443.759993936761,-0.044649989780848061
0.16305555555555556,bK2_A_plus_0p12,A,2,-0.18428571428571427,0.12,5607.2177409970172,5354.806490182038,-0.045015418069015108
0.16506944444444446,bK2_A_plus_0p12,A,2,-0.18428571428571427,0.12,5521.9432920314466,5271.3836315396329,-0.045375268676407628
0.16708333333333333,bK2_A_plus_0p12,A,2,-0.18428571428571427,0.12,5442.0998796182066,5193.2262345771251,-0.045731179240786263
0.16909722222222223,bK2_A_plus_0p12,A,2,-0.18428571428571427,0.12,5367.3749404502341,5120.0234793108657,-0.0460842523363236
0.1711111111111111,bK2_A_plus_0p12,A,2,-0.18428571428571427,0.12,5297.2674530839213,5051.2959927493612,-0.04643364952082274
0.173125,bK2_A_plus_0p12,A,2,-0.18428571428571427,0.12,5231.2441796428566,4986.5353074282748,-0.04677833108361773
0.1751388888888889,bK2_A_plus_0p12,A,2,-0.18428571428571427,0.12,5168.7833712644679,4925.2431206314013,-0.047117519373517089
0.17715277777777777,bK2_A_plus_0p12,A,2,-0.18428571428571427,0.12,5109.3771854689658,4866.9340464789293,-0.04745062464355599
0.17916666666666667,bK2_A_plus_0p12,A,2,-0.18428571428571427,0.12,5052.5480906483817,4811.1560241059178,-0.047776302612388716
0.18118055555555557,bK2_A_plus_0p12,A,2,-0.18428571428571427,0.12,4997.8406339338644,4757.4804681542173,-0.048092803149358633
0.18319444444444444,bK2_A_plus_0p12,A,2,-0.18428571428571427,0.12,4944.8078933590868,4705.4852687880257,-0.048398770939609849
0.18520833333333334,bK2_A_plus_0p12,A,2,-0.18428571428571427,0.12,4893.0128050309158,4654.7561091795606,-0.048693250016918745
0.18722222222222223,bK2_A_plus_0p12,A,2,-0.18428571428571427,0.12,4842.0643429895163,4604.9220485588921,-0.048975452954061992
0.1892361111111111,bK2_A_plus_0p12,A,2,-0.18428571428571427,0.12,4791.7567738539874,4555.7922155802462,-0.049243851349315464
0.19125,bK2_A_plus_0p12,A,2,-0.18428571428571427,0.12,4741.9421938238993,4507.2310461904308,-0.049496838645390062
0.1932638888888889,bK2_A_plus_0p12,A,2,-0.18428571428571427,0.12,4692.4740488173338,4459.1030127262638,-0.049733047783159838
0.19527777777777777,bK2_A_plus_0p12,A,2,-0.18428571428571427,0.12,4643.208140864087,4411.2736926896905,-0.049951335614955697
0.19729166666666667,bK2_A_plus_0p12,A,2,-0.18428571428571427,0.12,4594.0402789685031,4363.6436676488775,-0.05015119531589228
0.19930555555555557,bK2_A_plus_0p12,A,2,-0.18428571428571427,0.12,4545.0209025263894,4316.2515663806735,-0.050334055893681916
0.20131944444444444,bK2_A_plus_0p12,A,2,-0.18428571428571427,0.12,4496.2358664649746,4269.1676251422496,-0.050501852675547104
0.20333333333333334,bK2_A_plus_0p12,A,2,-0.18428571428571427,0.12,4447.7649930923199,4222.4565563091355,-0.050656551578849962
0.20534722222222224,bK2_A_plus_0p12,A,2,-0.18428571428571427,0.12,4399.6817664588498,4176.1772274743907,-0.050800160295309274
0.20736111111111111,bK2_A_plus_0p12,A,2,-0.18428571428571427,0.12,4352.0589069701819,4130.3880839246085,-0.050934701892602879
0.20937500000000001,bK2_A_plus_0p12,A,2,-0.18428571428571427,0.12,4305.00890447038,4085.1869635887597,-0.051061901556894392
0.2113888888888889,bK2_A_plus_0p12,A,2,-0.18428571428571427,0.12,4258.6626583458074,4040.6908398965693,-0.051183161460810533
0.21340277777777777,bK2_A_plus_0p12,A,2,-0.18428571428571427,0.12,4213.1483122408117,3997.0152272797759,-0.051299662139375993
0.21541666666666667,bK2_A_plus_0p12,A,2,-0.18428571428571427,0.12,4168.5902529104014,3954.2731217673672,-0.05141237640072769
0.21743055555555557,bK2_A_plus_0p12,A,2,-0.18428571428571427,0.12,4125.1078410636756,3912.5737035331058,-0.051522080323545424
0.21944444444444444,bK2_A_plus_0p12,A,2,-0.18428571428571427,0.12,4082.781947999933,3871.9911061048788,-0.051629218650365613
0.22145833333333334,bK2_A_plus_0p12,A,2,-0.18428571428571427,0.12,4041.6365633163855,3832.5472803198682,-0.051733816170979031
0.22347222222222224,bK2_A_plus_0p12,A,2,-0.18428571428571427,0.12,4001.6923281999279,3794.2617680714593,-0.05183570927397526
0.22548611111111111,bK2_A_plus_0p12,A,2,-0.18428571428571427,0.12,3962.9715347825299,3757.1562907435145,-0.051934575414584606
0.22750000000000001,bK2_A_plus_0p12,A,2,-0.18428571428571427,0.12,3925.4977059658809,3721.2542973806489,-0.052029939611180388
0.22951388888888891,bK2_A_plus_0p12,A,2,-0.18428571428571427,0.12,3889.2920361670203,3686.5774714914228,-0.05212119912583809
0.23152777777777778,bK2_A_plus_0p12,A,2,-0.18428571428571427,0.12,3854.3142846667838,3653.0882700667962,-0.052207993364864938
0.23354166666666668,bK2_A_plus_0p12,A,2,-0.18428571428571427,0.12,3820.4691490860296,3620.6956123616237,-0.052290315385009105
0.23555555555555557,bK2_A_plus_0p12,A,2,-0.18428571428571427,0.12,3787.6614487248089,3589.3082083625086,-0.05236826021741723
0.23756944444444444,bK2_A_plus_0p12,A,2,-0.18428571428571427,0.12,3755.798398972559,3558.8367846344295,-0.052442009238837357
0.23958333333333334,bK2_A_plus_0p12,A,2,-0.18428571428571427,0.12,3724.7897821112051,3529.1942730671408,-0.052511824958132565
0.24159722222222221,bK2_A_plus_0p12,A,2,-0.18428571428571427,0.12,3694.5483229496031,3500.2962511072847,-0.052578029805612089
0.24361111111111111,bK2_A_plus_0p12,A,2,-0.18428571428571427,0.12,3664.9957017512688,3472.0682413707045,-0.052640569343199092
0.24562500000000001,bK2_A_plus_0p12,A,2,-0.18428571428571427,0.12,3636.0616446124495,3444.4448221592129,-0.05269900270727125
0.24763888888888888,bK2_A_plus_0p12,A,2,-0.18428571428571427,0.12,3607.6764520453798,3417.3606630581262,-0.052753009178346279
0.24965277777777778,bK2_A_plus_0p12,A,2,-0.18428571428571427,0.12,3579.7710007771675,3390.7504761720293,-0.052802406791971311
0.25166666666666665,bK2_A_plus_0p12,A,2,-0.18428571428571427,0.12,3552.2771218367707,3364.5494261315607,-0.052847142626119739
0.25368055555555552,bK2_A_plus_0p12,A,2,-0.18428571428571427,0.12,3525.127941667959,3338.6935020803253,-0.052887283149053568
0.25569444444444445,bK2_A_plus_0p12,A,2,-0.18428571428571427,0.12,3498.2728446841916,3313.1341487591253,-0.052922886276979275
0.25770833333333332,bK2_A_plus_0p12,A,2,-0.18428571428571427,0.12,3471.712850898396,3287.8729107547811,-0.052953671008834038
0.25972222222222219,bK2_A_plus_0p12,A,2,-0.18428571428571427,0.12,3445.4590935140532,3262.9211198208968,-0.052979289185808999
0.26173611111111111,bK2_A_plus_0p12,A,2,-0.18428571428571427,0.12,3419.5216668956914,3238.2890464503184,-0.052999406963810662
0.26374999999999998,bK2_A_plus_0p12,A,2,-0.18428571428571427,0.12,3393.9097447091644,3213.9860214597393,-0.053013703010196998
0.26576388888888891,bK2_A_plus_0p12,A,2,-0.18428571428571427,0.12,3368.6316913848746,3190.0205507062847,-0.05302186675242055
0.26777777777777778,bK2_A_plus_0p12,A,2,-0.18428571428571427,0.12,3343.6952433928604,3166.4004875098763,-0.053023599035623391
0.26979166666666665,bK2_A_plus_0p12,A,2,-0.18428571428571427,0.12,3319.1136512149651,3143.1382697750132,-0.053018787523451003
0.27180555555555558,bK2_A_plus_0p12,A,2,-0.18428571428571427,0.12,3294.9103402966357,3120.2550824573827,-0.053007590435231393
0.27381944444444445,bK2_A_plus_0p12,A,2,-0.18428571428571427,0.12,3271.1096134029176,3097.7731187774498,-0.05299012112441772
0.27583333333333332,bK2_A_plus_0p12,A,2,-0.18428571428571427,0.12,3247.735479308255,3075.7145547652863,-0.052966420953595633
0.27784722222222225,bK2_A_plus_0p12,A,2,-0.18428571428571427,0.12,3224.8115094687728,3054.1013885277598,-0.052936464794847579
0.27986111111111112,bK2_A_plus_0p12,A,2,-0.18428571428571427,0.12,3202.3607131025065,3032.955298598707,-0.052900166371225653
0.28187499999999999,bK2_A_plus_0p12,A,2,-0.18428571428571427,0.12,3180.4053678066675,3012.2974575968246,-0.052857384757143931
0.28388888888888891,bK2_A_plus_0p12,A,2,-0.18428571428571427,0.12,3158.9508712465472,2992.1321253827391,-0.052808274855499757
0.28590277777777778,bK2_A_plus_0p12,A,2,-0.18428571428571427,0.12,3137.9648510459365,2972.425369254026,-0.052753771839328722
0.28791666666666665,bK2_A_plus_0p12,A,2,-0.18428571428571427,0.12,3117.4101805672572,2953.1384982162131,-0.052694920731012854
0.28993055555555558,bK2_A_plus_0p12,A,2,-0.18428571428571427,0.12,3097.2503068108463,2934.2334609594827,-0.052632764453324897
0.29194444444444445,bK2_A_plus_0p12,A,2,-0.18428571428571427,0.12,3077.4491539465116,2915.6727440796203,-0.052568345332181916
0.29395833333333332,bK2_A_plus_0p12,A,2,-0.18428571428571427,0.12,3057.9710349496213,2897.4192786614085,-0.052502706681411659
0.29597222222222225,bK2_A_plus_0p12,A,2,-0.18428571428571427,0.12,3038.7805709089298,2879.4363547856101,-0.052436894472988632
0.29798611111111112,bK2_A_plus_0p12,A,2,-0.18428571428571427,0.12,3019.8441264740777,2861.6892209628604,-0.052371877119325512
0.29999999999999999,bK2_A_plus_0p12,A,2,-0.18428571428571427,0.12,3001.1444588806617,2844.1613305824312,-0.052307754741263111
0.01,bK2_B_plus_0p12,B,2,-0.028571428571428595,0.12,37523.630499326566,37490.300491572998,-0.0008882404849969392
0.01201388888888889,bK2_B_plus_0p12,B,2,-0.028571428571428595,0.12,39965.052992701596,39914.704603943028,-0.0012598103840313346
0.014027777777777778,bK2_B_plus_0p12,B,2,-0.028571428571428595,0.12,41372.126022042401,41302.363980418639,-0.0016862087673859027
0.016041666666666666,bK2_B_plus_0p12,B,2,-0.028571428571428595,0.12,41936.090163900888,41845.347437541401,-0.0021638337290108118
0.018055555555555554,bK2_B_plus_0p12,B,2,-0.028571428571428595,0.12,41820.331620354191,41707.856858272004,-0.0026894756144746857
0.020069444444444445,bK2_B_plus_0p12,B,2,-0.028571428571428595,0.12,41168.025524457466,41033.804989326985,-0.0032603102388464368
0.022083333333333333,bK2_B_plus_0p12,B,2,-0.028571428571428595,0.12,40103.665521216128,39948.310670117622,-0.0038738317078851033
0.024097222222222221,bK2_B_plus_0p12,B,2,-0.028571428571428595,0.12,38741.103005943245,38565.688338174274,-0.004527869734169963
0.026111111111111113,bK2_B_plus_0p12,B,2,-0.028571428571428595,0.12,37178.341918562975,36984.251709149779,-0.0052205181672259513
0.028124999999999997,bK2_B_plus_0p12,B,2,-0.028571428571428595,0.12,35494.578670905452,35283.384617232878,-0.005950036923404527
0.030138888888888889,bK2_B_plus_0p12,B,2,-0.028571428571428595,0.12,33766.873872940683,33540.137202063896,-0.0067147664225584314
0.03215277777777778,bK2_B_plus_0p12,B,2,-0.028571428571428595,0.12,32054.434820951014,31813.60627618455,-0.0075131115588741122
0.034166666666666665,bK2_B_plus_0p12,B,2,-0.028571428571428595,0.12,30394.532102968096,30140.937521993612,-0.0083434276966454866
0.036180555555555556,bK2_B_plus_0p12,B,2,-0.028571428571428595,0.12,28819.622802855592,28554.368345799667,-0.0092039531145301119
0.038194444444444448,bK2_B_plus_0p12,B,2,-0.028571428571428595,0.12,27358.020589491964,27081.905106951817,-0.010092670324482484
0.040208333333333332,bK2_B_plus_0p12,B,2,-0.028571428571428595,0.12,26023.359984122879,25736.911270927332,-0.011007368509305174
0.042222222222222223,bK2_B_plus_0p12,B,2,-0.028571428571428595,0.12,24818.891885469166,24522.413908245966,-0.011945657307801881
0.044236111111111115,bK2_B_plus_0p12,B,2,-0.028571428571428595,0.12,23742.001563981416,23435.610184802623,-0.012905035759226545
0.046249999999999999,bK2_B_plus_0p12,B,2,-0.028571428571428595,0.12,22786.603388547002,22470.258698656173,-0.0138829242997151
0.048263888888888891,bK2_B_plus_0p12,B,2,-0.028571428571428595,0.12,21945.215138483531,21618.739196401082,-0.01487686222359854
0.050277777777777775,bK2_B_plus_0p12,B,2,-0.028571428571428595,0.12,21207.279046306059,20870.413818487104,-0.015884415303038645
0.052291666666666667,bK2_B_plus_0p12,B,2,-0.028571428571428595,0.12,20557.516333807242,20210.023179279553,-0.016903459974696906
0.054305555555555558,bK2_B_plus_0p12,B,2,-0.028571428571428595,0.12,19981.614511473068,19623.30037861476,-0.017932191247737796
0.056319444444444443,bK2_B_plus_0p12,B,2,-0.028571428571428595,0.12,19464.634896756281,19095.408106764004,-0.018969109461889143
0.058333333333333334,bK2_B_plus_0p12,B,2,-0.028571428571428595,0.12,18991.691511088102,18611.604765254917,-0.020013317171420738
0.060347222222222226,bK2_B_plus_0p12,B,2,-0.028571428571428595,0.12,18549.256631069773,18158.528926255549,-0.021064332257917016
0.06236111111111111,bK2_B_plus_0p12,B,2,-0.028571428571428595,0.12,18125.081149470621,17724.119443071188,-0.022121926136101446
0.064375000000000002,bK2_B_plus_0p12,B,2,-0.028571428571428595,0.12,17708.408831647514,17297.813418558624,-0.02318646564987225
0.066388888888888886,bK2_B_plus_0p12,B,2,-0.028571428571428595,0.12,17290.597273455809,16871.15570744023,-0.024258361893576559
0.068402777777777771,bK2_B_plus_0p12,B,2,-0.028571428571428595,0.12,16865.234210765084,16437.898149165136,-0.025338282069464497
0.070416666666666669,bK2_B_plus_0p12,B,2,-0.028571428571428595,0.12,16427.908106552262,15993.766850885277,-0.026427056497462915
0.072430555555555554,bK2_B_plus_0p12,B,2,-0.028571428571428595,0.12,15976.741747577064,15536.97607379279,-0.027525366606803027
0.074444444444444438,bK2_B_plus_0p12,B,2,-0.028571428571428595,0.12,15511.435726888223,15067.281916548767,-0.028633958723081946
0.076458333333333323,bK2_B_plus_0p12,B,2,-0.028571428571428595,0.12,15033.963183946358,14586.653220650642,-0.029753296441045247
0.078472222222222221,bK2_B_plus_0p12,B,2,-0.028571428571428595,0.12,14547.312156379023,14098.039962773379,-0.0308835191529617
0.080486111111111105,bK2_B_plus_0p12,B,2,-0.028571428571428595,0.12,14055.960782062382,13605.82516481755,-0.032024535656024034
0.08249999999999999,bK2_B_plus_0p12,B,2,-0.028571428571428595,0.12,13564.805352205651,13114.788241543525,-0.03317534597641332
0.084513888888888888,bK2_B_plus_0p12,B,2,-0.028571428571428595,0.12,13079.260030608719,12630.183307302996,-0.034335025242618618
0.086527777777777773,bK2_B_plus_0p12,B,2,-0.028571428571428595,0.12,12604.717354492932,12157.23604625603,-0.035501098172375747
0.088541666666666657,bK2_B_plus_0p12,B,2,-0.028571428571428595,0.12,12146.03919741754,11700.625038227909,-0.036671556212689832
0.090555555555555542,bK2_B_plus_0p12,B,2,-0.028571428571428595,0.12,11707.802021048044,11264.745995202522,-0.037842801325902641
0.09256944444444444,bK2_B_plus_0p12,B,2,-0.028571428571428595,0.12,11293.506420438127,10852.929230482699,-0.039011549960967347
0.094583333333333325,bK2_B_plus_0p12,B,2,-0.028571428571428595,0.12,10905.933260694259,10467.795468394219,-0.040174259444546487
0.096597222222222209,bK2_B_plus_0p12,B,2,-0.028571428571428595,0.12,10547.062828581997,10111.18728556504,-0.04132672290865249
0.098611111111111108,bK2_B_plus_0p12,B,2,-0.028571428571428595,0.12,10217.506885527357,9783.6087025367924,-0.042466150290063585
0.10062499999999999,bK2_B_plus_0p12,B,2,-0.028571428571428595,0.12,9917.5747185926975,9485.2750882880537,-0.043589248639004673
0.10263888888888888,bK2_B_plus_0p12,B,2,-0.028571428571428595,0.12,9646.3289064114288,9215.1996970187629,-0.044693604538625677
0.10465277777777778,bK2_B_plus_0p12,B,2,-0.028571428571428595,0.12,9402.2514957171061,8971.8362459789896,-0.045777891596941254
0.10666666666666666,bK2_B_plus_0p12,B,2,-0.028571428571428595,0.12,9183.526535192188,8753.3593910941818,-0.046841171792727218
0.10868055555555554,bK2_B_plus_0p12,B,2,-0.028571428571428595,0.12,8987.5439967850725,8557.194723576813,-0.047882855801562638
0.11069444444444444,bK2_B_plus_0p12,B,2,-0.028571428571428595,0.12,8811.5845059017847,8380.6635852469026,-0.048903908300063602
0.11270833333333333,bK2_B_plus_0p12,B,2,-0.028571428571428595,0.12,8652.787739910098,8220.9678386983505,-0.049905292281702734
0.11472222222222221,bK2_B_plus_0p12,B,2,-0.028571428571428595,0.12,8508.0786220863047,8075.124737335901,-0.05088738644545307
0.11673611111111111,bK2_B_plus_0p12,B,2,-0.028571428571428595,0.12,8374.4015170252314,7940.1676930138146,-0.051852520222324623
0.11874999999999999,bK2_B_plus_0p12,B,2,-0.028571428571428595,0.12,8248.9191830401505,7813.3562789939115,-0.052802421066478644
0.12076388888888888,bK2_B_plus_0p12,B,2,-0.028571428571428595,0.12,8129.0377739333462,7692.2028990703466,-0.053737587031980429
0.12277777777777778,bK2_B_plus_0p12,B,2,-0.028571428571428595,0.12,8012.2116942904086,7574.26105637398,-0.054660392738813568
0.12479166666666666,bK2_B_plus_0p12,B,2,-0.028571428571428595,0.12,7896.3513444439322,7457.5287602310163,-0.055572829155035294
0.12680555555555556,bK2_B_plus_0p12,B,2,-0.028571428571428595,0.12,7780.0112914265119,7340.6358224508676,-0.056474914047982328
0.12881944444444443,bK2_B_plus_0p12,B,2,-0.028571428571428595,0.12,7661.8091533312418,7222.2680916944491,-0.057367790405701585
0.13083333333333333,bK2_B_plus_0p12,B,2,-0.028571428571428595,0.12,7540.691203943079,7101.4227996752434,-0.058253068901447547
0.13284722222222223,bK2_B_plus_0p12,B,2,-0.028571428571428595,0.12,7416.5316145480829,6977.9886380721709,-0.059130466809536278
0.1348611111111111,bK2_B_plus_0p12,B,2,-0.028571428571428595,0.12,7289.3678813959777,6852.0096537142663,-0.059999472491701643
0.136875,bK2_B_plus_0p12,B,2,-0.028571428571428595,0.12,7159.2838754400727,6723.571306472897,-0.06085979778814022
0.1388888888888889,bK2_B_plus_0p12,B,2,-0.028571428571428595,0.12,7026.9375624183385,6593.2976155615152,-0.061711085804437557
0.14090277777777779,bK2_B_plus_0p12,B,2,-0.028571428571428595,0.12,6893.3349353474969,6462.141449730083,-0.06255223192570393
0.14291666666666666,bK2_B_plus_0p12,B,2,-0.028571428571428595,0.12,6759.4685587178719,6331.0453789382364,-0.063381192775441852
0.14493055555555556,bK2_B_plus_0p12,B,2,-0.028571428571428595,0.12,6626.3349044740789,6200.9516321093106,-0.064195860682735945
0.14694444444444446,bK2_B_plus_0p12,B,2,-0.028571428571428595,0.12,6494.9934515505402,6072.8450137699547,-0.064995975889676469
0.14895833333333333,bK2_B_plus_0p12,B,2,-0.028571428571428595,0.12,6366.5041537536435,5947.711529254967,-0.065780625345506064
0.15097222222222223,bK2_B_plus_0p12,B,2,-0.028571428571428595,0.12,6241.9057960348564,5826.5217829467128,-0.066547626103555496
0.15298611111111113,bK2_B_plus_0p12,B,2,-0.028571428571428595,0.12,6122.0238478451192,5710.0384613162987,-0.067295619352060271
0.155,bK2_B_plus_0p12,B,2,-0.028571428571428595,0.12,6007.3200085147637,5598.6649693510954,-0.068026181156396109
0.1570138888888889,bK2_B_plus_0p12,B,2,-0.028571428571428595,0.12,5898.2119404442592,5492.7648652273047,-0.068740675871070148
0.1590277777777778,bK2_B_plus_0p12,B,2,-0.028571428571428595,0.12,5795.1066777933456,5392.6952757154668,-0.069439860981318227
0.16104166666666667,bK2_B_plus_0p12,B,2,-0.028571428571428595,0.12,5698.1838443566803,5298.6013473217736,-0.07012453580813155
0.16305555555555556,bK2_B_plus_0p12,B,2,-0.028571428571428595,0.12,5607.2177409970172,5210.2465969805107,-0.070796455988156662
0.16506944444444446,bK2_B_plus_0p12,B,2,-0.028571428571428595,0.12,5521.9432920314466,5127.358394026829,-0.07145761503455339
0.16708333333333333,bK2_B_plus_0p12,B,2,-0.028571428571428595,0.12,5442.0998796182066,5049.6693469922084,-0.072110130520708013
0.16909722222222223,bK2_B_plus_0p12,B,2,-0.028571428571428595,0.12,5367.3749404502341,4976.8691244560223,-0.07275545687170773
0.1711111111111111,bK2_B_plus_0p12,B,2,-0.028571428571428595,0.12,5297.2674530839213,4908.4873434530828,-0.073392577036015344
0.173125,bK2_B_plus_0p12,B,2,-0.028571428571428595,0.12,5231.2441796428566,4844.0258836085377,-0.07402030620959367
0.1751388888888889,bK2_B_plus_0p12,B,2,-0.028571428571428595,0.12,5168.7833712644679,4782.9962501782302,-0.074637897039948969
0.17715277777777777,bK2_B_plus_0p12,B,2,-0.028571428571428595,0.12,5109.3771854689658,4724.9224723910847,-0.075244926949466093
0.17916666666666667,bK2_B_plus_0p12,B,2,-0.028571428571428595,0.12,5052.5480906483817,4669.3632963603022,-0.075839910360735688
0.18118055555555557,bK2_B_plus_0p12,B,2,-0.028571428571428595,0.12,4997.8406339338644,4615.9016290218005,-0.076420805081060528
0.18319444444444444,bK2_B_plus_0p12,B,2,-0.028571428571428595,0.12,4944.8078933590868,4564.126002177064,-0.076986184173763628
0.18520833333333334,bK2_B_plus_0p12,B,2,-0.028571428571428595,0.12,4893.0128050309158,4513.6318806839208,-0.077535240446728798
0.18722222222222223,bK2_B_plus_0p12,B,2,-0.028571428571428595,0.12,4842.0643429895163,4464.0569857619057,-0.078067396558845981
0.1892361111111111,bK2_B_plus_0p12,B,2,-0.028571428571428595,0.12,4791.7567738539874,4415.2168841384373,-0.078580760144196724
0.19125,bK2_B_plus_0p12,B,2,-0.028571428571428595,0.12,4741.9421938238993,4366.9813783204127,-0.079073257365273458
0.1932638888888889,bK2_B_plus_0p12,B,2,-0.028571428571428595,0.12,4692.4740488173338,4319.2197513579913,-0.079543177772803147
0.19527777777777777,bK2_B_plus_0p12,B,2,-0.028571428571428595,0.12,4643.208140864087,4271.8018600877713,-0.079989151790899077
0.19729166666666667,bK2_B_plus_0p12,B,2,-0.028571428571428595,0.12,4594.0402789685031,4224.6304256292278,-0.080410669238237212
0.19930555555555557,bK2_B_plus_0p12,B,2,-0.028571428571428595,0.12,4545.0209025263894,4177.7391128970839,-0.080809703080826023
0.20131944444444444,bK2_B_plus_0p12,B,2,-0.028571428571428595,0.12,4496.2358664649746,4131.1915524987253,-0.081188871048540889
0.20333333333333334,bK2_B_plus_0p12,B,2,-0.028571428571428595,0.12,4447.7649930923199,4085.0460572492839,-0.081550832026054218
0.20534722222222224,bK2_B_plus_0p12,B,2,-0.028571428571428595,0.12,4399.6817664588498,4039.3552956862668,-0.081898303081724286
0.20736111111111111,bK2_B_plus_0p12,B,2,-0.028571428571428595,0.12,4352.0589069701819,3994.1716314130963,-0.082234014568116146
0.20937500000000001,bK2_B_plus_0p12,B,2,-0.028571428571428595,0.12,4305.00890447038,3949.5865029422548,-0.0825602012481437
0.2113888888888889,bK2_B_plus_0p12,B,2,-0.028571428571428595,0.12,4258.6626583458074,3905.7107162861766,-0.082878586630462964
0.21340277777777777,bK2_B_plus_0p12,B,2,-0.028571428571428595,0.12,4213.1483122408117,3862.6541646371784,-0.083190555287435144
0.21541666666666667,bK2_B_plus_0p12,B,2,-0.028571428571428595,0.12,4168.5902529104014,3820.5247465364514,-0.083497174166000054
0.21743055555555557,bK2_B_plus_0p12,B,2,-0.028571428571428595,0.12,4125.1078410636756,3779.4270583509174,-0.08379921108283632
0.21944444444444444,bK2_B_plus_0p12,B,2,-0.028571428571428595,0.12,4082.781947999933,3739.4321247349799,-0.084097026889509194
0.22145833333333334,bK2_B_plus_0p12,B,2,-0.028571428571428595,0.12,4041.6365633163855,3700.5608056397368,-0.08439050674976506
0.22347222222222224,bK2_B_plus_0p12,B,2,-0.028571428571428595,0.12,4001.6923281999279,3662.8319572658611,-0.084679266455873592
0.22548611111111111,bK2_B_plus_0p12,B,2,-0.028571428571428595,0.12,3962.9715347825299,3626.2668448272498,-0.084962681916855354
0.22750000000000001,bK2_B_plus_0p12,B,2,-0.028571428571428595,0.12,3925.4977059658809,3590.8886778419637,-0.0852398990363403
0.22951388888888891,bK2_B_plus_0p12,B,2,-0.028571428571428595,0.12,3889.2920361670203,3556.7191506531603,-0.085509877484442554
0.23152777777777778,bK2_B_plus_0p12,B,2,-0.028571428571428595,0.12,3854.3142846667838,3523.7217763003746,-0.085772068375838187
0.23354166666666668,bK2_B_plus_0p12,B,2,-0.028571428571428595,0.12,3820.4691490860296,3491.8072736253789,-0.086026574914045945
0.23555555555555557,bK2_B_plus_0p12,B,2,-0.028571428571428595,0.12,3787.6614487248089,3460.8860177935439,-0.086273663936168421
0.23756944444444444,bK2_B_plus_0p12,B,2,-0.028571428571428595,0.12,3755.798398972559,3430.8702415151765,-0.086513737677259298
0.23958333333333334,bK2_B_plus_0p12,B,2,-0.028571428571428595,0.12,3724.7897821112051,3401.6742308404696,-0.08674732539874884
0.24159722222222221,bK2_B_plus_0p12,B,2,-0.028571428571428595,0.12,3694.5483229496031,3373.214793272045,-0.086975051234684145
0.24361111111111111,bK2_B_plus_0p12,B,2,-0.028571428571428595,0.12,3664.9957017512688,3345.4191301243532,-0.087196984016709847
0.24562500000000001,bK2_B_plus_0p12,B,2,-0.028571428571428595,0.12,3636.0616446124495,3318.2239568915866,-0.087412623543333734
0.24763888888888888,bK2_B_plus_0p12,B,2,-0.028571428571428595,0.12,3607.6764520453798,3291.5658733531468,-0.087621654240366678
0.24965277777777778,bK2_B_plus_0p12,B,2,-0.028571428571428595,0.12,3579.7710007771675,3265.3812910559509,-0.087823972442081538
0.25166666666666665,bK2_B_plus_0p12,B,2,-0.028571428571428595,0.12,3552.2771218367707,3239.6068563806843,-0.088019671532387198
0.25368055555555552,bK2_B_plus_0p12,B,2,-0.028571428571428595,0.12,3525.127941667959,3214.1798352097512,-0.088209027190961686
0.25569444444444445,bK2_B_plus_0p12,B,2,-0.028571428571428595,0.12,3498.2728446841916,3189.0525877566001,-0.088392264027509396
0.25770833333333332,bK2_B_plus_0p12,B,2,-0.028571428571428595,0.12,3471.712850898396,3164.2268649090911,-0.088568956937131169
0.25972222222222219,bK2_B_plus_0p12,B,2,-0.028571428571428595,0.12,3445.4590935140532,3139.7140523197545,-0.088738549173273354
0.26173611111111111,bK2_B_plus_0p12,B,2,-0.028571428571428595,0.12,3419.5216668956914,3115.5244626187796,-0.088900505360121437
0.26374999999999998,bK2_B_plus_0p12,B,2,-0.028571428571428595,0.12,3393.9097447091644,3091.667458537313,-0.089054308719618475
0.26576388888888891,bK2_B_plus_0p12,B,2,-0.028571428571428595,0.12,3368.6316913848746,3068.151569086353,-0.089199458363758227
0.26777777777777778,bK2_B_plus_0p12,B,2,-0.028571428571428595,0.12,3343.6952433928604,3044.9846580423027,-0.089335469774289286
0.26979166666666665,bK2_B_plus_0p12,B,2,-0.028571428571428595,0.12,3319.1136512149651,3022.1787567044821,-0.089462105162259109
0.27180555555555558,bK2_B_plus_0p12,B,2,-0.028571428571428595,0.12,3294.9103402966357,2999.7540024721411,-0.089579474808386475
0.27381944444444445,bK2_B_plus_0p12,B,2,-0.028571428571428595,0.12,3271.1096134029176,2977.7315959825719,-0.08968761432459188
0.27583333333333332,bK2_B_plus_0p12,B,2,-0.028571428571428595,0.12,3247.735479308255,2956.1328413440579,-0.089786449611440167
0.27784722222222225,bK2_B_plus_0p12,B,2,-0.028571428571428595,0.12,3224.8115094687728,2934.9789781601221,-0.089875805285870858
0.27986111111111112,bK2_B_plus_0p12,B,2,-0.028571428571428595,0.12,3202.3607131025065,2914.2910328915259,-0.089955412902843576
0.28187499999999999,bK2_B_plus_0p12,B,2,-0.028571428571428595,0.12,3180.4053678066675,2894.089625457158,-0.090024921114682965
0.28388888888888891,bK2_B_plus_0p12,B,2,-0.028571428571428595,0.12,3158.9508712465472,2874.3784677879594,-0.090084466348884146
0.28590277777777778,bK2_B_plus_0p12,B,2,-0.028571428571428595,0.12,3137.9648510459365,2855.1229379450278,-0.090135462481879827
0.28791666666666665,bK2_B_plus_0p12,B,2,-0.028571428571428595,0.12,3117.4101805672572,2836.2836606464361,-0.090179509155790996
0.28993055555555558,bK2_B_plus_0p12,B,2,-0.028571428571428595,0.12,3097.2503068108463,2817.821929852385,-0.0902182094692182
0.29194444444444445,bK2_B_plus_0p12,B,2,-0.028571428571428595,0.12,3077.4491539465116,2799.6996047127568,-0.090253172461864928
0.29395833333333332,bK2_B_plus_0p12,B,2,-0.028571428571428595,0.12,3057.9710349496213,2781.879013979179,-0.090286015732320618
0.29597222222222225,bK2_B_plus_0p12,B,2,-0.028571428571428595,0.12,3038.7805709089298,2764.3228684409351,-0.090318368195273044
0.29798611111111112,bK2_B_plus_0p12,B,2,-0.028571428571428595,0.12,3019.8441264740777,2746.9959306648921,-0.090351748097594331
0.29999999999999999,bK2_B_plus_0p12,B,2,-0.028571428571428595,0.12,3001.1444588806617,2729.8819459265569,-0.090386356495241044
0.01,btd_A_plus_0p20,A,3,0.35321428571428576,0.20000000000000001,37523.630499326566,37507.675621407427,-0.00042519547567300154
0.01201388888888889,btd_A_plus_0p20,A,3,0.35321428571428576,0.20000000000000001,39965.052992701596,39941.048295374378,-0.00060064219936357998
0.014027777777777778,btd_A_plus_0p20,A,3,0.35321428571428576,0.20000000000000001,41372.126022042401,41338.977067932246,-0.00080123883632408357
0.016041666666666666,btd_A_plus_0p20,A,3,0.35321428571428576,0.20000000000000001,41936.090163900888,41893.097940886801,-0.0010251843423184836
0.018055555555555554,btd_A_plus_0p20,A,3,0.35321428571428576,0.20000000000000001,41820.331620354191,41767.183165994677,-0.0012708759663122
0.020069444444444445,btd_A_plus_0p20,A,3,0.35321428571428576,0.20000000000000001,41168.025524457466,41104.754350346353,-0.0015369008667545591
0.022083333333333333,btd_A_plus_0p20,A,3,0.35321428571428576,0.20000000000000001,40103.665521216128,40030.595804354132,-0.0018220209028857767
0.024097222222222221,btd_A_plus_0p20,A,3,0.35321428571428576,0.20000000000000001,38741.103005943245,38658.772190309988,-0.0021251541449562382
0.026111111111111113,btd_A_plus_0p20,A,3,0.35321428571428576,0.20000000000000001,37178.341918562975,37087.428028940732,-0.0024453454600365091
0.028124999999999997,btd_A_plus_0p20,A,3,0.35321428571428576,0.20000000000000001,35494.578670905452,35395.841961442035,-0.0027817405688590649
0.030138888888888889,btd_A_plus_0p20,A,3,0.35321428571428576,0.20000000000000001,33766.873872940683,33661.063645895832,-0.0031335511674251406
0.03215277777777778,btd_A_plus_0p20,A,3,0.35321428571428576,0.20000000000000001,32054.434820951014,31942.243535689111,-0.0035000238153808745
0.034166666666666665,btd_A_plus_0p20,A,3,0.35321428571428576,0.20000000000000001,30394.532102968096,30276.589932188745,-0.0038803746140850907
0.036180555555555556,btd_A_plus_0p20,A,3,0.35321428571428576,0.20000000000000001,28819.622802855592,28696.453589187262,-0.0042737968678801122
0.038194444444444448,btd_A_plus_0p20,A,3,0.35321428571428576,0.20000000000000001,27358.020589491964,27230.000942829665,-0.0046794191942186722
0.040208333333333332,btd_A_plus_0p20,A,3,0.35321428571428576,0.20000000000000001,26023.359984122879,25890.737166885061,-0.0050962987607569643
0.042222222222222223,btd_A_plus_0p20,A,3,0.35321428571428576,0.20000000000000001,24818.891885469166,24681.807129663946,-0.0055234035603933971
0.044236111111111115,btd_A_plus_0p20,A,3,0.35321428571428576,0.20000000000000001,23742.001563981416,23600.507854281059,-0.0059596369463227727
0.046249999999999999,btd_A_plus_0p20,A,3,0.35321428571428576,0.20000000000000001,22786.603388547002,22640.681188005779,-0.0064038592348768563
0.048263888888888891,btd_A_plus_0p20,A,3,0.35321428571428576,0.20000000000000001,21945.215138483531,21794.780697770781,-0.0068549995870829028
0.050277777777777775,btd_A_plus_0p20,A,3,0.35321428571428576,0.20000000000000001,21207.279046306059,21052.211412870842,-0.0073120004266755533
0.052291666666666667,btd_A_plus_0p20,A,3,0.35321428571428576,0.20000000000000001,20557.516333807242,20397.703940128195,-0.007773915442121403
0.054305555555555558,btd_A_plus_0p20,A,3,0.35321428571428576,0.20000000000000001,19981.614511473068,19816.9672103013,-0.0082399398245437405
0.056319444444444443,btd_A_plus_0p20,A,3,0.35321428571428576,0.20000000000000001,19464.634896756281,19295.110140814162,-0.0087093725025569023
0.058333333333333334,btd_A_plus_0p20,A,3,0.35321428571428576,0.20000000000000001,18991.691511088102,18817.314547219205,-0.0091817500177427125
0.060347222222222226,btd_A_plus_0p20,A,3,0.35321428571428576,0.20000000000000001,18549.256631069773,18370.130712076811,-0.0096567707566743519
0.06236111111111111,btd_A_plus_0p20,A,3,0.35321428571428576,0.20000000000000001,18125.081149470621,17941.397491974873,-0.010134225385308889
0.064375000000000002,btd_A_plus_0p20,A,3,0.35321428571428576,0.20000000000000001,17708.408831647514,17520.448833818333,-0.010614166389318324
0.066388888888888886,btd_A_plus_0p20,A,3,0.35321428571428576,0.20000000000000001,17290.597273455809,17098.729229519296,-0.011096669530963206
0.068402777777777771,btd_A_plus_0p20,A,3,0.35321428571428576,0.20000000000000001,16865.234210765084,16669.902053713136,-0.011581941561610029
0.070416666666666669,btd_A_plus_0p20,A,3,0.35321428571428576,0.20000000000000001,16427.908106552262,16229.61870628428,-0.012070276932514289
0.072430555555555554,btd_A_plus_0p20,A,3,0.35321428571428576,0.20000000000000001,15976.741747577064,15776.04309803955,-0.012561926124139164
0.074444444444444438,btd_A_plus_0p20,A,3,0.35321428571428576,0.20000000000000001,15511.435726888223,15308.900088996588,-0.013057181904867161
0.076458333333333323,btd_A_plus_0p20,A,3,0.35321428571428576,0.20000000000000001,15033.963183946358,14830.159239204728,-0.013556235454883736
0.078472222222222221,btd_A_plus_0p20,A,3,0.35321428571428576,0.20000000000000001,14547.312156379023,14342.789396803917,-0.014059144216921346
0.080486111111111105,btd_A_plus_0p20,A,3,0.35321428571428576,0.20000000000000001,14055.960782062382,13851.223185854917,-0.014565891252965295
0.08249999999999999,btd_A_plus_0p20,A,3,0.35321428571428576,0.20000000000000001,13564.805352205651,13360.301442249249,-0.01507606667744402
0.084513888888888888,btd_A_plus_0p20,A,3,0.35321428571428576,0.20000000000000001,13079.260030608719,12875.363064477517,-0.01558933499708948
0.086527777777777773,btd_A_plus_0p20,A,3,0.35321428571428576,0.20000000000000001,12604.717354492932,12401.722343293983,-0.016104685689488463
0.088541666666666657,btd_A_plus_0p20,A,3,0.35321428571428576,0.20000000000000001,12146.03919741754,11944.155498282013,-0.016621360746015987
0.090555555555555542,btd_A_plus_0p20,A,3,0.35321428571428576,0.20000000000000001,11707.802021048044,11507.154684730882,-0.017137916746152948
0.09256944444444444,btd_A_plus_0p20,A,3,0.35321428571428576,0.20000000000000001,11293.506420438127,11094.141255495437,-0.017653079346720366
0.094583333333333325,btd_A_plus_0p20,A,3,0.35321428571428576,0.20000000000000001,10905.933260694259,10707.821693299062,-0.018165485030905613
0.096597222222222209,btd_A_plus_0p20,A,3,0.35321428571428576,0.20000000000000001,10547.062828581997,10350.112495567222,-0.01867347679782937
0.098611111111111108,btd_A_plus_0p20,A,3,0.35321428571428576,0.20000000000000001,10217.506885527357,10021.575766495893,-0.019176020258815929
0.10062499999999999,btd_A_plus_0p20,A,3,0.35321428571428576,0.20000000000000001,9917.5747185926975,9722.477626630196,-0.019671855014789921
0.10263888888888888,btd_A_plus_0p20,A,3,0.35321428571428576,0.20000000000000001,9646.3289064114288,9451.8584543484976,-0.020160047822304343
0.10465277777777778,btd_A_plus_0p20,A,3,0.35321428571428576,0.20000000000000001,9402.2514957171061,9208.1879321679535,-0.020640116214456935
0.10666666666666666,btd_A_plus_0p20,A,3,0.35321428571428576,0.20000000000000001,9183.526535192188,8989.6465812828374,-0.021111710535858242
0.10868055555555554,btd_A_plus_0p20,A,3,0.35321428571428576,0.20000000000000001,8987.5439967850725,8793.6419139101017,-0.021574535039197734
0.11069444444444444,btd_A_plus_0p20,A,3,0.35321428571428576,0.20000000000000001,8811.5845059017847,8617.4744157106034,-0.022028965399034778
0.11270833333333333,btd_A_plus_0p20,A,3,0.35321428571428576,0.20000000000000001,8652.787739910098,8458.3135603390256,-0.022475320719365414
0.11472222222222221,btd_A_plus_0p20,A,3,0.35321428571428576,0.20000000000000001,8508.0786220863047,8313.1280484581148,-0.022913583934463591
0.11673611111111111,btd_A_plus_0p20,A,3,0.35321428571428576,0.20000000000000001,8374.4015170252314,8178.904402000504,-0.023344607328330283
0.11874999999999999,btd_A_plus_0p20,A,3,0.35321428571428576,0.20000000000000001,8248.9191830401505,8052.8509704301086,-0.023768957879131587
0.12076388888888888,btd_A_plus_0p20,A,3,0.35321428571428576,0.20000000000000001,8129.0377739333462,7932.4237028367306,-0.024186635191569689
0.12277777777777778,btd_A_plus_0p20,A,3,0.35321428571428576,0.20000000000000001,8012.2116942904086,7815.1233910912169,-0.024598489246064097
0.12479166666666666,btd_A_plus_0p20,A,3,0.35321428571428576,0.20000000000000001,7896.3513444439322,7698.9012865331724,-0.025005227009014811
0.12680555555555556,btd_A_plus_0p20,A,3,0.35321428571428576,0.20000000000000001,7780.0112914265119,7582.3468285492272,-0.025406706426648606
0.12881944444444443,btd_A_plus_0p20,A,3,0.35321428571428576,0.20000000000000001,7661.8091533312418,7464.1092021933,-0.025803298826881472
0.13083333333333333,btd_A_plus_0p20,A,3,0.35321428571428576,0.20000000000000001,7540.691203943079,7343.1581375880514,-0.026195618015989859
0.13284722222222223,btd_A_plus_0p20,A,3,0.35321428571428576,0.20000000000000001,7416.5316145480829,7219.3741576233688,-0.026583511966425784
0.1348611111111111,btd_A_plus_0p20,A,3,0.35321428571428576,0.20000000000000001,7289.3678813959777,7092.7973990318278,-0.026966739168953147
0.136875,btd_A_plus_0p20,A,3,0.35321428571428576,0.20000000000000001,7159.2838754400727,6963.5120910103642,-0.027345162984988448
0.1388888888888889,btd_A_plus_0p20,A,3,0.35321428571428576,0.20000000000000001,7026.9375624183385,6832.1600424760672,-0.027718692276986465
0.14090277777777779,btd_A_plus_0p20,A,3,0.35321428571428576,0.20000000000000001,6893.3349353474969,6699.7222119438738,-0.02808694561043593
0.14291666666666666,btd_A_plus_0p20,A,3,0.35321428571428576,0.20000000000000001,6759.4685587178719,6567.1676454083899,-0.028449117210770397
0.14493055555555556,btd_A_plus_0p20,A,3,0.35321428571428576,0.20000000000000001,6626.3349044740789,6435.4673952384264,-0.028804386133091373
0.14694444444444446,btd_A_plus_0p20,A,3,0.35321428571428576,0.20000000000000001,6494.9934515505402,6305.6461276622431,-0.029152812131487901
0.14895833333333333,btd_A_plus_0p20,A,3,0.35321428571428576,0.20000000000000001,6366.5041537536435,6178.7293868794859,-0.02949417173684667
0.15097222222222223,btd_A_plus_0p20,A,3,0.35321428571428576,0.20000000000000001,6241.9057960348564,6055.7242828173839,-0.029827671115405723
0.15298611111111113,btd_A_plus_0p20,A,3,0.35321428571428576,0.20000000000000001,6122.0238478451192,5937.4271892986553,-0.030152881323949724
0.155,btd_A_plus_0p20,A,3,0.35321428571428576,0.20000000000000001,6007.3200085147637,5824.2728686814035,-0.030470682363168529
0.1570138888888889,btd_A_plus_0p20,A,3,0.35321428571428576,0.20000000000000001,5898.2119404442592,5716.6540176446952,-0.03078185806695324
0.1590277777777778,btd_A_plus_0p20,A,3,0.35321428571428576,0.20000000000000001,5795.1066777933456,5614.9546721604702,-0.031086917920460703
0.16104166666666667,btd_A_plus_0p20,A,3,0.35321428571428576,0.20000000000000001,5698.1838443566803,5519.3386763323761,-0.031386345704066294
0.16305555555555556,btd_A_plus_0p20,A,3,0.35321428571428576,0.20000000000000001,5607.2177409970172,5429.575623685686,-0.03168097361593538
0.16506944444444446,btd_A_plus_0p20,A,3,0.35321428571428576,0.20000000000000001,5521.9432920314466,5345.3972244769993,-0.03197172774469012
0.16708333333333333,btd_A_plus_0p20,A,3,0.35321428571428576,0.20000000000000001,5442.0998796182066,5266.5399948628638,-0.032259585204022265
0.16909722222222223,btd_A_plus_0p20,A,3,0.35321428571428576,0.20000000000000001,5367.3749404502341,5192.6926924818454,-0.03254519199915179
0.1711111111111111,btd_A_plus_0p20,A,3,0.35321428571428576,0.20000000000000001,5297.2674530839213,5123.3688571435869,-0.03282798112054839
0.173125,btd_A_plus_0p20,A,3,0.35321428571428576,0.20000000000000001,5231.2441796428566,5058.0518796628203,-0.033107286533097822
0.1751388888888889,btd_A_plus_0p20,A,3,0.35321428571428576,0.20000000000000001,5168.7833712644679,4996.2357475433691,-0.033382637910570327
0.17715277777777777,btd_A_plus_0p20,A,3,0.35321428571428576,0.20000000000000001,5109.3771854689658,4937.42768351019,-0.03365371075907235
0.17916666666666667,btd_A_plus_0p20,A,3,0.35321428571428576,0.20000000000000001,5052.5480906483817,4881.1671878323014,-0.033919697495464605
0.18118055555555557,btd_A_plus_0p20,A,3,0.35321428571428576,0.20000000000000001,4997.8406339338644,4827.0167402288344,-0.034179539968758943
0.18319444444444444,btd_A_plus_0p20,A,3,0.35321428571428576,0.20000000000000001,4944.8078933590868,4774.5459782057478,-0.034432463065350229
0.18520833333333334,btd_A_plus_0p20,A,3,0.35321428571428576,0.20000000000000001,4893.0128050309158,4723.3330186052499,-0.034677977186408332
0.18722222222222223,btd_A_plus_0p20,A,3,0.35321428571428576,0.20000000000000001,4842.0643429895163,4673.0002318534835,-0.034915709325674039
0.1892361111111111,btd_A_plus_0p20,A,3,0.35321428571428576,0.20000000000000001,4791.7567738539874,4623.3517584456658,-0.035144733624047075
0.19125,btd_A_plus_0p20,A,3,0.35321428571428576,0.20000000000000001,4741.9421938238993,4574.2478771051428,-0.035364057566363509
0.1932638888888889,btd_A_plus_0p20,A,3,0.35321428571428576,0.20000000000000001,4692.4740488173338,4525.5493441301314,-0.035572856226934957
0.19527777777777777,btd_A_plus_0p20,A,3,0.35321428571428576,0.20000000000000001,4643.208140864087,4477.1184412684843,-0.035770461835185778
0.19729166666666667,btd_A_plus_0p20,A,3,0.35321428571428576,0.20000000000000001,4594.0402789685031,4428.8541198028088,-0.035956619693108892
0.19930555555555557,btd_A_plus_0p20,A,3,0.35321428571428576,0.20000000000000001,4545.0209025263894,4380.7988874884231,-0.03613229038103697
0.20131944444444444,btd_A_plus_0p20,A,3,0.35321428571428576,0.20000000000000001,4496.2358664649746,4333.0281284800594,-0.036298749183109956
0.20333333333333334,btd_A_plus_0p20,A,3,0.35321428571428576,0.20000000000000001,4447.7649930923199,4285.6115389164534,-0.03645728909411846
0.20534722222222224,btd_A_plus_0p20,A,3,0.35321428571428576,0.20000000000000001,4399.6817664588498,4238.612810853454,-0.036609228611330806
0.20736111111111111,btd_A_plus_0p20,A,3,0.35321428571428576,0.20000000000000001,4352.0589069701819,4192.0951052665041,-0.036755890745753118
0.20937500000000001,btd_A_plus_0p20,A,3,0.35321428571428576,0.20000000000000001,4305.00890447038,4146.161106507665,-0.036898366876260191
0.2113888888888889,btd_A_plus_0p20,A,3,0.35321428571428576,0.20000000000000001,4258.6626583458074,4100.9323969031402,-0.037037510152056592
0.21340277777777777,btd_A_plus_0p20,A,3,0.35321428571428576,0.20000000000000001,4213.1483122408117,4056.5286714897998,-0.037174015520880628
0.21541666666666667,btd_A_plus_0p20,A,3,0.35321428571428576,0.20000000000000001,4168.5902529104014,4013.0666978064432,-0.037308429389378263
0.21743055555555557,btd_A_plus_0p20,A,3,0.35321428571428576,0.20000000000000001,4125.1078410636756,3970.6590277750165,-0.03744115771985098
0.21944444444444444,btd_A_plus_0p20,A,3,0.35321428571428576,0.20000000000000001,4082.781947999933,3929.3820308185573,-0.037572400175944501
0.22145833333333334,btd_A_plus_0p20,A,3,0.35321428571428576,0.20000000000000001,4041.6365633163855,3889.2583431431058,-0.037702108486529773
0.22347222222222224,btd_A_plus_0p20,A,3,0.35321428571428576,0.20000000000000001,4001.6923281999279,3850.3078806131516,-0.037830106657618344
0.22548611111111111,btd_A_plus_0p20,A,3,0.35321428571428576,0.20000000000000001,3962.9715347825299,3812.5525627126326,-0.037956107115503582
0.22750000000000001,btd_A_plus_0p20,A,3,0.35321428571428576,0.20000000000000001,3925.4977059658809,3776.0158712233906,-0.038079715220648638
0.22951388888888891,btd_A_plus_0p20,A,3,0.35321428571428576,0.20000000000000001,3889.2920361670203,3740.7193355556728,-0.038200448624004339
0.23152777777777778,btd_A_plus_0p20,A,3,0.35321428571428576,0.20000000000000001,3854.3142846667838,3706.6245336736947,-0.038318035345645741
0.23354166666666668,btd_A_plus_0p20,A,3,0.35321428571428576,0.20000000000000001,3820.4691490860296,3673.6390064322027,-0.038432490074930471
0.23555555555555557,btd_A_plus_0p20,A,3,0.35321428571428576,0.20000000000000001,3787.6614487248089,3641.6701936693362,-0.038543902888845454
0.23756944444444444,btd_A_plus_0p20,A,3,0.35321428571428576,0.20000000000000001,3755.798398972559,3610.6276759744742,-0.038652426881538124
0.23958333333333334,btd_A_plus_0p20,A,3,0.35321428571428576,0.20000000000000001,3724.7897821112051,3580.4233575792732,-0.038758274420014442
0.24159722222222221,btd_A_plus_0p20,A,3,0.35321428571428576,0.20000000000000001,3694.5483229496031,3550.9718852234528,-0.0388617024804601
0.24361111111111111,btd_A_plus_0p20,A,3,0.35321428571428576,0.20000000000000001,3664.9957017512688,3522.1975201274317,-0.038962714623540458
0.24562500000000001,btd_A_plus_0p20,A,3,0.35321428571428576,0.20000000000000001,3636.0616446124495,3494.0332416974043,-0.039061054733626054
0.24763888888888888,btd_A_plus_0p20,A,3,0.35321428571428576,0.20000000000000001,3607.6764520453798,3466.412279404834,-0.039156552567361155
0.24965277777777778,btd_A_plus_0p20,A,3,0.35321428571428576,0.20000000000000001,3579.7710007771675,3439.2680809437888,-0.039249136272369242
0.25166666666666665,btd_A_plus_0p20,A,3,0.35321428571428576,0.20000000000000001,3552.2771218367707,3412.534711740288,-0.039338825576825005
0.25368055555555552,btd_A_plus_0p20,A,3,0.35321428571428576,0.20000000000000001,3525.127941667959,3386.1472167849279,-0.039425725018443061
0.25569444444444445,btd_A_plus_0p20,A,3,0.35321428571428576,0.20000000000000001,3498.2728446841916,3360.0563598814051,-0.039509921306685278
0.25770833333333332,btd_A_plus_0p20,A,3,0.35321428571428576,0.20000000000000001,3471.712850898396,3334.263506853662,-0.039591219074804951
0.25972222222222219,btd_A_plus_0p20,A,3,0.35321428571428576,0.20000000000000001,3445.4590935140532,3308.7799171101915,-0.039669365589379675
0.26173611111111111,btd_A_plus_0p20,A,3,0.35321428571428576,0.20000000000000001,3419.5216668956914,3283.615795995122,-0.039744117493470198
0.26374999999999998,btd_A_plus_0p20,A,3,0.35321428571428576,0.20000000000000001,3393.9097447091644,3258.7804152548906,-0.039815239537506771
0.26576388888888891,btd_A_plus_0p20,A,3,0.35321428571428576,0.20000000000000001,3368.6316913848746,3234.2822266989324,-0.039882503340906914
0.26777777777777778,btd_A_plus_0p20,A,3,0.35321428571428576,0.20000000000000001,3343.6952433928604,3210.1290375517219,-0.039945687665484841
0.26979166666666665,btd_A_plus_0p20,A,3,0.35321428571428576,0.20000000000000001,3319.1136512149651,3186.3335455390243,-0.040004687886278471
0.27180555555555558,btd_A_plus_0p20,A,3,0.35321428571428576,0.20000000000000001,3294.9103402966357,3162.9176654774692,-0.040059564961419679
0.27381944444444445,btd_A_plus_0p20,A,3,0.35321428571428576,0.20000000000000001,3271.1096134029176,3139.9042771651202,-0.040110345339759247
0.27583333333333332,btd_A_plus_0p20,A,3,0.35321428571428576,0.20000000000000001,3247.735479308255,3117.3161519081318,-0.040157004236041287
0.27784722222222225,btd_A_plus_0p20,A,3,0.35321428571428576,0.20000000000000001,3224.8115094687728,3095.1757975299834,-0.040199469506403643
0.27986111111111112,btd_A_plus_0p20,A,3,0.35321428571428576,0.20000000000000001,3202.3607131025065,3073.5053222411134,-0.040237625428696806
0.28187499999999999,btd_A_plus_0p20,A,3,0.35321428571428576,0.20000000000000001,3180.4053678066675,3052.3262538943573,-0.040271317363748088
0.28388888888888891,btd_A_plus_0p20,A,3,0.35321428571428576,0.20000000000000001,3158.9508712465472,3031.6432190801465,-0.040300611612919465
0.28590277777777778,btd_A_plus_0p20,A,3,0.35321428571428576,0.20000000000000001,3137.9648510459365,3011.4227929527678,-0.040326155358620427
0.28791666666666665,btd_A_plus_0p20,A,3,0.35321428571428576,0.20000000000000001,3117.4101805672572,2991.6267943687731,-0.040348680126397744
0.28993055555555558,btd_A_plus_0p20,A,3,0.35321428571428576,0.20000000000000001,3097.2503068108463,2972.2176605192499,-0.040368918849293479
0.29194444444444445,btd_A_plus_0p20,A,3,0.35321428571428576,0.20000000000000001,3077.4491539465116,2953.1583468721719,-0.040387607026731706
0.29395833333333332,btd_A_plus_0p20,A,3,0.35321428571428576,0.20000000000000001,3057.9710349496213,2934.4122353936173,-0.040405483944696556
0.29597222222222225,btd_A_plus_0p20,A,3,0.35321428571428576,0.20000000000000001,3038.7805709089298,2915.9430506109411,-0.040423293960065949
0.29798611111111112,btd_A_plus_0p20,A,3,0.35321428571428576,0.20000000000000001,3019.8441264740777,2897.7164045578575,-0.040441730367989107
0.29999999999999999,btd_A_plus_0p20,A,3,0.35321428571428576,0.20000000000000001,3001.1444588806617,2879.7155127047249,-0.040460880120787704
0.01,btd_B_plus_0p20,B,3,0.054761904761904817,0.20000000000000001,37523.630499326566,37501.132096148896,-0.00059957959499876124
0.01201388888888889,btd_B_plus_0p20,B,3,0.054761904761904817,0.20000000000000001,39965.052992701596,39931.203047298812,-0.00084698862801372687
0.014027777777777778,btd_B_plus_0p20,B,3,0.054761904761904817,0.20000000000000001,41372.126022042401,41325.381085400368,-0.0011298654707067345
0.016041666666666666,btd_B_plus_0p20,B,3,0.054761904761904817,0.20000000000000001,41936.090163900888,41875.464400071978,-0.0014456703901570981
0.018055555555555554,btd_B_plus_0p20,B,3,0.054761904761904817,0.20000000000000001,41820.331620354191,41745.383616100007,-0.0017921427533038978
0.020069444444444445,btd_B_plus_0p20,B,3,0.054761904761904817,0.20000000000000001,41168.025524457466,41078.802515415802,-0.0021672890041485454
0.022083333333333333,btd_B_plus_0p20,B,3,0.054761904761904817,0.20000000000000001,40103.665521216128,40000.624723947672,-0.0025693610778282426
0.024097222222222221,btd_B_plus_0p20,B,3,0.054761904761904817,0.20000000000000001,38741.103005943245,38625.002494987522,-0.0029968302899871439
0.026111111111111113,btd_B_plus_0p20,B,3,0.054761904761904817,0.20000000000000001,37178.341918562975,37050.138133330052,-0.0034483459621127309
0.028124999999999997,btd_B_plus_0p20,B,3,0.054761904761904817,0.20000000000000001,35494.578670905452,35355.344118460547,-0.003922699117965129
0.030138888888888889,btd_B_plus_0p20,B,3,0.054761904761904817,0.20000000000000001,33766.873872940683,33617.665696666663,-0.0044187737613930831
0.03215277777777778,btd_B_plus_0p20,B,3,0.054761904761904817,0.20000000000000001,32054.434820951014,31896.23004102286,-0.0049355036459650748
0.034166666666666665,btd_B_plus_0p20,B,3,0.054761904761904817,0.20000000000000001,30394.532102968096,30228.219882027122,-0.0054717809235409537
0.036180555555555556,btd_B_plus_0p20,B,3,0.054761904761904817,0.20000000000000001,28819.622802855592,28645.942275828602,-0.0060264677374535754
0.038194444444444448,btd_B_plus_0p20,B,3,0.054761904761904817,0.20000000000000001,27358.020589491964,27177.503126337717,-0.0065983378645303884
0.040208333333333332,btd_B_plus_0p20,B,3,0.054761904761904817,0.20000000000000001,26023.359984122879,25836.35435866809,-0.0071860676549409079
0.042222222222222223,btd_B_plus_0p20,B,3,0.054761904761904817,0.20000000000000001,24818.891885469166,24625.597114470067,-0.0077882111695835926
0.044236111111111115,btd_B_plus_0p20,B,3,0.054761904761904817,0.20000000000000001,23742.001563981416,23542.491957997729,-0.0084032344722931671
0.046249999999999999,btd_B_plus_0p20,B,3,0.054761904761904817,0.20000000000000001,22786.603388547002,22580.850720358845,-0.0090295453288826988
0.048263888888888891,btd_B_plus_0p20,B,3,0.054761904761904817,0.20000000000000001,21945.215138483531,21733.100373870846,-0.0096656498135995177
0.050277777777777775,btd_B_plus_0p20,B,3,0.054761904761904817,0.20000000000000001,21207.279046306059,20988.630461807268,-0.010310072500171861
0.052291666666666667,btd_B_plus_0p20,B,3,0.054761904761904817,0.20000000000000001,20557.516333807242,20332.17525968593,-0.010961493132841837
0.054305555555555558,btd_B_plus_0p20,B,3,0.054761904761904817,0.20000000000000001,19981.614511473068,19749.45237447921,-0.011618787704094446
0.056319444444444443,btd_B_plus_0p20,B,3,0.054761904761904817,0.20000000000000001,19464.634896756281,19225.590222751965,-0.012280973944399611
0.058333333333333334,btd_B_plus_0p20,B,3,0.054761904761904817,0.20000000000000001,18991.691511088102,18745.798498110613,-0.012947399278991389
0.060347222222222226,btd_B_plus_0p20,B,3,0.054761904761904817,0.20000000000000001,18549.256631069773,18296.659657199692,-0.013617633250433539
0.06236111111111111,btd_B_plus_0p20,B,3,0.054761904761904817,0.20000000000000001,18125.081149470621,17866.048921129805,-0.014291369302276605
0.064375000000000002,btd_B_plus_0p20,B,3,0.054761904761904817,0.20000000000000001,17708.408831647514,17443.337606636072,-0.014968664182731095
0.066388888888888886,btd_B_plus_0p20,B,3,0.054761904761904817,0.20000000000000001,17290.597273455809,17020.006311006648,-0.015649601813615049
0.068402777777777771,btd_B_plus_0p20,B,3,0.054761904761904817,0.20000000000000001,16865.234210765084,16589.749944660078,-0.016334446510630988
0.070416666666666669,btd_B_plus_0p20,B,3,0.054761904761904817,0.20000000000000001,16427.908106552262,16148.246264530733,-0.017023582077987525
0.072430555555555554,btd_B_plus_0p20,B,3,0.054761904761904817,0.20000000000000001,15976.741747577064,15693.676556245531,-0.01771732909023583
0.074444444444444438,btd_B_plus_0p20,B,3,0.054761904761904817,0.20000000000000001,15511.435726888223,15225.776108379039,-0.018416065639495167
0.076458333333333323,btd_B_plus_0p20,B,3,0.054761904761904817,0.20000000000000001,15033.963183946358,14746.513362362564,-0.019120029633353099
0.078472222222222221,btd_B_plus_0p20,B,3,0.054761904761904817,0.20000000000000001,14547.312156379023,14258.849557542129,-0.01982927125891102
0.080486111111111105,btd_B_plus_0p20,B,3,0.054761904761904817,0.20000000000000001,14055.960782062382,13767.198723629557,-0.0205437438898756
0.08249999999999999,btd_B_plus_0p20,B,3,0.054761904761904817,0.20000000000000001,13564.805352205651,13276.378910229487,-0.021262851510749137
0.084513888888888888,btd_B_plus_0p20,B,3,0.054761904761904817,0.20000000000000001,13079.260030608719,12791.697907557354,-0.021986115604277115
0.086527777777777773,btd_B_plus_0p20,B,3,0.054761904761904817,0.20000000000000001,12604.717354492932,12318.437562878706,-0.022712115120311072
0.088541666666666657,btd_B_plus_0p20,B,3,0.054761904761904817,0.20000000000000001,12146.03919741754,11861.33848184041,-0.023439798847155222
0.090555555555555542,btd_B_plus_0p20,B,3,0.054761904761904817,0.20000000000000001,11707.802021048044,11424.857663005279,-0.024167162848679331
0.09256944444444444,btd_B_plus_0p20,B,3,0.054761904761904817,0.20000000000000001,11293.506420438127,11012.383351666709,-0.024892452202680181
0.094583333333333325,btd_B_plus_0p20,B,3,0.054761904761904817,0.20000000000000001,10905.933260694259,10626.59088095629,-0.025613798751615187
0.096597222222222209,btd_B_plus_0p20,B,3,0.054761904761904817,0.20000000000000001,10547.062828581997,10269.369960445794,-0.026328928977617259
0.098611111111111108,btd_B_plus_0p20,B,3,0.054761904761904817,0.20000000000000001,10217.506885527357,9941.2617978501203,-0.027036447420312016
0.10062499999999999,btd_B_plus_0p20,B,3,0.054761904761904817,0.20000000000000001,9917.5747185926975,9642.5142837392414,-0.027734647094495215
0.10263888888888888,btd_B_plus_0p20,B,3,0.054761904761904817,0.20000000000000001,9646.3289064114288,9372.1583304641827,-0.02842227116732654
0.10465277777777778,btd_B_plus_0p20,B,3,0.054761904761904817,0.20000000000000001,9402.2514957171061,9128.6582743143335,-0.02909869210873578
0.10666666666666666,btd_B_plus_0p20,B,3,0.054761904761904817,0.20000000000000001,9183.526535192188,8910.1929881614469,-0.029763462432791994
0.10868055555555554,btd_B_plus_0p20,B,3,0.054761904761904817,0.20000000000000001,8987.5439967850725,8714.1771770638279,-0.030416187093941397
0.11069444444444444,btd_B_plus_0p20,B,3,0.054761904761904817,0.20000000000000001,8811.5845059017847,8537.9195291127598,-0.031057408188700994
0.11270833333333333,btd_B_plus_0p20,B,3,0.054761904761904817,0.20000000000000001,8652.787739910098,8378.6019114475894,-0.031687571301195171
0.11472222222222221,btd_B_plus_0p20,B,3,0.054761904761904817,0.20000000000000001,8508.0786220863047,8233.2113142500657,-0.032306625272914731
0.11673611111111111,btd_B_plus_0p20,B,3,0.054761904761904817,0.20000000000000001,8374.4015170252314,8098.7519355585764,-0.032915735041633365
0.11874999999999999,btd_B_plus_0p20,B,3,0.054761904761904817,0.20000000000000001,8248.9191830401505,7972.4512952078367,-0.03351564995335804
0.12076388888888888,btd_B_plus_0p20,B,3,0.054761904761904817,0.20000000000000001,8129.0377739333462,7851.786332470072,-0.034106304974041511
0.12277777777777778,btd_B_plus_0p20,B,3,0.054761904761904817,0.20000000000000001,8012.2116942904086,7734.2774720745965,-0.034688826608746628
0.12479166666666666,btd_B_plus_0p20,B,3,0.054761904761904817,0.20000000000000001,7896.3513444439322,7617.8933210689111,-0.03526413798329163
0.12680555555555556,btd_B_plus_0p20,B,3,0.054761904761904817,0.20000000000000001,7780.0112914265119,7501.238190042186,-0.035831966168420708
0.12881944444444443,btd_B_plus_0p20,B,3,0.054761904761904817,0.20000000000000001,7661.8091533312418,7382.974796126231,-0.03639275680519629
0.13083333333333333,btd_B_plus_0p20,B,3,0.054761904761904817,0.20000000000000001,7540.691203943079,7262.0830130330969,-0.03694730143097439
0.13284722222222223,btd_B_plus_0p20,B,3,0.054761904761904817,0.20000000000000001,7416.5316145480829,7138.4462658313596,-0.037495336522430242
0.1348611111111111,btd_B_plus_0p20,B,3,0.054761904761904817,0.20000000000000001,7289.3678813959777,7012.1060266091936,-0.038036474396417226
0.136875,btd_B_plus_0p20,B,3,0.054761904761904817,0.20000000000000001,7159.2838754400727,6883.1468968801728,-0.038570474835784622
0.1388888888888889,btd_B_plus_0p20,B,3,0.054761904761904817,0.20000000000000001,7026.9375624183385,6752.2040213238779,-0.039097193998677053
0.14090277777777779,btd_B_plus_0p20,B,3,0.054761904761904817,0.20000000000000001,6893.3349353474969,6620.2478773901057,-0.039616101715449964
0.14291666666666666,btd_B_plus_0p20,B,3,0.054761904761904817,0.20000000000000001,6759.4685587178719,6488.2376314288667,-0.040126072772273084
0.14493055555555556,btd_B_plus_0p20,B,3,0.054761904761904817,0.20000000000000001,6626.3349044740789,6357.1336138575916,-0.040625971143523627
0.14694444444444446,btd_B_plus_0p20,B,3,0.054761904761904817,0.20000000000000001,6494.9934515505402,6227.9457507643338,-0.041115930720831521
0.14895833333333333,btd_B_plus_0p20,B,3,0.054761904761904817,0.20000000000000001,6366.5041537536435,6101.6849652935816,-0.041595698685585006
0.15097222222222223,btd_B_plus_0p20,B,3,0.054761904761904817,0.20000000000000001,6241.9057960348564,5979.3448550283974,-0.042064226790037372
0.15298611111111113,btd_B_plus_0p20,B,3,0.054761904761904817,0.20000000000000001,6122.0238478451192,5861.7093678010569,-0.042520984320518443
0.155,btd_B_plus_0p20,B,3,0.054761904761904817,0.20000000000000001,6007.3200085147637,5749.2017894740238,-0.042967283027187428
0.1570138888888889,btd_B_plus_0p20,B,3,0.054761904761904817,0.20000000000000001,5898.2119404442592,5642.2041534519485,-0.043404304487069334
0.1590277777777778,btd_B_plus_0p20,B,3,0.054761904761904817,0.20000000000000001,5795.1066777933456,5541.0906400501781,-0.043832849310013307
0.16104166666666667,btd_B_plus_0p20,B,3,0.054761904761904817,0.20000000000000001,5698.1838443566803,5446.0182964236701,-0.044253670085205803
0.16305555555555556,btd_B_plus_0p20,B,3,0.054761904761904817,0.20000000000000001,5607.2177409970172,5356.7546427392172,-0.044667981488670593
0.16506944444444446,btd_B_plus_0p20,B,3,0.054761904761904817,0.20000000000000001,5521.9432920314466,5273.0299534857068,-0.045077126906561925
0.16708333333333333,btd_B_plus_0p20,B,3,0.054761904761904817,0.20000000000000001,5442.0998796182066,5194.5794581899981,-0.045482520884121184
0.16909722222222223,btd_B_plus_0p20,B,3,0.054761904761904817,0.20000000000000001,5367.3749404502341,5121.0924040548407,-0.045885100096013487
0.1711111111111111,btd_B_plus_0p20,B,3,0.054761904761904817,0.20000000000000001,5297.2674530839213,5052.0884378215014,-0.0462840544552236
0.173125,btd_B_plus_0p20,B,3,0.054761904761904817,0.20000000000000001,5231.2441796428566,4987.0579490668388,-0.046678423371299925
0.1751388888888889,btd_B_plus_0p20,B,3,0.054761904761904817,0.20000000000000001,5168.7833712644679,4925.5015617169402,-0.047067519002641493
0.17715277777777777,btd_B_plus_0p20,B,3,0.054761904761904817,0.20000000000000001,5109.3771854689658,4866.9328679218306,-0.047450855309066856
0.17916666666666667,btd_B_plus_0p20,B,3,0.054761904761904817,0.20000000000000001,5052.5480906483817,4810.8986294394672,-0.047827246148567433
0.18118055555555557,btd_B_plus_0p20,B,3,0.054761904761904817,0.20000000000000001,4997.8406339338644,4756.9690196210386,-0.048195137051265421
0.18319444444444444,btd_B_plus_0p20,B,3,0.054761904761904817,0.20000000000000001,4944.8078933590868,4704.7208041491058,-0.048553370401390065
0.18520833333333334,btd_B_plus_0p20,B,3,0.054761904761904817,0.20000000000000001,4893.0128050309158,4653.7386570109011,-0.048901189830117958
0.18722222222222223,btd_B_plus_0p20,B,3,0.054761904761904817,0.20000000000000001,4842.0643429895163,4603.65075697661,-0.049238004521374966
0.1892361111111111,btd_B_plus_0p20,B,3,0.054761904761904817,0.20000000000000001,4791.7567738539874,4554.2655498659324,-0.049562453854902565
0.19125,btd_B_plus_0p20,B,3,0.054761904761904817,0.20000000000000001,4741.9421938238993,4505.4469020663264,-0.04987308619358416
0.1932638888888889,btd_B_plus_0p20,B,3,0.054761904761904817,0.20000000000000001,4692.4740488173338,4457.0587911296861,-0.050168686121339442
0.19527777777777777,btd_B_plus_0p20,B,3,0.054761904761904817,0.20000000000000001,4643.208140864087,4408.9663698043005,-0.050448259899930917
0.19729166666666667,btd_B_plus_0p20,B,3,0.054761904761904817,0.20000000000000001,4594.0402789685031,4361.0700364540116,-0.050711406162681737
0.19930555555555557,btd_B_plus_0p20,B,3,0.054761904761904817,0.20000000000000001,4545.0209025263894,4313.4090087374589,-0.050959478241384332
0.20131944444444444,btd_B_plus_0p20,B,3,0.054761904761904817,0.20000000000000001,4496.2358664649746,4266.0542881720958,-0.051194284536912417
0.20333333333333334,btd_B_plus_0p20,B,3,0.054761904761904817,0.20000000000000001,4447.7649930923199,4219.071328825471,-0.051417659121384691
0.20534722222222224,btd_B_plus_0p20,B,3,0.054761904761904817,0.20000000000000001,4399.6817664588498,4172.5197173745837,-0.051631472716059841
0.20736111111111111,btd_B_plus_0p20,B,3,0.054761904761904817,0.20000000000000001,4352.0589069701819,4126.4585912435687,-0.051837606188026464
0.20937500000000001,btd_B_plus_0p20,B,3,0.054761904761904817,0.20000000000000001,4305.00890447038,4080.9864072306846,-0.052037638530100933
0.2113888888888889,btd_B_plus_0p20,B,3,0.054761904761904817,0.20000000000000001,4258.6626583458074,4036.2206785705403,-0.052232824626139852
0.21340277777777777,btd_B_plus_0p20,B,3,0.054761904761904817,0.20000000000000001,4213.1483122408117,3992.2773962709111,-0.052424196729126731
0.21541666666666667,btd_B_plus_0p20,B,3,0.054761904761904817,0.20000000000000001,4168.5902529104014,3949.2699738747269,-0.052612577809140817
0.21743055555555557,btd_B_plus_0p20,B,3,0.054761904761904817,0.20000000000000001,4125.1078410636756,3907.3079526242709,-0.052798592626185518
0.21944444444444444,btd_B_plus_0p20,B,3,0.054761904761904817,0.20000000000000001,4082.781947999933,3866.4656793882627,-0.052982567123781597
0.22145833333333334,btd_B_plus_0p20,B,3,0.054761904761904817,0.20000000000000001,4041.6365633163855,3826.7651197073337,-0.053164464504135894
0.22347222222222224,btd_B_plus_0p20,B,3,0.054761904761904817,0.20000000000000001,4001.6923281999279,3788.2257884275909,-0.053344066026275477
0.22548611111111111,btd_B_plus_0p20,B,3,0.054761904761904817,0.20000000000000001,3962.9715347825299,3750.8693558947461,-0.053520994795493278
0.22750000000000001,btd_B_plus_0p20,B,3,0.054761904761904817,0.20000000000000001,3925.4977059658809,3714.719198090751,-0.053694721959662232
0.22951388888888891,btd_B_plus_0p20,B,3,0.054761904761904817,0.20000000000000001,3889.2920361670203,3679.7969045751483,-0.053864592744322148
0.23152777777777778,btd_B_plus_0p20,B,3,0.054761904761904817,0.20000000000000001,3854.3142846667838,3646.0648108310643,-0.054030226508558647
0.23354166666666668,btd_B_plus_0p20,B,3,0.054761904761904817,0.20000000000000001,3820.4691490860296,3613.4317107325896,-0.054191626806610778
0.23555555555555557,btd_B_plus_0p20,B,3,0.054761904761904817,0.20000000000000001,3787.6614487248089,3581.8062056548197,-0.054348902576626661
0.23756944444444444,btd_B_plus_0p20,B,3,0.054761904761904817,0.20000000000000001,3755.798398972559,3551.0989298651002,-0.054502251548820248
0.23958333333333334,btd_B_plus_0p20,B,3,0.054761904761904817,0.20000000000000001,3724.7897821112051,3521.2227382132673,-0.054651955091692794
0.24159722222222221,btd_B_plus_0p20,B,3,0.054761904761904817,0.20000000000000001,3694.5483229496031,3492.0931435409757,-0.054798357393521374
0.24361111111111111,btd_B_plus_0p20,B,3,0.054761904761904817,0.20000000000000001,3664.9957017512688,3463.6355666927379,-0.05494143825661614
0.24562500000000001,btd_B_plus_0p20,B,3,0.054761904761904817,0.20000000000000001,3636.0616446124495,3435.7844465167941,-0.055080803812115241
0.24763888888888888,btd_B_plus_0p20,B,3,0.054761904761904817,0.20000000000000001,3607.6764520453798,3408.4743325644667,-0.055216181974404893
0.24965277777777778,btd_B_plus_0p20,B,3,0.054761904761904817,0.20000000000000001,3579.7710007771675,3381.6398377301421,-0.055347440661430915
0.25166666666666665,btd_B_plus_0p20,B,3,0.054761904761904817,0.20000000000000001,3552.2771218367707,3355.2160465365823,-0.055474578289177581
0.25368055555555552,btd_B_plus_0p20,B,3,0.054761904761904817,0.20000000000000001,3525.127941667959,3329.1388854885017,-0.055597714302171565
0.25569444444444445,btd_B_plus_0p20,B,3,0.054761904761904817,0.20000000000000001,3498.2728446841916,3303.3597554579815,-0.055716948871609807
0.25770833333333332,btd_B_plus_0p20,B,3,0.054761904761904817,0.20000000000000001,3471.712850898396,3277.880176560242,-0.055832000704780275
0.25972222222222219,btd_B_plus_0p20,B,3,0.054761904761904817,0.20000000000000001,3445.4590935140532,3252.7114590116389,-0.055942511366701295
0.26173611111111111,btd_B_plus_0p20,B,3,0.054761904761904817,0.20000000000000001,3419.5216668956914,3227.8638513897777,-0.056048136018949236
0.26374999999999998,btd_B_plus_0p20,B,3,0.054761904761904817,0.20000000000000001,3393.9097447091644,3203.3466621192224,-0.056148541630199431
0.26576388888888891,btd_B_plus_0p20,B,3,0.054761904761904817,0.20000000000000001,3368.6316913848746,3179.1683741002034,-0.056243405228661572
0.26777777777777778,btd_B_plus_0p20,B,3,0.054761904761904817,0.20000000000000001,3343.6952433928604,3155.336817386617,-0.056332414378505211
0.26979166666666665,btd_B_plus_0p20,B,3,0.054761904761904817,0.20000000000000001,3319.1136512149651,3131.8644314065964,-0.056415428781664625
0.27180555555555558,btd_B_plus_0p20,B,3,0.054761904761904817,0.20000000000000001,3294.9103402966357,3108.7724402485524,-0.056492553916148637
0.27381944444444445,btd_B_plus_0p20,B,3,0.054761904761904817,0.20000000000000001,3271.1096134029176,3086.0830699198377,-0.056563846935901906
0.27583333333333332,btd_B_plus_0p20,B,3,0.054761904761904817,0.20000000000000001,3247.735479308255,3063.8185191931025,-0.056629291790206246
0.27784722222222225,btd_B_plus_0p20,B,3,0.054761904761904817,0.20000000000000001,3224.8115094687728,3042.0007997377802,-0.056688804661673767
0.27986111111111112,btd_B_plus_0p20,B,3,0.054761904761904817,0.20000000000000001,3202.3607131025065,3020.6515952836444,-0.056742239272233298
0.28187499999999999,btd_B_plus_0p20,B,3,0.054761904761904817,0.20000000000000001,3180.4053678066675,2999.7920761238493,-0.056789393424831344
0.28388888888888891,btd_B_plus_0p20,B,3,0.054761904761904817,0.20000000000000001,3158.9508712465472,2979.4265145093345,-0.056830373137892742
0.28590277777777778,btd_B_plus_0p20,B,3,0.054761904761904817,0.20000000000000001,3137.9648510459365,2959.5210362274497,-0.056866097387613647
0.28791666666666665,btd_B_plus_0p20,B,3,0.054761904761904817,0.20000000000000001,3117.4101805672572,2940.0370143484779,-0.056897602800060045
0.28993055555555558,btd_B_plus_0p20,B,3,0.054761904761904817,0.20000000000000001,3097.2503068108463,2920.9364604229086,-0.056925927491305421
0.29194444444444445,btd_B_plus_0p20,B,3,0.054761904761904817,0.20000000000000001,3077.4491539465116,2902.1819228763857,-0.056952112708463037
0.29395833333333332,btd_B_plus_0p20,B,3,0.054761904761904817,0.20000000000000001,3057.9710349496213,2883.7363937530049,-0.056977204559913966
0.29597222222222225,btd_B_plus_0p20,B,3,0.054761904761904817,0.20000000000000001,3038.7805709089298,2865.563223368817,-0.057002255838532537
0.29798611111111112,btd_B_plus_0p20,B,3,0.054761904761904817,0.20000000000000001,3019.8441264740777,2847.6277121333223,-0.057028246203499423
0.29999999999999999,btd_B_plus_0p20,B,3,0.054761904761904817,0.20000000000000001,3001.1444588806617,2829.9132830288127,-0.057055292805103151
